reason,sequence,source
length_out_of_range,NGVQPKY,amp_diffusion_train_eval
length_out_of_range,NGVQPKY,amp_diffusion_train_eval
length_out_of_range,NGVQPKY,amp_diffusion_train_eval
length_out_of_range,NGVQPKY,amp_diffusion_train_eval
length_out_of_range,NGVQPKY,amp_diffusion_train_eval
length_out_of_range,NGVQPKY,amp_diffusion_train_eval
length_out_of_range,NGVQPKY,amp_diffusion_train_eval
length_out_of_range,NGVQPKY,amp_diffusion_train_eval
length_out_of_range,NGVQPKY,amp_diffusion_train_eval
length_out_of_range,NGVQPKY,amp_diffusion_train_eval
length_out_of_range,NGVQPKY,amp_diffusion_train_eval
length_out_of_range,RRVRVRR,amp_diffusion_train_eval
length_out_of_range,RRVRVRR,amp_diffusion_train_eval
length_out_of_range,RRVRVRR,amp_diffusion_train_eval
length_out_of_range,RRVRVRR,amp_diffusion_train_eval
length_out_of_range,RRVRVRR,amp_diffusion_train_eval
length_out_of_range,RRVRVRR,amp_diffusion_train_eval
length_out_of_range,RRVRVRR,amp_diffusion_train_eval
length_out_of_range,RRVRVRR,amp_diffusion_train_eval
length_out_of_range,RRVRVRR,amp_diffusion_train_eval
length_out_of_range,RRVRVRR,amp_diffusion_train_eval
length_out_of_range,RRVRVRR,amp_diffusion_train_eval
length_out_of_range,CVHAYRS,amp_diffusion_train_eval
length_out_of_range,CVHAYRS,amp_diffusion_train_eval
length_out_of_range,CVHAYRS,amp_diffusion_train_eval
length_out_of_range,CVHAYRS,amp_diffusion_train_eval
length_out_of_range,CVHAYRS,amp_diffusion_train_eval
length_out_of_range,CVHAYRS,amp_diffusion_train_eval
length_out_of_range,CVHAYRS,amp_diffusion_train_eval
length_out_of_range,CVHAYRS,amp_diffusion_train_eval
length_out_of_range,CVHAYRS,amp_diffusion_train_eval
length_out_of_range,CVHAYRS,amp_diffusion_train_eval
length_out_of_range,CVHAYRS,amp_diffusion_train_eval
length_out_of_range,HPQYAQR,amp_diffusion_train_eval
length_out_of_range,HPQYAQR,amp_diffusion_train_eval
length_out_of_range,HPQYAQR,amp_diffusion_train_eval
length_out_of_range,HPQYAQR,amp_diffusion_train_eval
length_out_of_range,HPQYAQR,amp_diffusion_train_eval
length_out_of_range,HPQYAQR,amp_diffusion_train_eval
length_out_of_range,HPQYAQR,amp_diffusion_train_eval
length_out_of_range,HPQYAQR,amp_diffusion_train_eval
length_out_of_range,HPQYAQR,amp_diffusion_train_eval
length_out_of_range,HPQYAQR,amp_diffusion_train_eval
length_out_of_range,HPQYAQR,amp_diffusion_train_eval
length_out_of_range,MEHFRWG,amp_diffusion_train_eval
length_out_of_range,MEHFRWG,amp_diffusion_train_eval
length_out_of_range,MEHFRWG,amp_diffusion_train_eval
length_out_of_range,MEHFRWG,amp_diffusion_train_eval
length_out_of_range,MEHFRWG,amp_diffusion_train_eval
length_out_of_range,MEHFRWG,amp_diffusion_train_eval
length_out_of_range,MEHFRWG,amp_diffusion_train_eval
length_out_of_range,MEHFRWG,amp_diffusion_train_eval
length_out_of_range,MEHFRWG,amp_diffusion_train_eval
length_out_of_range,MEHFRWG,amp_diffusion_train_eval
length_out_of_range,MEHFRWG,amp_diffusion_train_eval
length_out_of_range,YSLQM,amp_diffusion_train_eval
length_out_of_range,YSLQM,amp_diffusion_train_eval
length_out_of_range,YSLQM,amp_diffusion_train_eval
length_out_of_range,YSLQM,amp_diffusion_train_eval
length_out_of_range,YSLQM,amp_diffusion_train_eval
length_out_of_range,YSLQM,amp_diffusion_train_eval
length_out_of_range,YSLQM,amp_diffusion_train_eval
length_out_of_range,YSLQM,amp_diffusion_train_eval
length_out_of_range,YSLQM,amp_diffusion_train_eval
length_out_of_range,YSLQM,amp_diffusion_train_eval
length_out_of_range,YSLQM,amp_diffusion_train_eval
length_out_of_range,WP,amp_diffusion_train_eval
length_out_of_range,WP,amp_diffusion_train_eval
length_out_of_range,WP,amp_diffusion_train_eval
length_out_of_range,WP,amp_diffusion_train_eval
length_out_of_range,WP,amp_diffusion_train_eval
length_out_of_range,WP,amp_diffusion_train_eval
length_out_of_range,WP,amp_diffusion_train_eval
length_out_of_range,WP,amp_diffusion_train_eval
length_out_of_range,WP,amp_diffusion_train_eval
length_out_of_range,WP,amp_diffusion_train_eval
length_out_of_range,WP,amp_diffusion_train_eval
length_out_of_range,LMRIR,amp_diffusion_train_eval
length_out_of_range,LMRIR,amp_diffusion_train_eval
length_out_of_range,LMRIR,amp_diffusion_train_eval
length_out_of_range,LMRIR,amp_diffusion_train_eval
length_out_of_range,LMRIR,amp_diffusion_train_eval
length_out_of_range,LMRIR,amp_diffusion_train_eval
length_out_of_range,LMRIR,amp_diffusion_train_eval
length_out_of_range,LMRIR,amp_diffusion_train_eval
length_out_of_range,LMRIR,amp_diffusion_train_eval
length_out_of_range,LMRIR,amp_diffusion_train_eval
length_out_of_range,LMRIR,amp_diffusion_train_eval
length_out_of_range,HPLYNQR,amp_diffusion_train_eval
length_out_of_range,HPLYNQR,amp_diffusion_train_eval
length_out_of_range,HPLYNQR,amp_diffusion_train_eval
length_out_of_range,HPLYNQR,amp_diffusion_train_eval
length_out_of_range,HPLYNQR,amp_diffusion_train_eval
length_out_of_range,HPLYNQR,amp_diffusion_train_eval
length_out_of_range,HPLYNQR,amp_diffusion_train_eval
length_out_of_range,HPLYNQR,amp_diffusion_train_eval
length_out_of_range,HPLYNQR,amp_diffusion_train_eval
length_out_of_range,HPLYNQR,amp_diffusion_train_eval
length_out_of_range,HPLYNQR,amp_diffusion_train_eval
length_out_of_range,FFWRRVK,amp_diffusion_train_eval
length_out_of_range,FFWRRVK,amp_diffusion_train_eval
length_out_of_range,FFWRRVK,amp_diffusion_train_eval
length_out_of_range,FFWRRVK,amp_diffusion_train_eval
length_out_of_range,FFWRRVK,amp_diffusion_train_eval
length_out_of_range,FFWRRVK,amp_diffusion_train_eval
length_out_of_range,FFWRRVK,amp_diffusion_train_eval
length_out_of_range,FFWRRVK,amp_diffusion_train_eval
length_out_of_range,FFWRRVK,amp_diffusion_train_eval
length_out_of_range,FFWRRVK,amp_diffusion_train_eval
length_out_of_range,FFWRRVK,amp_diffusion_train_eval
length_out_of_range,TVVTNA,amp_diffusion_train_eval
length_out_of_range,TVVTNA,amp_diffusion_train_eval
length_out_of_range,TVVTNA,amp_diffusion_train_eval
length_out_of_range,TVVTNA,amp_diffusion_train_eval
length_out_of_range,TVVTNA,amp_diffusion_train_eval
length_out_of_range,TVVTNA,amp_diffusion_train_eval
length_out_of_range,TVVTNA,amp_diffusion_train_eval
length_out_of_range,TVVTNA,amp_diffusion_train_eval
length_out_of_range,TVVTNA,amp_diffusion_train_eval
length_out_of_range,TVVTNA,amp_diffusion_train_eval
length_out_of_range,TVVTNA,amp_diffusion_train_eval
length_out_of_range,KDEL,amp_diffusion_train_eval
length_out_of_range,KDEL,amp_diffusion_train_eval
length_out_of_range,KDEL,amp_diffusion_train_eval
length_out_of_range,KDEL,amp_diffusion_train_eval
length_out_of_range,KDEL,amp_diffusion_train_eval
length_out_of_range,KDEL,amp_diffusion_train_eval
length_out_of_range,KDEL,amp_diffusion_train_eval
length_out_of_range,KDEL,amp_diffusion_train_eval
length_out_of_range,KDEL,amp_diffusion_train_eval
length_out_of_range,KDEL,amp_diffusion_train_eval
length_out_of_range,KDEL,amp_diffusion_train_eval
length_out_of_range,CASYFC,amp_diffusion_train_eval
length_out_of_range,CASYFC,amp_diffusion_train_eval
length_out_of_range,CASYFC,amp_diffusion_train_eval
length_out_of_range,CASYFC,amp_diffusion_train_eval
length_out_of_range,CASYFC,amp_diffusion_train_eval
length_out_of_range,CASYFC,amp_diffusion_train_eval
length_out_of_range,CASYFC,amp_diffusion_train_eval
length_out_of_range,CASYFC,amp_diffusion_train_eval
length_out_of_range,CASYFC,amp_diffusion_train_eval
length_out_of_range,CASYFC,amp_diffusion_train_eval
length_out_of_range,CASYFC,amp_diffusion_train_eval
length_out_of_range,RRRWWWR,amp_diffusion_train_eval
length_out_of_range,RRRWWWR,amp_diffusion_train_eval
length_out_of_range,RRRWWWR,amp_diffusion_train_eval
length_out_of_range,RRRWWWR,amp_diffusion_train_eval
length_out_of_range,RRRWWWR,amp_diffusion_train_eval
length_out_of_range,RRRWWWR,amp_diffusion_train_eval
length_out_of_range,RRRWWWR,amp_diffusion_train_eval
length_out_of_range,RRRWWWR,amp_diffusion_train_eval
length_out_of_range,RRRWWWR,amp_diffusion_train_eval
length_out_of_range,RRRWWWR,amp_diffusion_train_eval
length_out_of_range,RRRWWWR,amp_diffusion_train_eval
length_out_of_range,PFVFLM,amp_diffusion_train_eval
length_out_of_range,PFVFLM,amp_diffusion_train_eval
length_out_of_range,PFVFLM,amp_diffusion_train_eval
length_out_of_range,PFVFLM,amp_diffusion_train_eval
length_out_of_range,PFVFLM,amp_diffusion_train_eval
length_out_of_range,PFVFLM,amp_diffusion_train_eval
length_out_of_range,PFVFLM,amp_diffusion_train_eval
length_out_of_range,PFVFLM,amp_diffusion_train_eval
length_out_of_range,PFVFLM,amp_diffusion_train_eval
length_out_of_range,PFVFLM,amp_diffusion_train_eval
length_out_of_range,PFVFLM,amp_diffusion_train_eval
length_out_of_range,ANYYSY,amp_diffusion_train_eval
length_out_of_range,ANYYSY,amp_diffusion_train_eval
length_out_of_range,ANYYSY,amp_diffusion_train_eval
length_out_of_range,ANYYSY,amp_diffusion_train_eval
length_out_of_range,ANYYSY,amp_diffusion_train_eval
length_out_of_range,ANYYSY,amp_diffusion_train_eval
length_out_of_range,ANYYSY,amp_diffusion_train_eval
length_out_of_range,ANYYSY,amp_diffusion_train_eval
length_out_of_range,ANYYSY,amp_diffusion_train_eval
length_out_of_range,ANYYSY,amp_diffusion_train_eval
length_out_of_range,ANYYSY,amp_diffusion_train_eval
length_out_of_range,RKRKK,amp_diffusion_train_eval
length_out_of_range,RKRKK,amp_diffusion_train_eval
length_out_of_range,RKRKK,amp_diffusion_train_eval
length_out_of_range,RKRKK,amp_diffusion_train_eval
length_out_of_range,RKRKK,amp_diffusion_train_eval
length_out_of_range,RKRKK,amp_diffusion_train_eval
length_out_of_range,RKRKK,amp_diffusion_train_eval
length_out_of_range,RKRKK,amp_diffusion_train_eval
length_out_of_range,RKRKK,amp_diffusion_train_eval
length_out_of_range,RKRKK,amp_diffusion_train_eval
length_out_of_range,RKRKK,amp_diffusion_train_eval
length_out_of_range,RRWQWR,amp_diffusion_train_eval
length_out_of_range,RRWQWR,amp_diffusion_train_eval
length_out_of_range,RRWQWR,amp_diffusion_train_eval
length_out_of_range,RRWQWR,amp_diffusion_train_eval
length_out_of_range,RRWQWR,amp_diffusion_train_eval
length_out_of_range,RRWQWR,amp_diffusion_train_eval
length_out_of_range,RRWQWR,amp_diffusion_train_eval
length_out_of_range,RRWQWR,amp_diffusion_train_eval
length_out_of_range,RRWQWR,amp_diffusion_train_eval
length_out_of_range,RRWQWR,amp_diffusion_train_eval
length_out_of_range,RRWQWR,amp_diffusion_train_eval
length_out_of_range,LLSHSL,amp_diffusion_train_eval
length_out_of_range,LLSHSL,amp_diffusion_train_eval
length_out_of_range,LLSHSL,amp_diffusion_train_eval
length_out_of_range,LLSHSL,amp_diffusion_train_eval
length_out_of_range,LLSHSL,amp_diffusion_train_eval
length_out_of_range,LLSHSL,amp_diffusion_train_eval
length_out_of_range,LLSHSL,amp_diffusion_train_eval
length_out_of_range,LLSHSL,amp_diffusion_train_eval
length_out_of_range,LLSHSL,amp_diffusion_train_eval
length_out_of_range,LLSHSL,amp_diffusion_train_eval
length_out_of_range,LLSHSL,amp_diffusion_train_eval
length_out_of_range,KCCYSL,amp_diffusion_train_eval
length_out_of_range,KCCYSL,amp_diffusion_train_eval
length_out_of_range,KCCYSL,amp_diffusion_train_eval
length_out_of_range,KCCYSL,amp_diffusion_train_eval
length_out_of_range,KCCYSL,amp_diffusion_train_eval
length_out_of_range,KCCYSL,amp_diffusion_train_eval
length_out_of_range,KCCYSL,amp_diffusion_train_eval
length_out_of_range,KCCYSL,amp_diffusion_train_eval
length_out_of_range,KCCYSL,amp_diffusion_train_eval
length_out_of_range,KCCYSL,amp_diffusion_train_eval
length_out_of_range,KCCYSL,amp_diffusion_train_eval
length_out_of_range,IWVIWRR,amp_diffusion_train_eval
length_out_of_range,IWVIWRR,amp_diffusion_train_eval
length_out_of_range,IWVIWRR,amp_diffusion_train_eval
length_out_of_range,IWVIWRR,amp_diffusion_train_eval
length_out_of_range,IWVIWRR,amp_diffusion_train_eval
length_out_of_range,IWVIWRR,amp_diffusion_train_eval
length_out_of_range,IWVIWRR,amp_diffusion_train_eval
length_out_of_range,IWVIWRR,amp_diffusion_train_eval
length_out_of_range,IWVIWRR,amp_diffusion_train_eval
length_out_of_range,IWVIWRR,amp_diffusion_train_eval
length_out_of_range,IWVIWRR,amp_diffusion_train_eval
length_out_of_range,VTC,amp_diffusion_train_eval
length_out_of_range,VTC,amp_diffusion_train_eval
length_out_of_range,VTC,amp_diffusion_train_eval
length_out_of_range,VTC,amp_diffusion_train_eval
length_out_of_range,VTC,amp_diffusion_train_eval
length_out_of_range,VTC,amp_diffusion_train_eval
length_out_of_range,VTC,amp_diffusion_train_eval
length_out_of_range,VTC,amp_diffusion_train_eval
length_out_of_range,VTC,amp_diffusion_train_eval
length_out_of_range,VTC,amp_diffusion_train_eval
length_out_of_range,VTC,amp_diffusion_train_eval
length_out_of_range,SISLL,amp_diffusion_train_eval
length_out_of_range,SISLL,amp_diffusion_train_eval
length_out_of_range,SISLL,amp_diffusion_train_eval
length_out_of_range,SISLL,amp_diffusion_train_eval
length_out_of_range,SISLL,amp_diffusion_train_eval
length_out_of_range,SISLL,amp_diffusion_train_eval
length_out_of_range,SISLL,amp_diffusion_train_eval
length_out_of_range,SISLL,amp_diffusion_train_eval
length_out_of_range,SISLL,amp_diffusion_train_eval
length_out_of_range,SISLL,amp_diffusion_train_eval
length_out_of_range,SISLL,amp_diffusion_train_eval
length_out_of_range,RRRWFW,amp_diffusion_train_eval
length_out_of_range,RRRWFW,amp_diffusion_train_eval
length_out_of_range,RRRWFW,amp_diffusion_train_eval
length_out_of_range,RRRWFW,amp_diffusion_train_eval
length_out_of_range,RRRWFW,amp_diffusion_train_eval
length_out_of_range,RRRWFW,amp_diffusion_train_eval
length_out_of_range,RRRWFW,amp_diffusion_train_eval
length_out_of_range,RRRWFW,amp_diffusion_train_eval
length_out_of_range,RRRWFW,amp_diffusion_train_eval
length_out_of_range,RRRWFW,amp_diffusion_train_eval
length_out_of_range,RRRWFW,amp_diffusion_train_eval
length_out_of_range,CVHSYRS,amp_diffusion_train_eval
length_out_of_range,CVHSYRS,amp_diffusion_train_eval
length_out_of_range,CVHSYRS,amp_diffusion_train_eval
length_out_of_range,CVHSYRS,amp_diffusion_train_eval
length_out_of_range,CVHSYRS,amp_diffusion_train_eval
length_out_of_range,CVHSYRS,amp_diffusion_train_eval
length_out_of_range,CVHSYRS,amp_diffusion_train_eval
length_out_of_range,CVHSYRS,amp_diffusion_train_eval
length_out_of_range,CVHSYRS,amp_diffusion_train_eval
length_out_of_range,CVHSYRS,amp_diffusion_train_eval
length_out_of_range,CVHSYRS,amp_diffusion_train_eval
length_out_of_range,DDDY,amp_diffusion_train_eval
length_out_of_range,DDDY,amp_diffusion_train_eval
length_out_of_range,DDDY,amp_diffusion_train_eval
length_out_of_range,DDDY,amp_diffusion_train_eval
length_out_of_range,DDDY,amp_diffusion_train_eval
length_out_of_range,DDDY,amp_diffusion_train_eval
length_out_of_range,DDDY,amp_diffusion_train_eval
length_out_of_range,DDDY,amp_diffusion_train_eval
length_out_of_range,DDDY,amp_diffusion_train_eval
length_out_of_range,DDDY,amp_diffusion_train_eval
length_out_of_range,DDDY,amp_diffusion_train_eval
length_out_of_range,IVVIRV,amp_diffusion_train_eval
length_out_of_range,IVVIRV,amp_diffusion_train_eval
length_out_of_range,IVVIRV,amp_diffusion_train_eval
length_out_of_range,IVVIRV,amp_diffusion_train_eval
length_out_of_range,IVVIRV,amp_diffusion_train_eval
length_out_of_range,IVVIRV,amp_diffusion_train_eval
length_out_of_range,IVVIRV,amp_diffusion_train_eval
length_out_of_range,IVVIRV,amp_diffusion_train_eval
length_out_of_range,IVVIRV,amp_diffusion_train_eval
length_out_of_range,IVVIRV,amp_diffusion_train_eval
length_out_of_range,IVVIRV,amp_diffusion_train_eval
length_out_of_range,FPPWVL,amp_diffusion_train_eval
length_out_of_range,FPPWVL,amp_diffusion_train_eval
length_out_of_range,FPPWVL,amp_diffusion_train_eval
length_out_of_range,FPPWVL,amp_diffusion_train_eval
length_out_of_range,FPPWVL,amp_diffusion_train_eval
length_out_of_range,FPPWVL,amp_diffusion_train_eval
length_out_of_range,FPPWVL,amp_diffusion_train_eval
length_out_of_range,FPPWVL,amp_diffusion_train_eval
length_out_of_range,FPPWVL,amp_diffusion_train_eval
length_out_of_range,FPPWVL,amp_diffusion_train_eval
length_out_of_range,FPPWVL,amp_diffusion_train_eval
length_out_of_range,WLLVNK,amp_diffusion_train_eval
length_out_of_range,WLLVNK,amp_diffusion_train_eval
length_out_of_range,WLLVNK,amp_diffusion_train_eval
length_out_of_range,WLLVNK,amp_diffusion_train_eval
length_out_of_range,WLLVNK,amp_diffusion_train_eval
length_out_of_range,WLLVNK,amp_diffusion_train_eval
length_out_of_range,WLLVNK,amp_diffusion_train_eval
length_out_of_range,WLLVNK,amp_diffusion_train_eval
length_out_of_range,WLLVNK,amp_diffusion_train_eval
length_out_of_range,WLLVNK,amp_diffusion_train_eval
length_out_of_range,WLLVNK,amp_diffusion_train_eval
length_out_of_range,GPGTTK,amp_diffusion_train_eval
length_out_of_range,GPGTTK,amp_diffusion_train_eval
length_out_of_range,GPGTTK,amp_diffusion_train_eval
length_out_of_range,GPGTTK,amp_diffusion_train_eval
length_out_of_range,GPGTTK,amp_diffusion_train_eval
length_out_of_range,GPGTTK,amp_diffusion_train_eval
length_out_of_range,GPGTTK,amp_diffusion_train_eval
length_out_of_range,GPGTTK,amp_diffusion_train_eval
length_out_of_range,GPGTTK,amp_diffusion_train_eval
length_out_of_range,GPGTTK,amp_diffusion_train_eval
length_out_of_range,GPGTTK,amp_diffusion_train_eval
length_out_of_range,LLSRVD,amp_diffusion_train_eval
length_out_of_range,LLSRVD,amp_diffusion_train_eval
length_out_of_range,LLSRVD,amp_diffusion_train_eval
length_out_of_range,LLSRVD,amp_diffusion_train_eval
length_out_of_range,LLSRVD,amp_diffusion_train_eval
length_out_of_range,LLSRVD,amp_diffusion_train_eval
length_out_of_range,LLSRVD,amp_diffusion_train_eval
length_out_of_range,LLSRVD,amp_diffusion_train_eval
length_out_of_range,LLSRVD,amp_diffusion_train_eval
length_out_of_range,LLSRVD,amp_diffusion_train_eval
length_out_of_range,LLSRVD,amp_diffusion_train_eval
length_out_of_range,CKYKWR,amp_diffusion_train_eval
length_out_of_range,CKYKWR,amp_diffusion_train_eval
length_out_of_range,CKYKWR,amp_diffusion_train_eval
length_out_of_range,CKYKWR,amp_diffusion_train_eval
length_out_of_range,CKYKWR,amp_diffusion_train_eval
length_out_of_range,CKYKWR,amp_diffusion_train_eval
length_out_of_range,CKYKWR,amp_diffusion_train_eval
length_out_of_range,CKYKWR,amp_diffusion_train_eval
length_out_of_range,CKYKWR,amp_diffusion_train_eval
length_out_of_range,CKYKWR,amp_diffusion_train_eval
length_out_of_range,CKYKWR,amp_diffusion_train_eval
length_out_of_range,VDELLSR,amp_diffusion_train_eval
length_out_of_range,VDELLSR,amp_diffusion_train_eval
length_out_of_range,VDELLSR,amp_diffusion_train_eval
length_out_of_range,VDELLSR,amp_diffusion_train_eval
length_out_of_range,VDELLSR,amp_diffusion_train_eval
length_out_of_range,VDELLSR,amp_diffusion_train_eval
length_out_of_range,VDELLSR,amp_diffusion_train_eval
length_out_of_range,VDELLSR,amp_diffusion_train_eval
length_out_of_range,VDELLSR,amp_diffusion_train_eval
length_out_of_range,VDELLSR,amp_diffusion_train_eval
length_out_of_range,VDELLSR,amp_diffusion_train_eval
length_out_of_range,WLIING,amp_diffusion_train_eval
length_out_of_range,WLIING,amp_diffusion_train_eval
length_out_of_range,WLIING,amp_diffusion_train_eval
length_out_of_range,WLIING,amp_diffusion_train_eval
length_out_of_range,WLIING,amp_diffusion_train_eval
length_out_of_range,WLIING,amp_diffusion_train_eval
length_out_of_range,WLIING,amp_diffusion_train_eval
length_out_of_range,WLIING,amp_diffusion_train_eval
length_out_of_range,WLIING,amp_diffusion_train_eval
length_out_of_range,WLIING,amp_diffusion_train_eval
length_out_of_range,WLIING,amp_diffusion_train_eval
length_out_of_range,TSKYR,amp_diffusion_train_eval
length_out_of_range,TSKYR,amp_diffusion_train_eval
length_out_of_range,TSKYR,amp_diffusion_train_eval
length_out_of_range,TSKYR,amp_diffusion_train_eval
length_out_of_range,TSKYR,amp_diffusion_train_eval
length_out_of_range,TSKYR,amp_diffusion_train_eval
length_out_of_range,TSKYR,amp_diffusion_train_eval
length_out_of_range,TSKYR,amp_diffusion_train_eval
length_out_of_range,TSKYR,amp_diffusion_train_eval
length_out_of_range,TSKYR,amp_diffusion_train_eval
length_out_of_range,TSKYR,amp_diffusion_train_eval
length_out_of_range,NDFRSKT,amp_diffusion_train_eval
length_out_of_range,NDFRSKT,amp_diffusion_train_eval
length_out_of_range,NDFRSKT,amp_diffusion_train_eval
length_out_of_range,NDFRSKT,amp_diffusion_train_eval
length_out_of_range,NDFRSKT,amp_diffusion_train_eval
length_out_of_range,NDFRSKT,amp_diffusion_train_eval
length_out_of_range,NDFRSKT,amp_diffusion_train_eval
length_out_of_range,NDFRSKT,amp_diffusion_train_eval
length_out_of_range,NDFRSKT,amp_diffusion_train_eval
length_out_of_range,NDFRSKT,amp_diffusion_train_eval
length_out_of_range,NDFRSKT,amp_diffusion_train_eval
length_out_of_range,RRKGKEK,amp_diffusion_train_eval
length_out_of_range,RRKGKEK,amp_diffusion_train_eval
length_out_of_range,RRKGKEK,amp_diffusion_train_eval
length_out_of_range,RRKGKEK,amp_diffusion_train_eval
length_out_of_range,RRKGKEK,amp_diffusion_train_eval
length_out_of_range,RRKGKEK,amp_diffusion_train_eval
length_out_of_range,RRKGKEK,amp_diffusion_train_eval
length_out_of_range,RRKGKEK,amp_diffusion_train_eval
length_out_of_range,RRKGKEK,amp_diffusion_train_eval
length_out_of_range,RRKGKEK,amp_diffusion_train_eval
length_out_of_range,RRKGKEK,amp_diffusion_train_eval
length_out_of_range,LVRLA,amp_diffusion_train_eval
length_out_of_range,LVRLA,amp_diffusion_train_eval
length_out_of_range,LVRLA,amp_diffusion_train_eval
length_out_of_range,LVRLA,amp_diffusion_train_eval
length_out_of_range,LVRLA,amp_diffusion_train_eval
length_out_of_range,LVRLA,amp_diffusion_train_eval
length_out_of_range,LVRLA,amp_diffusion_train_eval
length_out_of_range,LVRLA,amp_diffusion_train_eval
length_out_of_range,LVRLA,amp_diffusion_train_eval
length_out_of_range,LVRLA,amp_diffusion_train_eval
length_out_of_range,LVRLA,amp_diffusion_train_eval
length_out_of_range,LKFLKFG,amp_diffusion_train_eval
length_out_of_range,LKFLKFG,amp_diffusion_train_eval
length_out_of_range,LKFLKFG,amp_diffusion_train_eval
length_out_of_range,LKFLKFG,amp_diffusion_train_eval
length_out_of_range,LKFLKFG,amp_diffusion_train_eval
length_out_of_range,LKFLKFG,amp_diffusion_train_eval
length_out_of_range,LKFLKFG,amp_diffusion_train_eval
length_out_of_range,LKFLKFG,amp_diffusion_train_eval
length_out_of_range,LKFLKFG,amp_diffusion_train_eval
length_out_of_range,LKFLKFG,amp_diffusion_train_eval
length_out_of_range,LKFLKFG,amp_diffusion_train_eval
length_out_of_range,AMVGT,amp_diffusion_train_eval
length_out_of_range,AMVGT,amp_diffusion_train_eval
length_out_of_range,AMVGT,amp_diffusion_train_eval
length_out_of_range,AMVGT,amp_diffusion_train_eval
length_out_of_range,AMVGT,amp_diffusion_train_eval
length_out_of_range,AMVGT,amp_diffusion_train_eval
length_out_of_range,AMVGT,amp_diffusion_train_eval
length_out_of_range,AMVGT,amp_diffusion_train_eval
length_out_of_range,AMVGT,amp_diffusion_train_eval
length_out_of_range,AMVGT,amp_diffusion_train_eval
length_out_of_range,AMVGT,amp_diffusion_train_eval
length_out_of_range,RRWFW,amp_diffusion_train_eval
length_out_of_range,RRWFW,amp_diffusion_train_eval
length_out_of_range,RRWFW,amp_diffusion_train_eval
length_out_of_range,RRWFW,amp_diffusion_train_eval
length_out_of_range,RRWFW,amp_diffusion_train_eval
length_out_of_range,RRWFW,amp_diffusion_train_eval
length_out_of_range,RRWFW,amp_diffusion_train_eval
length_out_of_range,RRWFW,amp_diffusion_train_eval
length_out_of_range,RRWFW,amp_diffusion_train_eval
length_out_of_range,RRWFW,amp_diffusion_train_eval
length_out_of_range,RRWFW,amp_diffusion_train_eval
length_out_of_range,FRWWRR,amp_diffusion_train_eval
length_out_of_range,FRWWRR,amp_diffusion_train_eval
length_out_of_range,FRWWRR,amp_diffusion_train_eval
length_out_of_range,FRWWRR,amp_diffusion_train_eval
length_out_of_range,FRWWRR,amp_diffusion_train_eval
length_out_of_range,FRWWRR,amp_diffusion_train_eval
length_out_of_range,FRWWRR,amp_diffusion_train_eval
length_out_of_range,FRWWRR,amp_diffusion_train_eval
length_out_of_range,FRWWRR,amp_diffusion_train_eval
length_out_of_range,FRWWRR,amp_diffusion_train_eval
length_out_of_range,FRWWRR,amp_diffusion_train_eval
length_out_of_range,RVDELLS,amp_diffusion_train_eval
length_out_of_range,RVDELLS,amp_diffusion_train_eval
length_out_of_range,RVDELLS,amp_diffusion_train_eval
length_out_of_range,RVDELLS,amp_diffusion_train_eval
length_out_of_range,RVDELLS,amp_diffusion_train_eval
length_out_of_range,RVDELLS,amp_diffusion_train_eval
length_out_of_range,RVDELLS,amp_diffusion_train_eval
length_out_of_range,RVDELLS,amp_diffusion_train_eval
length_out_of_range,RVDELLS,amp_diffusion_train_eval
length_out_of_range,RVDELLS,amp_diffusion_train_eval
length_out_of_range,RVDELLS,amp_diffusion_train_eval
length_out_of_range,EEEEWWW,amp_diffusion_train_eval
length_out_of_range,EEEEWWW,amp_diffusion_train_eval
length_out_of_range,EEEEWWW,amp_diffusion_train_eval
length_out_of_range,EEEEWWW,amp_diffusion_train_eval
length_out_of_range,EEEEWWW,amp_diffusion_train_eval
length_out_of_range,EEEEWWW,amp_diffusion_train_eval
length_out_of_range,EEEEWWW,amp_diffusion_train_eval
length_out_of_range,EEEEWWW,amp_diffusion_train_eval
length_out_of_range,EEEEWWW,amp_diffusion_train_eval
length_out_of_range,EEEEWWW,amp_diffusion_train_eval
length_out_of_range,EEEEWWW,amp_diffusion_train_eval
length_out_of_range,IIRRWWV,amp_diffusion_train_eval
length_out_of_range,IIRRWWV,amp_diffusion_train_eval
length_out_of_range,IIRRWWV,amp_diffusion_train_eval
length_out_of_range,IIRRWWV,amp_diffusion_train_eval
length_out_of_range,IIRRWWV,amp_diffusion_train_eval
length_out_of_range,IIRRWWV,amp_diffusion_train_eval
length_out_of_range,IIRRWWV,amp_diffusion_train_eval
length_out_of_range,IIRRWWV,amp_diffusion_train_eval
length_out_of_range,IIRRWWV,amp_diffusion_train_eval
length_out_of_range,IIRRWWV,amp_diffusion_train_eval
length_out_of_range,IIRRWWV,amp_diffusion_train_eval
length_out_of_range,ICHHCI,amp_diffusion_train_eval
length_out_of_range,ICHHCI,amp_diffusion_train_eval
length_out_of_range,ICHHCI,amp_diffusion_train_eval
length_out_of_range,ICHHCI,amp_diffusion_train_eval
length_out_of_range,ICHHCI,amp_diffusion_train_eval
length_out_of_range,ICHHCI,amp_diffusion_train_eval
length_out_of_range,ICHHCI,amp_diffusion_train_eval
length_out_of_range,ICHHCI,amp_diffusion_train_eval
length_out_of_range,ICHHCI,amp_diffusion_train_eval
length_out_of_range,ICHHCI,amp_diffusion_train_eval
length_out_of_range,ICHHCI,amp_diffusion_train_eval
length_out_of_range,GP,amp_diffusion_train_eval
length_out_of_range,GP,amp_diffusion_train_eval
length_out_of_range,GP,amp_diffusion_train_eval
length_out_of_range,GP,amp_diffusion_train_eval
length_out_of_range,GP,amp_diffusion_train_eval
length_out_of_range,GP,amp_diffusion_train_eval
length_out_of_range,GP,amp_diffusion_train_eval
length_out_of_range,GP,amp_diffusion_train_eval
length_out_of_range,GP,amp_diffusion_train_eval
length_out_of_range,GP,amp_diffusion_train_eval
length_out_of_range,GP,amp_diffusion_train_eval
length_out_of_range,HPQYNQA,amp_diffusion_train_eval
length_out_of_range,HPQYNQA,amp_diffusion_train_eval
length_out_of_range,HPQYNQA,amp_diffusion_train_eval
length_out_of_range,HPQYNQA,amp_diffusion_train_eval
length_out_of_range,HPQYNQA,amp_diffusion_train_eval
length_out_of_range,HPQYNQA,amp_diffusion_train_eval
length_out_of_range,HPQYNQA,amp_diffusion_train_eval
length_out_of_range,HPQYNQA,amp_diffusion_train_eval
length_out_of_range,HPQYNQA,amp_diffusion_train_eval
length_out_of_range,HPQYNQA,amp_diffusion_train_eval
length_out_of_range,HPQYNQA,amp_diffusion_train_eval
length_out_of_range,PFVYLI,amp_diffusion_train_eval
length_out_of_range,PFVYLI,amp_diffusion_train_eval
length_out_of_range,PFVYLI,amp_diffusion_train_eval
length_out_of_range,PFVYLI,amp_diffusion_train_eval
length_out_of_range,PFVYLI,amp_diffusion_train_eval
length_out_of_range,PFVYLI,amp_diffusion_train_eval
length_out_of_range,PFVYLI,amp_diffusion_train_eval
length_out_of_range,PFVYLI,amp_diffusion_train_eval
length_out_of_range,PFVYLI,amp_diffusion_train_eval
length_out_of_range,PFVYLI,amp_diffusion_train_eval
length_out_of_range,PFVYLI,amp_diffusion_train_eval
length_out_of_range,YAELR,amp_diffusion_train_eval
length_out_of_range,YAELR,amp_diffusion_train_eval
length_out_of_range,YAELR,amp_diffusion_train_eval
length_out_of_range,YAELR,amp_diffusion_train_eval
length_out_of_range,YAELR,amp_diffusion_train_eval
length_out_of_range,YAELR,amp_diffusion_train_eval
length_out_of_range,YAELR,amp_diffusion_train_eval
length_out_of_range,YAELR,amp_diffusion_train_eval
length_out_of_range,YAELR,amp_diffusion_train_eval
length_out_of_range,YAELR,amp_diffusion_train_eval
length_out_of_range,YAELR,amp_diffusion_train_eval
length_out_of_range,NWWRPLP,amp_diffusion_train_eval
length_out_of_range,NWWRPLP,amp_diffusion_train_eval
length_out_of_range,NWWRPLP,amp_diffusion_train_eval
length_out_of_range,NWWRPLP,amp_diffusion_train_eval
length_out_of_range,NWWRPLP,amp_diffusion_train_eval
length_out_of_range,NWWRPLP,amp_diffusion_train_eval
length_out_of_range,NWWRPLP,amp_diffusion_train_eval
length_out_of_range,NWWRPLP,amp_diffusion_train_eval
length_out_of_range,NWWRPLP,amp_diffusion_train_eval
length_out_of_range,NWWRPLP,amp_diffusion_train_eval
length_out_of_range,NWWRPLP,amp_diffusion_train_eval
length_out_of_range,RKSDELL,amp_diffusion_train_eval
length_out_of_range,RKSDELL,amp_diffusion_train_eval
length_out_of_range,RKSDELL,amp_diffusion_train_eval
length_out_of_range,RKSDELL,amp_diffusion_train_eval
length_out_of_range,RKSDELL,amp_diffusion_train_eval
length_out_of_range,RKSDELL,amp_diffusion_train_eval
length_out_of_range,RKSDELL,amp_diffusion_train_eval
length_out_of_range,RKSDELL,amp_diffusion_train_eval
length_out_of_range,RKSDELL,amp_diffusion_train_eval
length_out_of_range,RKSDELL,amp_diffusion_train_eval
length_out_of_range,RKSDELL,amp_diffusion_train_eval
length_out_of_range,WMENPT,amp_diffusion_train_eval
length_out_of_range,WMENPT,amp_diffusion_train_eval
length_out_of_range,WMENPT,amp_diffusion_train_eval
length_out_of_range,WMENPT,amp_diffusion_train_eval
length_out_of_range,WMENPT,amp_diffusion_train_eval
length_out_of_range,WMENPT,amp_diffusion_train_eval
length_out_of_range,WMENPT,amp_diffusion_train_eval
length_out_of_range,WMENPT,amp_diffusion_train_eval
length_out_of_range,WMENPT,amp_diffusion_train_eval
length_out_of_range,WMENPT,amp_diffusion_train_eval
length_out_of_range,WMENPT,amp_diffusion_train_eval
length_out_of_range,KWKWKW,amp_diffusion_train_eval
length_out_of_range,KWKWKW,amp_diffusion_train_eval
length_out_of_range,KWKWKW,amp_diffusion_train_eval
length_out_of_range,KWKWKW,amp_diffusion_train_eval
length_out_of_range,KWKWKW,amp_diffusion_train_eval
length_out_of_range,KWKWKW,amp_diffusion_train_eval
length_out_of_range,KWKWKW,amp_diffusion_train_eval
length_out_of_range,KWKWKW,amp_diffusion_train_eval
length_out_of_range,KWKWKW,amp_diffusion_train_eval
length_out_of_range,KWKWKW,amp_diffusion_train_eval
length_out_of_range,KWKWKW,amp_diffusion_train_eval
length_out_of_range,GSEIQPR,amp_diffusion_train_eval
length_out_of_range,GSEIQPR,amp_diffusion_train_eval
length_out_of_range,GSEIQPR,amp_diffusion_train_eval
length_out_of_range,GSEIQPR,amp_diffusion_train_eval
length_out_of_range,GSEIQPR,amp_diffusion_train_eval
length_out_of_range,GSEIQPR,amp_diffusion_train_eval
length_out_of_range,GSEIQPR,amp_diffusion_train_eval
length_out_of_range,GSEIQPR,amp_diffusion_train_eval
length_out_of_range,GSEIQPR,amp_diffusion_train_eval
length_out_of_range,GSEIQPR,amp_diffusion_train_eval
length_out_of_range,GSEIQPR,amp_diffusion_train_eval
length_out_of_range,CREAA,amp_diffusion_train_eval
length_out_of_range,CREAA,amp_diffusion_train_eval
length_out_of_range,CREAA,amp_diffusion_train_eval
length_out_of_range,CREAA,amp_diffusion_train_eval
length_out_of_range,CREAA,amp_diffusion_train_eval
length_out_of_range,CREAA,amp_diffusion_train_eval
length_out_of_range,CREAA,amp_diffusion_train_eval
length_out_of_range,CREAA,amp_diffusion_train_eval
length_out_of_range,CREAA,amp_diffusion_train_eval
length_out_of_range,CREAA,amp_diffusion_train_eval
length_out_of_range,CREAA,amp_diffusion_train_eval
length_out_of_range,VPPIGWF,amp_diffusion_train_eval
length_out_of_range,VPPIGWF,amp_diffusion_train_eval
length_out_of_range,VPPIGWF,amp_diffusion_train_eval
length_out_of_range,VPPIGWF,amp_diffusion_train_eval
length_out_of_range,VPPIGWF,amp_diffusion_train_eval
length_out_of_range,VPPIGWF,amp_diffusion_train_eval
length_out_of_range,VPPIGWF,amp_diffusion_train_eval
length_out_of_range,VPPIGWF,amp_diffusion_train_eval
length_out_of_range,VPPIGWF,amp_diffusion_train_eval
length_out_of_range,VPPIGWF,amp_diffusion_train_eval
length_out_of_range,VPPIGWF,amp_diffusion_train_eval
length_out_of_range,YAFGYPS,amp_diffusion_train_eval
length_out_of_range,YAFGYPS,amp_diffusion_train_eval
length_out_of_range,YAFGYPS,amp_diffusion_train_eval
length_out_of_range,YAFGYPS,amp_diffusion_train_eval
length_out_of_range,YAFGYPS,amp_diffusion_train_eval
length_out_of_range,YAFGYPS,amp_diffusion_train_eval
length_out_of_range,YAFGYPS,amp_diffusion_train_eval
length_out_of_range,YAFGYPS,amp_diffusion_train_eval
length_out_of_range,YAFGYPS,amp_diffusion_train_eval
length_out_of_range,YAFGYPS,amp_diffusion_train_eval
length_out_of_range,YAFGYPS,amp_diffusion_train_eval
length_out_of_range,RPRPAP,amp_diffusion_train_eval
length_out_of_range,RPRPAP,amp_diffusion_train_eval
length_out_of_range,RPRPAP,amp_diffusion_train_eval
length_out_of_range,RPRPAP,amp_diffusion_train_eval
length_out_of_range,RPRPAP,amp_diffusion_train_eval
length_out_of_range,RPRPAP,amp_diffusion_train_eval
length_out_of_range,RPRPAP,amp_diffusion_train_eval
length_out_of_range,RPRPAP,amp_diffusion_train_eval
length_out_of_range,RPRPAP,amp_diffusion_train_eval
length_out_of_range,RPRPAP,amp_diffusion_train_eval
length_out_of_range,RPRPAP,amp_diffusion_train_eval
length_out_of_range,QHGVHG,amp_diffusion_train_eval
length_out_of_range,QHGVHG,amp_diffusion_train_eval
length_out_of_range,QHGVHG,amp_diffusion_train_eval
length_out_of_range,QHGVHG,amp_diffusion_train_eval
length_out_of_range,QHGVHG,amp_diffusion_train_eval
length_out_of_range,QHGVHG,amp_diffusion_train_eval
length_out_of_range,QHGVHG,amp_diffusion_train_eval
length_out_of_range,QHGVHG,amp_diffusion_train_eval
length_out_of_range,QHGVHG,amp_diffusion_train_eval
length_out_of_range,QHGVHG,amp_diffusion_train_eval
length_out_of_range,QHGVHG,amp_diffusion_train_eval
length_out_of_range,CAYCSY,amp_diffusion_train_eval
length_out_of_range,CAYCSY,amp_diffusion_train_eval
length_out_of_range,CAYCSY,amp_diffusion_train_eval
length_out_of_range,CAYCSY,amp_diffusion_train_eval
length_out_of_range,CAYCSY,amp_diffusion_train_eval
length_out_of_range,CAYCSY,amp_diffusion_train_eval
length_out_of_range,CAYCSY,amp_diffusion_train_eval
length_out_of_range,CAYCSY,amp_diffusion_train_eval
length_out_of_range,CAYCSY,amp_diffusion_train_eval
length_out_of_range,CAYCSY,amp_diffusion_train_eval
length_out_of_range,CAYCSY,amp_diffusion_train_eval
length_out_of_range,ATWLPPR,amp_diffusion_train_eval
length_out_of_range,ATWLPPR,amp_diffusion_train_eval
length_out_of_range,ATWLPPR,amp_diffusion_train_eval
length_out_of_range,ATWLPPR,amp_diffusion_train_eval
length_out_of_range,ATWLPPR,amp_diffusion_train_eval
length_out_of_range,ATWLPPR,amp_diffusion_train_eval
length_out_of_range,ATWLPPR,amp_diffusion_train_eval
length_out_of_range,ATWLPPR,amp_diffusion_train_eval
length_out_of_range,ATWLPPR,amp_diffusion_train_eval
length_out_of_range,ATWLPPR,amp_diffusion_train_eval
length_out_of_range,ATWLPPR,amp_diffusion_train_eval
length_out_of_range,IVGGR,amp_diffusion_train_eval
length_out_of_range,IVGGR,amp_diffusion_train_eval
length_out_of_range,IVGGR,amp_diffusion_train_eval
length_out_of_range,IVGGR,amp_diffusion_train_eval
length_out_of_range,IVGGR,amp_diffusion_train_eval
length_out_of_range,IVGGR,amp_diffusion_train_eval
length_out_of_range,IVGGR,amp_diffusion_train_eval
length_out_of_range,IVGGR,amp_diffusion_train_eval
length_out_of_range,IVGGR,amp_diffusion_train_eval
length_out_of_range,IVGGR,amp_diffusion_train_eval
length_out_of_range,IVGGR,amp_diffusion_train_eval
length_out_of_range,LLSRVDE,amp_diffusion_train_eval
length_out_of_range,LLSRVDE,amp_diffusion_train_eval
length_out_of_range,LLSRVDE,amp_diffusion_train_eval
length_out_of_range,LLSRVDE,amp_diffusion_train_eval
length_out_of_range,LLSRVDE,amp_diffusion_train_eval
length_out_of_range,LLSRVDE,amp_diffusion_train_eval
length_out_of_range,LLSRVDE,amp_diffusion_train_eval
length_out_of_range,LLSRVDE,amp_diffusion_train_eval
length_out_of_range,LLSRVDE,amp_diffusion_train_eval
length_out_of_range,LLSRVDE,amp_diffusion_train_eval
length_out_of_range,LLSRVDE,amp_diffusion_train_eval
length_out_of_range,FPAHKC,amp_diffusion_train_eval
length_out_of_range,FPAHKC,amp_diffusion_train_eval
length_out_of_range,FPAHKC,amp_diffusion_train_eval
length_out_of_range,FPAHKC,amp_diffusion_train_eval
length_out_of_range,FPAHKC,amp_diffusion_train_eval
length_out_of_range,FPAHKC,amp_diffusion_train_eval
length_out_of_range,FPAHKC,amp_diffusion_train_eval
length_out_of_range,FPAHKC,amp_diffusion_train_eval
length_out_of_range,FPAHKC,amp_diffusion_train_eval
length_out_of_range,FPAHKC,amp_diffusion_train_eval
length_out_of_range,FPAHKC,amp_diffusion_train_eval
length_out_of_range,KKKWWW,amp_diffusion_train_eval
length_out_of_range,KKKWWW,amp_diffusion_train_eval
length_out_of_range,KKKWWW,amp_diffusion_train_eval
length_out_of_range,KKKWWW,amp_diffusion_train_eval
length_out_of_range,KKKWWW,amp_diffusion_train_eval
length_out_of_range,KKKWWW,amp_diffusion_train_eval
length_out_of_range,KKKWWW,amp_diffusion_train_eval
length_out_of_range,KKKWWW,amp_diffusion_train_eval
length_out_of_range,KKKWWW,amp_diffusion_train_eval
length_out_of_range,KKKWWW,amp_diffusion_train_eval
length_out_of_range,KKKWWW,amp_diffusion_train_eval
length_out_of_range,PRRGPR,amp_diffusion_train_eval
length_out_of_range,PRRGPR,amp_diffusion_train_eval
length_out_of_range,PRRGPR,amp_diffusion_train_eval
length_out_of_range,PRRGPR,amp_diffusion_train_eval
length_out_of_range,PRRGPR,amp_diffusion_train_eval
length_out_of_range,PRRGPR,amp_diffusion_train_eval
length_out_of_range,PRRGPR,amp_diffusion_train_eval
length_out_of_range,PRRGPR,amp_diffusion_train_eval
length_out_of_range,PRRGPR,amp_diffusion_train_eval
length_out_of_range,PRRGPR,amp_diffusion_train_eval
length_out_of_range,PRRGPR,amp_diffusion_train_eval
length_out_of_range,EWIRRS,amp_diffusion_train_eval
length_out_of_range,EWIRRS,amp_diffusion_train_eval
length_out_of_range,EWIRRS,amp_diffusion_train_eval
length_out_of_range,EWIRRS,amp_diffusion_train_eval
length_out_of_range,EWIRRS,amp_diffusion_train_eval
length_out_of_range,EWIRRS,amp_diffusion_train_eval
length_out_of_range,EWIRRS,amp_diffusion_train_eval
length_out_of_range,EWIRRS,amp_diffusion_train_eval
length_out_of_range,EWIRRS,amp_diffusion_train_eval
length_out_of_range,EWIRRS,amp_diffusion_train_eval
length_out_of_range,EWIRRS,amp_diffusion_train_eval
length_out_of_range,ARIVVIR,amp_diffusion_train_eval
length_out_of_range,ARIVVIR,amp_diffusion_train_eval
length_out_of_range,ARIVVIR,amp_diffusion_train_eval
length_out_of_range,ARIVVIR,amp_diffusion_train_eval
length_out_of_range,ARIVVIR,amp_diffusion_train_eval
length_out_of_range,ARIVVIR,amp_diffusion_train_eval
length_out_of_range,ARIVVIR,amp_diffusion_train_eval
length_out_of_range,ARIVVIR,amp_diffusion_train_eval
length_out_of_range,ARIVVIR,amp_diffusion_train_eval
length_out_of_range,ARIVVIR,amp_diffusion_train_eval
length_out_of_range,ARIVVIR,amp_diffusion_train_eval
length_out_of_range,SKVWRHW,amp_diffusion_train_eval
length_out_of_range,SKVWRHW,amp_diffusion_train_eval
length_out_of_range,SKVWRHW,amp_diffusion_train_eval
length_out_of_range,SKVWRHW,amp_diffusion_train_eval
length_out_of_range,SKVWRHW,amp_diffusion_train_eval
length_out_of_range,SKVWRHW,amp_diffusion_train_eval
length_out_of_range,SKVWRHW,amp_diffusion_train_eval
length_out_of_range,SKVWRHW,amp_diffusion_train_eval
length_out_of_range,SKVWRHW,amp_diffusion_train_eval
length_out_of_range,SKVWRHW,amp_diffusion_train_eval
length_out_of_range,SKVWRHW,amp_diffusion_train_eval
length_out_of_range,SSLLEK,amp_diffusion_train_eval
length_out_of_range,SSLLEK,amp_diffusion_train_eval
length_out_of_range,SSLLEK,amp_diffusion_train_eval
length_out_of_range,SSLLEK,amp_diffusion_train_eval
length_out_of_range,SSLLEK,amp_diffusion_train_eval
length_out_of_range,SSLLEK,amp_diffusion_train_eval
length_out_of_range,SSLLEK,amp_diffusion_train_eval
length_out_of_range,SSLLEK,amp_diffusion_train_eval
length_out_of_range,SSLLEK,amp_diffusion_train_eval
length_out_of_range,SSLLEK,amp_diffusion_train_eval
length_out_of_range,SSLLEK,amp_diffusion_train_eval
length_out_of_range,EEDDEE,amp_diffusion_train_eval
length_out_of_range,EEDDEE,amp_diffusion_train_eval
length_out_of_range,EEDDEE,amp_diffusion_train_eval
length_out_of_range,EEDDEE,amp_diffusion_train_eval
length_out_of_range,EEDDEE,amp_diffusion_train_eval
length_out_of_range,EEDDEE,amp_diffusion_train_eval
length_out_of_range,EEDDEE,amp_diffusion_train_eval
length_out_of_range,EEDDEE,amp_diffusion_train_eval
length_out_of_range,EEDDEE,amp_diffusion_train_eval
length_out_of_range,EEDDEE,amp_diffusion_train_eval
length_out_of_range,EEDDEE,amp_diffusion_train_eval
length_out_of_range,LPYAAKH,amp_diffusion_train_eval
length_out_of_range,LPYAAKH,amp_diffusion_train_eval
length_out_of_range,LPYAAKH,amp_diffusion_train_eval
length_out_of_range,LPYAAKH,amp_diffusion_train_eval
length_out_of_range,LPYAAKH,amp_diffusion_train_eval
length_out_of_range,LPYAAKH,amp_diffusion_train_eval
length_out_of_range,LPYAAKH,amp_diffusion_train_eval
length_out_of_range,LPYAAKH,amp_diffusion_train_eval
length_out_of_range,LPYAAKH,amp_diffusion_train_eval
length_out_of_range,LPYAAKH,amp_diffusion_train_eval
length_out_of_range,LPYAAKH,amp_diffusion_train_eval
length_out_of_range,VHTAPK,amp_diffusion_train_eval
length_out_of_range,VHTAPK,amp_diffusion_train_eval
length_out_of_range,VHTAPK,amp_diffusion_train_eval
length_out_of_range,VHTAPK,amp_diffusion_train_eval
length_out_of_range,VHTAPK,amp_diffusion_train_eval
length_out_of_range,VHTAPK,amp_diffusion_train_eval
length_out_of_range,VHTAPK,amp_diffusion_train_eval
length_out_of_range,VHTAPK,amp_diffusion_train_eval
length_out_of_range,VHTAPK,amp_diffusion_train_eval
length_out_of_range,VHTAPK,amp_diffusion_train_eval
length_out_of_range,VHTAPK,amp_diffusion_train_eval
length_out_of_range,EEVE,amp_diffusion_train_eval
length_out_of_range,EEVE,amp_diffusion_train_eval
length_out_of_range,EEVE,amp_diffusion_train_eval
length_out_of_range,EEVE,amp_diffusion_train_eval
length_out_of_range,EEVE,amp_diffusion_train_eval
length_out_of_range,EEVE,amp_diffusion_train_eval
length_out_of_range,EEVE,amp_diffusion_train_eval
length_out_of_range,EEVE,amp_diffusion_train_eval
length_out_of_range,EEVE,amp_diffusion_train_eval
length_out_of_range,EEVE,amp_diffusion_train_eval
length_out_of_range,EEVE,amp_diffusion_train_eval
length_out_of_range,KLAKLAK,amp_diffusion_train_eval
length_out_of_range,KLAKLAK,amp_diffusion_train_eval
length_out_of_range,KLAKLAK,amp_diffusion_train_eval
length_out_of_range,KLAKLAK,amp_diffusion_train_eval
length_out_of_range,KLAKLAK,amp_diffusion_train_eval
length_out_of_range,KLAKLAK,amp_diffusion_train_eval
length_out_of_range,KLAKLAK,amp_diffusion_train_eval
length_out_of_range,KLAKLAK,amp_diffusion_train_eval
length_out_of_range,KLAKLAK,amp_diffusion_train_eval
length_out_of_range,KLAKLAK,amp_diffusion_train_eval
length_out_of_range,KLAKLAK,amp_diffusion_train_eval
length_out_of_range,KYR,amp_diffusion_train_eval
length_out_of_range,KYR,amp_diffusion_train_eval
length_out_of_range,KYR,amp_diffusion_train_eval
length_out_of_range,KYR,amp_diffusion_train_eval
length_out_of_range,KYR,amp_diffusion_train_eval
length_out_of_range,KYR,amp_diffusion_train_eval
length_out_of_range,KYR,amp_diffusion_train_eval
length_out_of_range,KYR,amp_diffusion_train_eval
length_out_of_range,KYR,amp_diffusion_train_eval
length_out_of_range,KYR,amp_diffusion_train_eval
length_out_of_range,KYR,amp_diffusion_train_eval
length_out_of_range,DDDDK,amp_diffusion_train_eval
length_out_of_range,DDDDK,amp_diffusion_train_eval
length_out_of_range,DDDDK,amp_diffusion_train_eval
length_out_of_range,DDDDK,amp_diffusion_train_eval
length_out_of_range,DDDDK,amp_diffusion_train_eval
length_out_of_range,DDDDK,amp_diffusion_train_eval
length_out_of_range,DDDDK,amp_diffusion_train_eval
length_out_of_range,DDDDK,amp_diffusion_train_eval
length_out_of_range,DDDDK,amp_diffusion_train_eval
length_out_of_range,DDDDK,amp_diffusion_train_eval
length_out_of_range,DDDDK,amp_diffusion_train_eval
length_out_of_range,RIRKKLR,amp_diffusion_train_eval
length_out_of_range,RIRKKLR,amp_diffusion_train_eval
length_out_of_range,RIRKKLR,amp_diffusion_train_eval
length_out_of_range,RIRKKLR,amp_diffusion_train_eval
length_out_of_range,RIRKKLR,amp_diffusion_train_eval
length_out_of_range,RIRKKLR,amp_diffusion_train_eval
length_out_of_range,RIRKKLR,amp_diffusion_train_eval
length_out_of_range,RIRKKLR,amp_diffusion_train_eval
length_out_of_range,RIRKKLR,amp_diffusion_train_eval
length_out_of_range,RIRKKLR,amp_diffusion_train_eval
length_out_of_range,RIRKKLR,amp_diffusion_train_eval
length_out_of_range,RRRVRRR,amp_diffusion_train_eval
length_out_of_range,RRRVRRR,amp_diffusion_train_eval
length_out_of_range,RRRVRRR,amp_diffusion_train_eval
length_out_of_range,RRRVRRR,amp_diffusion_train_eval
length_out_of_range,RRRVRRR,amp_diffusion_train_eval
length_out_of_range,RRRVRRR,amp_diffusion_train_eval
length_out_of_range,RRRVRRR,amp_diffusion_train_eval
length_out_of_range,RRRVRRR,amp_diffusion_train_eval
length_out_of_range,RRRVRRR,amp_diffusion_train_eval
length_out_of_range,RRRVRRR,amp_diffusion_train_eval
length_out_of_range,RRRVRRR,amp_diffusion_train_eval
length_out_of_range,KPLFG,amp_diffusion_train_eval
length_out_of_range,KPLFG,amp_diffusion_train_eval
length_out_of_range,KPLFG,amp_diffusion_train_eval
length_out_of_range,KPLFG,amp_diffusion_train_eval
length_out_of_range,KPLFG,amp_diffusion_train_eval
length_out_of_range,KPLFG,amp_diffusion_train_eval
length_out_of_range,KPLFG,amp_diffusion_train_eval
length_out_of_range,KPLFG,amp_diffusion_train_eval
length_out_of_range,KPLFG,amp_diffusion_train_eval
length_out_of_range,KPLFG,amp_diffusion_train_eval
length_out_of_range,KPLFG,amp_diffusion_train_eval
length_out_of_range,DNFKSY,amp_diffusion_train_eval
length_out_of_range,DNFKSY,amp_diffusion_train_eval
length_out_of_range,DNFKSY,amp_diffusion_train_eval
length_out_of_range,DNFKSY,amp_diffusion_train_eval
length_out_of_range,DNFKSY,amp_diffusion_train_eval
length_out_of_range,DNFKSY,amp_diffusion_train_eval
length_out_of_range,DNFKSY,amp_diffusion_train_eval
length_out_of_range,DNFKSY,amp_diffusion_train_eval
length_out_of_range,DNFKSY,amp_diffusion_train_eval
length_out_of_range,DNFKSY,amp_diffusion_train_eval
length_out_of_range,DNFKSY,amp_diffusion_train_eval
length_out_of_range,CND,amp_diffusion_train_eval
length_out_of_range,CND,amp_diffusion_train_eval
length_out_of_range,CND,amp_diffusion_train_eval
length_out_of_range,CND,amp_diffusion_train_eval
length_out_of_range,CND,amp_diffusion_train_eval
length_out_of_range,CND,amp_diffusion_train_eval
length_out_of_range,CND,amp_diffusion_train_eval
length_out_of_range,CND,amp_diffusion_train_eval
length_out_of_range,CND,amp_diffusion_train_eval
length_out_of_range,CND,amp_diffusion_train_eval
length_out_of_range,CND,amp_diffusion_train_eval
length_out_of_range,PI,amp_diffusion_train_eval
length_out_of_range,PI,amp_diffusion_train_eval
length_out_of_range,PI,amp_diffusion_train_eval
length_out_of_range,PI,amp_diffusion_train_eval
length_out_of_range,PI,amp_diffusion_train_eval
length_out_of_range,PI,amp_diffusion_train_eval
length_out_of_range,PI,amp_diffusion_train_eval
length_out_of_range,PI,amp_diffusion_train_eval
length_out_of_range,PI,amp_diffusion_train_eval
length_out_of_range,PI,amp_diffusion_train_eval
length_out_of_range,PI,amp_diffusion_train_eval
length_out_of_range,QLLMQST,amp_diffusion_train_eval
length_out_of_range,QLLMQST,amp_diffusion_train_eval
length_out_of_range,QLLMQST,amp_diffusion_train_eval
length_out_of_range,QLLMQST,amp_diffusion_train_eval
length_out_of_range,QLLMQST,amp_diffusion_train_eval
length_out_of_range,QLLMQST,amp_diffusion_train_eval
length_out_of_range,QLLMQST,amp_diffusion_train_eval
length_out_of_range,QLLMQST,amp_diffusion_train_eval
length_out_of_range,QLLMQST,amp_diffusion_train_eval
length_out_of_range,QLLMQST,amp_diffusion_train_eval
length_out_of_range,QLLMQST,amp_diffusion_train_eval
length_out_of_range,YYCDSY,amp_diffusion_train_eval
length_out_of_range,YYCDSY,amp_diffusion_train_eval
length_out_of_range,YYCDSY,amp_diffusion_train_eval
length_out_of_range,YYCDSY,amp_diffusion_train_eval
length_out_of_range,YYCDSY,amp_diffusion_train_eval
length_out_of_range,YYCDSY,amp_diffusion_train_eval
length_out_of_range,YYCDSY,amp_diffusion_train_eval
length_out_of_range,YYCDSY,amp_diffusion_train_eval
length_out_of_range,YYCDSY,amp_diffusion_train_eval
length_out_of_range,YYCDSY,amp_diffusion_train_eval
length_out_of_range,YYCDSY,amp_diffusion_train_eval
length_out_of_range,CREKA,amp_diffusion_train_eval
length_out_of_range,CREKA,amp_diffusion_train_eval
length_out_of_range,CREKA,amp_diffusion_train_eval
length_out_of_range,CREKA,amp_diffusion_train_eval
length_out_of_range,CREKA,amp_diffusion_train_eval
length_out_of_range,CREKA,amp_diffusion_train_eval
length_out_of_range,CREKA,amp_diffusion_train_eval
length_out_of_range,CREKA,amp_diffusion_train_eval
length_out_of_range,CREKA,amp_diffusion_train_eval
length_out_of_range,CREKA,amp_diffusion_train_eval
length_out_of_range,CREKA,amp_diffusion_train_eval
length_out_of_range,VIRVA,amp_diffusion_train_eval
length_out_of_range,VIRVA,amp_diffusion_train_eval
length_out_of_range,VIRVA,amp_diffusion_train_eval
length_out_of_range,VIRVA,amp_diffusion_train_eval
length_out_of_range,VIRVA,amp_diffusion_train_eval
length_out_of_range,VIRVA,amp_diffusion_train_eval
length_out_of_range,VIRVA,amp_diffusion_train_eval
length_out_of_range,VIRVA,amp_diffusion_train_eval
length_out_of_range,VIRVA,amp_diffusion_train_eval
length_out_of_range,VIRVA,amp_diffusion_train_eval
length_out_of_range,VIRVA,amp_diffusion_train_eval
length_out_of_range,WYIV,amp_diffusion_train_eval
length_out_of_range,WYIV,amp_diffusion_train_eval
length_out_of_range,WYIV,amp_diffusion_train_eval
length_out_of_range,WYIV,amp_diffusion_train_eval
length_out_of_range,WYIV,amp_diffusion_train_eval
length_out_of_range,WYIV,amp_diffusion_train_eval
length_out_of_range,WYIV,amp_diffusion_train_eval
length_out_of_range,WYIV,amp_diffusion_train_eval
length_out_of_range,WYIV,amp_diffusion_train_eval
length_out_of_range,WYIV,amp_diffusion_train_eval
length_out_of_range,WYIV,amp_diffusion_train_eval
length_out_of_range,NLV,amp_diffusion_train_eval
length_out_of_range,NLV,amp_diffusion_train_eval
length_out_of_range,NLV,amp_diffusion_train_eval
length_out_of_range,NLV,amp_diffusion_train_eval
length_out_of_range,NLV,amp_diffusion_train_eval
length_out_of_range,NLV,amp_diffusion_train_eval
length_out_of_range,NLV,amp_diffusion_train_eval
length_out_of_range,NLV,amp_diffusion_train_eval
length_out_of_range,NLV,amp_diffusion_train_eval
length_out_of_range,NLV,amp_diffusion_train_eval
length_out_of_range,NLV,amp_diffusion_train_eval
length_out_of_range,MNLPMH,amp_diffusion_train_eval
length_out_of_range,MNLPMH,amp_diffusion_train_eval
length_out_of_range,MNLPMH,amp_diffusion_train_eval
length_out_of_range,MNLPMH,amp_diffusion_train_eval
length_out_of_range,MNLPMH,amp_diffusion_train_eval
length_out_of_range,MNLPMH,amp_diffusion_train_eval
length_out_of_range,MNLPMH,amp_diffusion_train_eval
length_out_of_range,MNLPMH,amp_diffusion_train_eval
length_out_of_range,MNLPMH,amp_diffusion_train_eval
length_out_of_range,MNLPMH,amp_diffusion_train_eval
length_out_of_range,MNLPMH,amp_diffusion_train_eval
length_out_of_range,KLCQRP,amp_diffusion_train_eval
length_out_of_range,KLCQRP,amp_diffusion_train_eval
length_out_of_range,KLCQRP,amp_diffusion_train_eval
length_out_of_range,KLCQRP,amp_diffusion_train_eval
length_out_of_range,KLCQRP,amp_diffusion_train_eval
length_out_of_range,KLCQRP,amp_diffusion_train_eval
length_out_of_range,KLCQRP,amp_diffusion_train_eval
length_out_of_range,KLCQRP,amp_diffusion_train_eval
length_out_of_range,KLCQRP,amp_diffusion_train_eval
length_out_of_range,KLCQRP,amp_diffusion_train_eval
length_out_of_range,KLCQRP,amp_diffusion_train_eval
length_out_of_range,FG,amp_diffusion_train_eval
length_out_of_range,FG,amp_diffusion_train_eval
length_out_of_range,FG,amp_diffusion_train_eval
length_out_of_range,FG,amp_diffusion_train_eval
length_out_of_range,FG,amp_diffusion_train_eval
length_out_of_range,FG,amp_diffusion_train_eval
length_out_of_range,FG,amp_diffusion_train_eval
length_out_of_range,FG,amp_diffusion_train_eval
length_out_of_range,FG,amp_diffusion_train_eval
length_out_of_range,FG,amp_diffusion_train_eval
length_out_of_range,FG,amp_diffusion_train_eval
length_out_of_range,KRAVDE,amp_diffusion_train_eval
length_out_of_range,KRAVDE,amp_diffusion_train_eval
length_out_of_range,KRAVDE,amp_diffusion_train_eval
length_out_of_range,KRAVDE,amp_diffusion_train_eval
length_out_of_range,KRAVDE,amp_diffusion_train_eval
length_out_of_range,KRAVDE,amp_diffusion_train_eval
length_out_of_range,KRAVDE,amp_diffusion_train_eval
length_out_of_range,KRAVDE,amp_diffusion_train_eval
length_out_of_range,KRAVDE,amp_diffusion_train_eval
length_out_of_range,KRAVDE,amp_diffusion_train_eval
length_out_of_range,KRAVDE,amp_diffusion_train_eval
length_out_of_range,LPIP,amp_diffusion_train_eval
length_out_of_range,LPIP,amp_diffusion_train_eval
length_out_of_range,LPIP,amp_diffusion_train_eval
length_out_of_range,LPIP,amp_diffusion_train_eval
length_out_of_range,LPIP,amp_diffusion_train_eval
length_out_of_range,LPIP,amp_diffusion_train_eval
length_out_of_range,LPIP,amp_diffusion_train_eval
length_out_of_range,LPIP,amp_diffusion_train_eval
length_out_of_range,LPIP,amp_diffusion_train_eval
length_out_of_range,LPIP,amp_diffusion_train_eval
length_out_of_range,LPIP,amp_diffusion_train_eval
length_out_of_range,WIDNLD,amp_diffusion_train_eval
length_out_of_range,WIDNLD,amp_diffusion_train_eval
length_out_of_range,WIDNLD,amp_diffusion_train_eval
length_out_of_range,WIDNLD,amp_diffusion_train_eval
length_out_of_range,WIDNLD,amp_diffusion_train_eval
length_out_of_range,WIDNLD,amp_diffusion_train_eval
length_out_of_range,WIDNLD,amp_diffusion_train_eval
length_out_of_range,WIDNLD,amp_diffusion_train_eval
length_out_of_range,WIDNLD,amp_diffusion_train_eval
length_out_of_range,WIDNLD,amp_diffusion_train_eval
length_out_of_range,WIDNLD,amp_diffusion_train_eval
length_out_of_range,HEAL,amp_diffusion_train_eval
length_out_of_range,HEAL,amp_diffusion_train_eval
length_out_of_range,HEAL,amp_diffusion_train_eval
length_out_of_range,HEAL,amp_diffusion_train_eval
length_out_of_range,HEAL,amp_diffusion_train_eval
length_out_of_range,HEAL,amp_diffusion_train_eval
length_out_of_range,HEAL,amp_diffusion_train_eval
length_out_of_range,HEAL,amp_diffusion_train_eval
length_out_of_range,HEAL,amp_diffusion_train_eval
length_out_of_range,HEAL,amp_diffusion_train_eval
length_out_of_range,HEAL,amp_diffusion_train_eval
length_out_of_range,KWIKWI,amp_diffusion_train_eval
length_out_of_range,KWIKWI,amp_diffusion_train_eval
length_out_of_range,KWIKWI,amp_diffusion_train_eval
length_out_of_range,KWIKWI,amp_diffusion_train_eval
length_out_of_range,KWIKWI,amp_diffusion_train_eval
length_out_of_range,KWIKWI,amp_diffusion_train_eval
length_out_of_range,KWIKWI,amp_diffusion_train_eval
length_out_of_range,KWIKWI,amp_diffusion_train_eval
length_out_of_range,KWIKWI,amp_diffusion_train_eval
length_out_of_range,KWIKWI,amp_diffusion_train_eval
length_out_of_range,KWIKWI,amp_diffusion_train_eval
length_out_of_range,RWWRWWR,amp_diffusion_train_eval
length_out_of_range,RWWRWWR,amp_diffusion_train_eval
length_out_of_range,RWWRWWR,amp_diffusion_train_eval
length_out_of_range,RWWRWWR,amp_diffusion_train_eval
length_out_of_range,RWWRWWR,amp_diffusion_train_eval
length_out_of_range,RWWRWWR,amp_diffusion_train_eval
length_out_of_range,RWWRWWR,amp_diffusion_train_eval
length_out_of_range,RWWRWWR,amp_diffusion_train_eval
length_out_of_range,RWWRWWR,amp_diffusion_train_eval
length_out_of_range,RWWRWWR,amp_diffusion_train_eval
length_out_of_range,RWWRWWR,amp_diffusion_train_eval
length_out_of_range,FVHPM,amp_diffusion_train_eval
length_out_of_range,FVHPM,amp_diffusion_train_eval
length_out_of_range,FVHPM,amp_diffusion_train_eval
length_out_of_range,FVHPM,amp_diffusion_train_eval
length_out_of_range,FVHPM,amp_diffusion_train_eval
length_out_of_range,FVHPM,amp_diffusion_train_eval
length_out_of_range,FVHPM,amp_diffusion_train_eval
length_out_of_range,FVHPM,amp_diffusion_train_eval
length_out_of_range,FVHPM,amp_diffusion_train_eval
length_out_of_range,FVHPM,amp_diffusion_train_eval
length_out_of_range,FVHPM,amp_diffusion_train_eval
length_out_of_range,ELLL,amp_diffusion_train_eval
length_out_of_range,ELLL,amp_diffusion_train_eval
length_out_of_range,ELLL,amp_diffusion_train_eval
length_out_of_range,ELLL,amp_diffusion_train_eval
length_out_of_range,ELLL,amp_diffusion_train_eval
length_out_of_range,ELLL,amp_diffusion_train_eval
length_out_of_range,ELLL,amp_diffusion_train_eval
length_out_of_range,ELLL,amp_diffusion_train_eval
length_out_of_range,ELLL,amp_diffusion_train_eval
length_out_of_range,ELLL,amp_diffusion_train_eval
length_out_of_range,ELLL,amp_diffusion_train_eval
length_out_of_range,TVYTNA,amp_diffusion_train_eval
length_out_of_range,TVYTNA,amp_diffusion_train_eval
length_out_of_range,TVYTNA,amp_diffusion_train_eval
length_out_of_range,TVYTNA,amp_diffusion_train_eval
length_out_of_range,TVYTNA,amp_diffusion_train_eval
length_out_of_range,TVYTNA,amp_diffusion_train_eval
length_out_of_range,TVYTNA,amp_diffusion_train_eval
length_out_of_range,TVYTNA,amp_diffusion_train_eval
length_out_of_range,TVYTNA,amp_diffusion_train_eval
length_out_of_range,TVYTNA,amp_diffusion_train_eval
length_out_of_range,TVYTNA,amp_diffusion_train_eval
length_out_of_range,RRKKAAV,amp_diffusion_train_eval
length_out_of_range,RRKKAAV,amp_diffusion_train_eval
length_out_of_range,RRKKAAV,amp_diffusion_train_eval
length_out_of_range,RRKKAAV,amp_diffusion_train_eval
length_out_of_range,RRKKAAV,amp_diffusion_train_eval
length_out_of_range,RRKKAAV,amp_diffusion_train_eval
length_out_of_range,RRKKAAV,amp_diffusion_train_eval
length_out_of_range,RRKKAAV,amp_diffusion_train_eval
length_out_of_range,RRKKAAV,amp_diffusion_train_eval
length_out_of_range,RRKKAAV,amp_diffusion_train_eval
length_out_of_range,RRKKAAV,amp_diffusion_train_eval
length_out_of_range,WF,amp_diffusion_train_eval
length_out_of_range,WF,amp_diffusion_train_eval
length_out_of_range,WF,amp_diffusion_train_eval
length_out_of_range,WF,amp_diffusion_train_eval
length_out_of_range,WF,amp_diffusion_train_eval
length_out_of_range,WF,amp_diffusion_train_eval
length_out_of_range,WF,amp_diffusion_train_eval
length_out_of_range,WF,amp_diffusion_train_eval
length_out_of_range,WF,amp_diffusion_train_eval
length_out_of_range,WF,amp_diffusion_train_eval
length_out_of_range,WF,amp_diffusion_train_eval
length_out_of_range,DEDLDE,amp_diffusion_train_eval
length_out_of_range,DEDLDE,amp_diffusion_train_eval
length_out_of_range,DEDLDE,amp_diffusion_train_eval
length_out_of_range,DEDLDE,amp_diffusion_train_eval
length_out_of_range,DEDLDE,amp_diffusion_train_eval
length_out_of_range,DEDLDE,amp_diffusion_train_eval
length_out_of_range,DEDLDE,amp_diffusion_train_eval
length_out_of_range,DEDLDE,amp_diffusion_train_eval
length_out_of_range,DEDLDE,amp_diffusion_train_eval
length_out_of_range,DEDLDE,amp_diffusion_train_eval
length_out_of_range,DEDLDE,amp_diffusion_train_eval
length_out_of_range,CLAIGRR,amp_diffusion_train_eval
length_out_of_range,CLAIGRR,amp_diffusion_train_eval
length_out_of_range,CLAIGRR,amp_diffusion_train_eval
length_out_of_range,CLAIGRR,amp_diffusion_train_eval
length_out_of_range,CLAIGRR,amp_diffusion_train_eval
length_out_of_range,CLAIGRR,amp_diffusion_train_eval
length_out_of_range,CLAIGRR,amp_diffusion_train_eval
length_out_of_range,CLAIGRR,amp_diffusion_train_eval
length_out_of_range,CLAIGRR,amp_diffusion_train_eval
length_out_of_range,CLAIGRR,amp_diffusion_train_eval
length_out_of_range,CLAIGRR,amp_diffusion_train_eval
length_out_of_range,WWWKNK,amp_diffusion_train_eval
length_out_of_range,WWWKNK,amp_diffusion_train_eval
length_out_of_range,WWWKNK,amp_diffusion_train_eval
length_out_of_range,WWWKNK,amp_diffusion_train_eval
length_out_of_range,WWWKNK,amp_diffusion_train_eval
length_out_of_range,WWWKNK,amp_diffusion_train_eval
length_out_of_range,WWWKNK,amp_diffusion_train_eval
length_out_of_range,WWWKNK,amp_diffusion_train_eval
length_out_of_range,WWWKNK,amp_diffusion_train_eval
length_out_of_range,WWWKNK,amp_diffusion_train_eval
length_out_of_range,WWWKNK,amp_diffusion_train_eval
length_out_of_range,FPYG,amp_diffusion_train_eval
length_out_of_range,FPYG,amp_diffusion_train_eval
length_out_of_range,FPYG,amp_diffusion_train_eval
length_out_of_range,FPYG,amp_diffusion_train_eval
length_out_of_range,FPYG,amp_diffusion_train_eval
length_out_of_range,FPYG,amp_diffusion_train_eval
length_out_of_range,FPYG,amp_diffusion_train_eval
length_out_of_range,FPYG,amp_diffusion_train_eval
length_out_of_range,FPYG,amp_diffusion_train_eval
length_out_of_range,FPYG,amp_diffusion_train_eval
length_out_of_range,FPYG,amp_diffusion_train_eval
length_out_of_range,FVPIWM,amp_diffusion_train_eval
length_out_of_range,FVPIWM,amp_diffusion_train_eval
length_out_of_range,FVPIWM,amp_diffusion_train_eval
length_out_of_range,FVPIWM,amp_diffusion_train_eval
length_out_of_range,FVPIWM,amp_diffusion_train_eval
length_out_of_range,FVPIWM,amp_diffusion_train_eval
length_out_of_range,FVPIWM,amp_diffusion_train_eval
length_out_of_range,FVPIWM,amp_diffusion_train_eval
length_out_of_range,FVPIWM,amp_diffusion_train_eval
length_out_of_range,FVPIWM,amp_diffusion_train_eval
length_out_of_range,FVPIWM,amp_diffusion_train_eval
length_out_of_range,KWWKWKK,amp_diffusion_train_eval
length_out_of_range,KWWKWKK,amp_diffusion_train_eval
length_out_of_range,KWWKWKK,amp_diffusion_train_eval
length_out_of_range,KWWKWKK,amp_diffusion_train_eval
length_out_of_range,KWWKWKK,amp_diffusion_train_eval
length_out_of_range,KWWKWKK,amp_diffusion_train_eval
length_out_of_range,KWWKWKK,amp_diffusion_train_eval
length_out_of_range,KWWKWKK,amp_diffusion_train_eval
length_out_of_range,KWWKWKK,amp_diffusion_train_eval
length_out_of_range,KWWKWKK,amp_diffusion_train_eval
length_out_of_range,KWWKWKK,amp_diffusion_train_eval
length_out_of_range,FPWWWPF,amp_diffusion_train_eval
length_out_of_range,FPWWWPF,amp_diffusion_train_eval
length_out_of_range,FPWWWPF,amp_diffusion_train_eval
length_out_of_range,FPWWWPF,amp_diffusion_train_eval
length_out_of_range,FPWWWPF,amp_diffusion_train_eval
length_out_of_range,FPWWWPF,amp_diffusion_train_eval
length_out_of_range,FPWWWPF,amp_diffusion_train_eval
length_out_of_range,FPWWWPF,amp_diffusion_train_eval
length_out_of_range,FPWWWPF,amp_diffusion_train_eval
length_out_of_range,FPWWWPF,amp_diffusion_train_eval
length_out_of_range,FPWWWPF,amp_diffusion_train_eval
length_out_of_range,IP,amp_diffusion_train_eval
length_out_of_range,IP,amp_diffusion_train_eval
length_out_of_range,IP,amp_diffusion_train_eval
length_out_of_range,IP,amp_diffusion_train_eval
length_out_of_range,IP,amp_diffusion_train_eval
length_out_of_range,IP,amp_diffusion_train_eval
length_out_of_range,IP,amp_diffusion_train_eval
length_out_of_range,IP,amp_diffusion_train_eval
length_out_of_range,IP,amp_diffusion_train_eval
length_out_of_range,IP,amp_diffusion_train_eval
length_out_of_range,IP,amp_diffusion_train_eval
length_out_of_range,VFTNWL,amp_diffusion_train_eval
length_out_of_range,VFTNWL,amp_diffusion_train_eval
length_out_of_range,VFTNWL,amp_diffusion_train_eval
length_out_of_range,VFTNWL,amp_diffusion_train_eval
length_out_of_range,VFTNWL,amp_diffusion_train_eval
length_out_of_range,VFTNWL,amp_diffusion_train_eval
length_out_of_range,VFTNWL,amp_diffusion_train_eval
length_out_of_range,VFTNWL,amp_diffusion_train_eval
length_out_of_range,VFTNWL,amp_diffusion_train_eval
length_out_of_range,VFTNWL,amp_diffusion_train_eval
length_out_of_range,VFTNWL,amp_diffusion_train_eval
length_out_of_range,HIFR,amp_diffusion_train_eval
length_out_of_range,HIFR,amp_diffusion_train_eval
length_out_of_range,HIFR,amp_diffusion_train_eval
length_out_of_range,HIFR,amp_diffusion_train_eval
length_out_of_range,HIFR,amp_diffusion_train_eval
length_out_of_range,HIFR,amp_diffusion_train_eval
length_out_of_range,HIFR,amp_diffusion_train_eval
length_out_of_range,HIFR,amp_diffusion_train_eval
length_out_of_range,HIFR,amp_diffusion_train_eval
length_out_of_range,HIFR,amp_diffusion_train_eval
length_out_of_range,HIFR,amp_diffusion_train_eval
length_out_of_range,PEPE,amp_diffusion_train_eval
length_out_of_range,PEPE,amp_diffusion_train_eval
length_out_of_range,PEPE,amp_diffusion_train_eval
length_out_of_range,PEPE,amp_diffusion_train_eval
length_out_of_range,PEPE,amp_diffusion_train_eval
length_out_of_range,PEPE,amp_diffusion_train_eval
length_out_of_range,PEPE,amp_diffusion_train_eval
length_out_of_range,PEPE,amp_diffusion_train_eval
length_out_of_range,PEPE,amp_diffusion_train_eval
length_out_of_range,PEPE,amp_diffusion_train_eval
length_out_of_range,PEPE,amp_diffusion_train_eval
length_out_of_range,RRKKA,amp_diffusion_train_eval
length_out_of_range,RRKKA,amp_diffusion_train_eval
length_out_of_range,RRKKA,amp_diffusion_train_eval
length_out_of_range,RRKKA,amp_diffusion_train_eval
length_out_of_range,RRKKA,amp_diffusion_train_eval
length_out_of_range,RRKKA,amp_diffusion_train_eval
length_out_of_range,RRKKA,amp_diffusion_train_eval
length_out_of_range,RRKKA,amp_diffusion_train_eval
length_out_of_range,RRKKA,amp_diffusion_train_eval
length_out_of_range,RRKKA,amp_diffusion_train_eval
length_out_of_range,RRKKA,amp_diffusion_train_eval
length_out_of_range,ILKKWPW,amp_diffusion_train_eval
length_out_of_range,ILKKWPW,amp_diffusion_train_eval
length_out_of_range,ILKKWPW,amp_diffusion_train_eval
length_out_of_range,ILKKWPW,amp_diffusion_train_eval
length_out_of_range,ILKKWPW,amp_diffusion_train_eval
length_out_of_range,ILKKWPW,amp_diffusion_train_eval
length_out_of_range,ILKKWPW,amp_diffusion_train_eval
length_out_of_range,ILKKWPW,amp_diffusion_train_eval
length_out_of_range,ILKKWPW,amp_diffusion_train_eval
length_out_of_range,ILKKWPW,amp_diffusion_train_eval
length_out_of_range,ILKKWPW,amp_diffusion_train_eval
length_out_of_range,IRPIRP,amp_diffusion_train_eval
length_out_of_range,IRPIRP,amp_diffusion_train_eval
length_out_of_range,IRPIRP,amp_diffusion_train_eval
length_out_of_range,IRPIRP,amp_diffusion_train_eval
length_out_of_range,IRPIRP,amp_diffusion_train_eval
length_out_of_range,IRPIRP,amp_diffusion_train_eval
length_out_of_range,IRPIRP,amp_diffusion_train_eval
length_out_of_range,IRPIRP,amp_diffusion_train_eval
length_out_of_range,IRPIRP,amp_diffusion_train_eval
length_out_of_range,IRPIRP,amp_diffusion_train_eval
length_out_of_range,IRPIRP,amp_diffusion_train_eval
length_out_of_range,LLEY,amp_diffusion_train_eval
length_out_of_range,LLEY,amp_diffusion_train_eval
length_out_of_range,LLEY,amp_diffusion_train_eval
length_out_of_range,LLEY,amp_diffusion_train_eval
length_out_of_range,LLEY,amp_diffusion_train_eval
length_out_of_range,LLEY,amp_diffusion_train_eval
length_out_of_range,LLEY,amp_diffusion_train_eval
length_out_of_range,LLEY,amp_diffusion_train_eval
length_out_of_range,LLEY,amp_diffusion_train_eval
length_out_of_range,LLEY,amp_diffusion_train_eval
length_out_of_range,LLEY,amp_diffusion_train_eval
length_out_of_range,KKKKK,amp_diffusion_train_eval
length_out_of_range,KKKKK,amp_diffusion_train_eval
length_out_of_range,KKKKK,amp_diffusion_train_eval
length_out_of_range,KKKKK,amp_diffusion_train_eval
length_out_of_range,KKKKK,amp_diffusion_train_eval
length_out_of_range,KKKKK,amp_diffusion_train_eval
length_out_of_range,KKKKK,amp_diffusion_train_eval
length_out_of_range,KKKKK,amp_diffusion_train_eval
length_out_of_range,KKKKK,amp_diffusion_train_eval
length_out_of_range,KKKKK,amp_diffusion_train_eval
length_out_of_range,KKKKK,amp_diffusion_train_eval
length_out_of_range,GFLFHG,amp_diffusion_train_eval
length_out_of_range,GFLFHG,amp_diffusion_train_eval
length_out_of_range,GFLFHG,amp_diffusion_train_eval
length_out_of_range,GFLFHG,amp_diffusion_train_eval
length_out_of_range,GFLFHG,amp_diffusion_train_eval
length_out_of_range,GFLFHG,amp_diffusion_train_eval
length_out_of_range,GFLFHG,amp_diffusion_train_eval
length_out_of_range,GFLFHG,amp_diffusion_train_eval
length_out_of_range,GFLFHG,amp_diffusion_train_eval
length_out_of_range,GFLFHG,amp_diffusion_train_eval
length_out_of_range,GFLFHG,amp_diffusion_train_eval
length_out_of_range,WLLKW,amp_diffusion_train_eval
length_out_of_range,WLLKW,amp_diffusion_train_eval
length_out_of_range,WLLKW,amp_diffusion_train_eval
length_out_of_range,WLLKW,amp_diffusion_train_eval
length_out_of_range,WLLKW,amp_diffusion_train_eval
length_out_of_range,WLLKW,amp_diffusion_train_eval
length_out_of_range,WLLKW,amp_diffusion_train_eval
length_out_of_range,WLLKW,amp_diffusion_train_eval
length_out_of_range,WLLKW,amp_diffusion_train_eval
length_out_of_range,WLLKW,amp_diffusion_train_eval
length_out_of_range,WLLKW,amp_diffusion_train_eval
length_out_of_range,FPVPLPI,amp_diffusion_train_eval
length_out_of_range,FPVPLPI,amp_diffusion_train_eval
length_out_of_range,FPVPLPI,amp_diffusion_train_eval
length_out_of_range,FPVPLPI,amp_diffusion_train_eval
length_out_of_range,FPVPLPI,amp_diffusion_train_eval
length_out_of_range,FPVPLPI,amp_diffusion_train_eval
length_out_of_range,FPVPLPI,amp_diffusion_train_eval
length_out_of_range,FPVPLPI,amp_diffusion_train_eval
length_out_of_range,FPVPLPI,amp_diffusion_train_eval
length_out_of_range,FPVPLPI,amp_diffusion_train_eval
length_out_of_range,FPVPLPI,amp_diffusion_train_eval
length_out_of_range,ILIV,amp_diffusion_train_eval
length_out_of_range,ILIV,amp_diffusion_train_eval
length_out_of_range,ILIV,amp_diffusion_train_eval
length_out_of_range,ILIV,amp_diffusion_train_eval
length_out_of_range,ILIV,amp_diffusion_train_eval
length_out_of_range,ILIV,amp_diffusion_train_eval
length_out_of_range,ILIV,amp_diffusion_train_eval
length_out_of_range,ILIV,amp_diffusion_train_eval
length_out_of_range,ILIV,amp_diffusion_train_eval
length_out_of_range,ILIV,amp_diffusion_train_eval
length_out_of_range,ILIV,amp_diffusion_train_eval
length_out_of_range,RPRRK,amp_diffusion_train_eval
length_out_of_range,RPRRK,amp_diffusion_train_eval
length_out_of_range,RPRRK,amp_diffusion_train_eval
length_out_of_range,RPRRK,amp_diffusion_train_eval
length_out_of_range,RPRRK,amp_diffusion_train_eval
length_out_of_range,RPRRK,amp_diffusion_train_eval
length_out_of_range,RPRRK,amp_diffusion_train_eval
length_out_of_range,RPRRK,amp_diffusion_train_eval
length_out_of_range,RPRRK,amp_diffusion_train_eval
length_out_of_range,RPRRK,amp_diffusion_train_eval
length_out_of_range,RPRRK,amp_diffusion_train_eval
length_out_of_range,GADDDDD,amp_diffusion_train_eval
length_out_of_range,GADDDDD,amp_diffusion_train_eval
length_out_of_range,GADDDDD,amp_diffusion_train_eval
length_out_of_range,GADDDDD,amp_diffusion_train_eval
length_out_of_range,GADDDDD,amp_diffusion_train_eval
length_out_of_range,GADDDDD,amp_diffusion_train_eval
length_out_of_range,GADDDDD,amp_diffusion_train_eval
length_out_of_range,GADDDDD,amp_diffusion_train_eval
length_out_of_range,GADDDDD,amp_diffusion_train_eval
length_out_of_range,GADDDDD,amp_diffusion_train_eval
length_out_of_range,GADDDDD,amp_diffusion_train_eval
length_out_of_range,YC,amp_diffusion_train_eval
length_out_of_range,YC,amp_diffusion_train_eval
length_out_of_range,YC,amp_diffusion_train_eval
length_out_of_range,YC,amp_diffusion_train_eval
length_out_of_range,YC,amp_diffusion_train_eval
length_out_of_range,YC,amp_diffusion_train_eval
length_out_of_range,YC,amp_diffusion_train_eval
length_out_of_range,YC,amp_diffusion_train_eval
length_out_of_range,YC,amp_diffusion_train_eval
length_out_of_range,YC,amp_diffusion_train_eval
length_out_of_range,YC,amp_diffusion_train_eval
length_out_of_range,KFRAWVR,amp_diffusion_train_eval
length_out_of_range,KFRAWVR,amp_diffusion_train_eval
length_out_of_range,KFRAWVR,amp_diffusion_train_eval
length_out_of_range,KFRAWVR,amp_diffusion_train_eval
length_out_of_range,KFRAWVR,amp_diffusion_train_eval
length_out_of_range,KFRAWVR,amp_diffusion_train_eval
length_out_of_range,KFRAWVR,amp_diffusion_train_eval
length_out_of_range,KFRAWVR,amp_diffusion_train_eval
length_out_of_range,KFRAWVR,amp_diffusion_train_eval
length_out_of_range,KFRAWVR,amp_diffusion_train_eval
length_out_of_range,KFRAWVR,amp_diffusion_train_eval
length_out_of_range,KVSWR,amp_diffusion_train_eval
length_out_of_range,KVSWR,amp_diffusion_train_eval
length_out_of_range,KVSWR,amp_diffusion_train_eval
length_out_of_range,KVSWR,amp_diffusion_train_eval
length_out_of_range,KVSWR,amp_diffusion_train_eval
length_out_of_range,KVSWR,amp_diffusion_train_eval
length_out_of_range,KVSWR,amp_diffusion_train_eval
length_out_of_range,KVSWR,amp_diffusion_train_eval
length_out_of_range,KVSWR,amp_diffusion_train_eval
length_out_of_range,KVSWR,amp_diffusion_train_eval
length_out_of_range,KVSWR,amp_diffusion_train_eval
length_out_of_range,RKTWFW,amp_diffusion_train_eval
length_out_of_range,RKTWFW,amp_diffusion_train_eval
length_out_of_range,RKTWFW,amp_diffusion_train_eval
length_out_of_range,RKTWFW,amp_diffusion_train_eval
length_out_of_range,RKTWFW,amp_diffusion_train_eval
length_out_of_range,RKTWFW,amp_diffusion_train_eval
length_out_of_range,RKTWFW,amp_diffusion_train_eval
length_out_of_range,RKTWFW,amp_diffusion_train_eval
length_out_of_range,RKTWFW,amp_diffusion_train_eval
length_out_of_range,RKTWFW,amp_diffusion_train_eval
length_out_of_range,RKTWFW,amp_diffusion_train_eval
length_out_of_range,YQCGQGG,amp_diffusion_train_eval
length_out_of_range,YQCGQGG,amp_diffusion_train_eval
length_out_of_range,YQCGQGG,amp_diffusion_train_eval
length_out_of_range,YQCGQGG,amp_diffusion_train_eval
length_out_of_range,YQCGQGG,amp_diffusion_train_eval
length_out_of_range,YQCGQGG,amp_diffusion_train_eval
length_out_of_range,YQCGQGG,amp_diffusion_train_eval
length_out_of_range,YQCGQGG,amp_diffusion_train_eval
length_out_of_range,YQCGQGG,amp_diffusion_train_eval
length_out_of_range,YQCGQGG,amp_diffusion_train_eval
length_out_of_range,YQCGQGG,amp_diffusion_train_eval
length_out_of_range,HA,amp_diffusion_train_eval
length_out_of_range,HA,amp_diffusion_train_eval
length_out_of_range,HA,amp_diffusion_train_eval
length_out_of_range,HA,amp_diffusion_train_eval
length_out_of_range,HA,amp_diffusion_train_eval
length_out_of_range,HA,amp_diffusion_train_eval
length_out_of_range,HA,amp_diffusion_train_eval
length_out_of_range,HA,amp_diffusion_train_eval
length_out_of_range,HA,amp_diffusion_train_eval
length_out_of_range,HA,amp_diffusion_train_eval
length_out_of_range,HA,amp_diffusion_train_eval
length_out_of_range,LIPFPFP,amp_diffusion_train_eval
length_out_of_range,LIPFPFP,amp_diffusion_train_eval
length_out_of_range,LIPFPFP,amp_diffusion_train_eval
length_out_of_range,LIPFPFP,amp_diffusion_train_eval
length_out_of_range,LIPFPFP,amp_diffusion_train_eval
length_out_of_range,LIPFPFP,amp_diffusion_train_eval
length_out_of_range,LIPFPFP,amp_diffusion_train_eval
length_out_of_range,LIPFPFP,amp_diffusion_train_eval
length_out_of_range,LIPFPFP,amp_diffusion_train_eval
length_out_of_range,LIPFPFP,amp_diffusion_train_eval
length_out_of_range,LIPFPFP,amp_diffusion_train_eval
length_out_of_range,WWTSASR,amp_diffusion_train_eval
length_out_of_range,WWTSASR,amp_diffusion_train_eval
length_out_of_range,WWTSASR,amp_diffusion_train_eval
length_out_of_range,WWTSASR,amp_diffusion_train_eval
length_out_of_range,WWTSASR,amp_diffusion_train_eval
length_out_of_range,WWTSASR,amp_diffusion_train_eval
length_out_of_range,WWTSASR,amp_diffusion_train_eval
length_out_of_range,WWTSASR,amp_diffusion_train_eval
length_out_of_range,WWTSASR,amp_diffusion_train_eval
length_out_of_range,WWTSASR,amp_diffusion_train_eval
length_out_of_range,WWTSASR,amp_diffusion_train_eval
length_out_of_range,RRWWRR,amp_diffusion_train_eval
length_out_of_range,RRWWRR,amp_diffusion_train_eval
length_out_of_range,RRWWRR,amp_diffusion_train_eval
length_out_of_range,RRWWRR,amp_diffusion_train_eval
length_out_of_range,RRWWRR,amp_diffusion_train_eval
length_out_of_range,RRWWRR,amp_diffusion_train_eval
length_out_of_range,RRWWRR,amp_diffusion_train_eval
length_out_of_range,RRWWRR,amp_diffusion_train_eval
length_out_of_range,RRWWRR,amp_diffusion_train_eval
length_out_of_range,RRWWRR,amp_diffusion_train_eval
length_out_of_range,RRWWRR,amp_diffusion_train_eval
length_out_of_range,RSTEDI,amp_diffusion_train_eval
length_out_of_range,RSTEDI,amp_diffusion_train_eval
length_out_of_range,RSTEDI,amp_diffusion_train_eval
length_out_of_range,RSTEDI,amp_diffusion_train_eval
length_out_of_range,RSTEDI,amp_diffusion_train_eval
length_out_of_range,RSTEDI,amp_diffusion_train_eval
length_out_of_range,RSTEDI,amp_diffusion_train_eval
length_out_of_range,RSTEDI,amp_diffusion_train_eval
length_out_of_range,RSTEDI,amp_diffusion_train_eval
length_out_of_range,RSTEDI,amp_diffusion_train_eval
length_out_of_range,RSTEDI,amp_diffusion_train_eval
length_out_of_range,CKYRWR,amp_diffusion_train_eval
length_out_of_range,CKYRWR,amp_diffusion_train_eval
length_out_of_range,CKYRWR,amp_diffusion_train_eval
length_out_of_range,CKYRWR,amp_diffusion_train_eval
length_out_of_range,CKYRWR,amp_diffusion_train_eval
length_out_of_range,CKYRWR,amp_diffusion_train_eval
length_out_of_range,CKYRWR,amp_diffusion_train_eval
length_out_of_range,CKYRWR,amp_diffusion_train_eval
length_out_of_range,CKYRWR,amp_diffusion_train_eval
length_out_of_range,CKYRWR,amp_diffusion_train_eval
length_out_of_range,CKYRWR,amp_diffusion_train_eval
length_out_of_range,AGPAY,amp_diffusion_train_eval
length_out_of_range,AGPAY,amp_diffusion_train_eval
length_out_of_range,AGPAY,amp_diffusion_train_eval
length_out_of_range,AGPAY,amp_diffusion_train_eval
length_out_of_range,AGPAY,amp_diffusion_train_eval
length_out_of_range,AGPAY,amp_diffusion_train_eval
length_out_of_range,AGPAY,amp_diffusion_train_eval
length_out_of_range,AGPAY,amp_diffusion_train_eval
length_out_of_range,AGPAY,amp_diffusion_train_eval
length_out_of_range,AGPAY,amp_diffusion_train_eval
length_out_of_range,AGPAY,amp_diffusion_train_eval
length_out_of_range,WK,amp_diffusion_train_eval
length_out_of_range,WK,amp_diffusion_train_eval
length_out_of_range,WK,amp_diffusion_train_eval
length_out_of_range,WK,amp_diffusion_train_eval
length_out_of_range,WK,amp_diffusion_train_eval
length_out_of_range,WK,amp_diffusion_train_eval
length_out_of_range,WK,amp_diffusion_train_eval
length_out_of_range,WK,amp_diffusion_train_eval
length_out_of_range,WK,amp_diffusion_train_eval
length_out_of_range,WK,amp_diffusion_train_eval
length_out_of_range,WK,amp_diffusion_train_eval
length_out_of_range,MQYNRR,amp_diffusion_train_eval
length_out_of_range,MQYNRR,amp_diffusion_train_eval
length_out_of_range,MQYNRR,amp_diffusion_train_eval
length_out_of_range,MQYNRR,amp_diffusion_train_eval
length_out_of_range,MQYNRR,amp_diffusion_train_eval
length_out_of_range,MQYNRR,amp_diffusion_train_eval
length_out_of_range,MQYNRR,amp_diffusion_train_eval
length_out_of_range,MQYNRR,amp_diffusion_train_eval
length_out_of_range,MQYNRR,amp_diffusion_train_eval
length_out_of_range,MQYNRR,amp_diffusion_train_eval
length_out_of_range,MQYNRR,amp_diffusion_train_eval
length_out_of_range,RRWWR,amp_diffusion_train_eval
length_out_of_range,RRWWR,amp_diffusion_train_eval
length_out_of_range,RRWWR,amp_diffusion_train_eval
length_out_of_range,RRWWR,amp_diffusion_train_eval
length_out_of_range,RRWWR,amp_diffusion_train_eval
length_out_of_range,RRWWR,amp_diffusion_train_eval
length_out_of_range,RRWWR,amp_diffusion_train_eval
length_out_of_range,RRWWR,amp_diffusion_train_eval
length_out_of_range,RRWWR,amp_diffusion_train_eval
length_out_of_range,RRWWR,amp_diffusion_train_eval
length_out_of_range,RRWWR,amp_diffusion_train_eval
length_out_of_range,YTSLIH,amp_diffusion_train_eval
length_out_of_range,YTSLIH,amp_diffusion_train_eval
length_out_of_range,YTSLIH,amp_diffusion_train_eval
length_out_of_range,YTSLIH,amp_diffusion_train_eval
length_out_of_range,YTSLIH,amp_diffusion_train_eval
length_out_of_range,YTSLIH,amp_diffusion_train_eval
length_out_of_range,YTSLIH,amp_diffusion_train_eval
length_out_of_range,YTSLIH,amp_diffusion_train_eval
length_out_of_range,YTSLIH,amp_diffusion_train_eval
length_out_of_range,YTSLIH,amp_diffusion_train_eval
length_out_of_range,YTSLIH,amp_diffusion_train_eval
length_out_of_range,HPAYNAK,amp_diffusion_train_eval
length_out_of_range,HPAYNAK,amp_diffusion_train_eval
length_out_of_range,HPAYNAK,amp_diffusion_train_eval
length_out_of_range,HPAYNAK,amp_diffusion_train_eval
length_out_of_range,HPAYNAK,amp_diffusion_train_eval
length_out_of_range,HPAYNAK,amp_diffusion_train_eval
length_out_of_range,HPAYNAK,amp_diffusion_train_eval
length_out_of_range,HPAYNAK,amp_diffusion_train_eval
length_out_of_range,HPAYNAK,amp_diffusion_train_eval
length_out_of_range,HPAYNAK,amp_diffusion_train_eval
length_out_of_range,HPAYNAK,amp_diffusion_train_eval
length_out_of_range,DDDDDP,amp_diffusion_train_eval
length_out_of_range,DDDDDP,amp_diffusion_train_eval
length_out_of_range,DDDDDP,amp_diffusion_train_eval
length_out_of_range,DDDDDP,amp_diffusion_train_eval
length_out_of_range,DDDDDP,amp_diffusion_train_eval
length_out_of_range,DDDDDP,amp_diffusion_train_eval
length_out_of_range,DDDDDP,amp_diffusion_train_eval
length_out_of_range,DDDDDP,amp_diffusion_train_eval
length_out_of_range,DDDDDP,amp_diffusion_train_eval
length_out_of_range,DDDDDP,amp_diffusion_train_eval
length_out_of_range,DDDDDP,amp_diffusion_train_eval
length_out_of_range,VSRKRPR,amp_diffusion_train_eval
length_out_of_range,VSRKRPR,amp_diffusion_train_eval
length_out_of_range,VSRKRPR,amp_diffusion_train_eval
length_out_of_range,VSRKRPR,amp_diffusion_train_eval
length_out_of_range,VSRKRPR,amp_diffusion_train_eval
length_out_of_range,VSRKRPR,amp_diffusion_train_eval
length_out_of_range,VSRKRPR,amp_diffusion_train_eval
length_out_of_range,VSRKRPR,amp_diffusion_train_eval
length_out_of_range,VSRKRPR,amp_diffusion_train_eval
length_out_of_range,VSRKRPR,amp_diffusion_train_eval
length_out_of_range,VSRKRPR,amp_diffusion_train_eval
length_out_of_range,WL,amp_diffusion_train_eval
length_out_of_range,WL,amp_diffusion_train_eval
length_out_of_range,WL,amp_diffusion_train_eval
length_out_of_range,WL,amp_diffusion_train_eval
length_out_of_range,WL,amp_diffusion_train_eval
length_out_of_range,WL,amp_diffusion_train_eval
length_out_of_range,WL,amp_diffusion_train_eval
length_out_of_range,WL,amp_diffusion_train_eval
length_out_of_range,WL,amp_diffusion_train_eval
length_out_of_range,WL,amp_diffusion_train_eval
length_out_of_range,WL,amp_diffusion_train_eval
length_out_of_range,QYGN,amp_diffusion_train_eval
length_out_of_range,QYGN,amp_diffusion_train_eval
length_out_of_range,QYGN,amp_diffusion_train_eval
length_out_of_range,QYGN,amp_diffusion_train_eval
length_out_of_range,QYGN,amp_diffusion_train_eval
length_out_of_range,QYGN,amp_diffusion_train_eval
length_out_of_range,QYGN,amp_diffusion_train_eval
length_out_of_range,QYGN,amp_diffusion_train_eval
length_out_of_range,QYGN,amp_diffusion_train_eval
length_out_of_range,QYGN,amp_diffusion_train_eval
length_out_of_range,QYGN,amp_diffusion_train_eval
length_out_of_range,IEKKIEA,amp_diffusion_train_eval
length_out_of_range,IEKKIEA,amp_diffusion_train_eval
length_out_of_range,IEKKIEA,amp_diffusion_train_eval
length_out_of_range,IEKKIEA,amp_diffusion_train_eval
length_out_of_range,IEKKIEA,amp_diffusion_train_eval
length_out_of_range,IEKKIEA,amp_diffusion_train_eval
length_out_of_range,IEKKIEA,amp_diffusion_train_eval
length_out_of_range,IEKKIEA,amp_diffusion_train_eval
length_out_of_range,IEKKIEA,amp_diffusion_train_eval
length_out_of_range,IEKKIEA,amp_diffusion_train_eval
length_out_of_range,IEKKIEA,amp_diffusion_train_eval
length_out_of_range,L,amp_diffusion_train_eval
length_out_of_range,L,amp_diffusion_train_eval
length_out_of_range,L,amp_diffusion_train_eval
length_out_of_range,L,amp_diffusion_train_eval
length_out_of_range,L,amp_diffusion_train_eval
length_out_of_range,L,amp_diffusion_train_eval
length_out_of_range,L,amp_diffusion_train_eval
length_out_of_range,L,amp_diffusion_train_eval
length_out_of_range,L,amp_diffusion_train_eval
length_out_of_range,L,amp_diffusion_train_eval
length_out_of_range,L,amp_diffusion_train_eval
length_out_of_range,LFGRAP,amp_diffusion_train_eval
length_out_of_range,LFGRAP,amp_diffusion_train_eval
length_out_of_range,LFGRAP,amp_diffusion_train_eval
length_out_of_range,LFGRAP,amp_diffusion_train_eval
length_out_of_range,LFGRAP,amp_diffusion_train_eval
length_out_of_range,LFGRAP,amp_diffusion_train_eval
length_out_of_range,LFGRAP,amp_diffusion_train_eval
length_out_of_range,LFGRAP,amp_diffusion_train_eval
length_out_of_range,LFGRAP,amp_diffusion_train_eval
length_out_of_range,LFGRAP,amp_diffusion_train_eval
length_out_of_range,LFGRAP,amp_diffusion_train_eval
length_out_of_range,CVWLVVV,amp_diffusion_train_eval
length_out_of_range,CVWLVVV,amp_diffusion_train_eval
length_out_of_range,CVWLVVV,amp_diffusion_train_eval
length_out_of_range,CVWLVVV,amp_diffusion_train_eval
length_out_of_range,CVWLVVV,amp_diffusion_train_eval
length_out_of_range,CVWLVVV,amp_diffusion_train_eval
length_out_of_range,CVWLVVV,amp_diffusion_train_eval
length_out_of_range,CVWLVVV,amp_diffusion_train_eval
length_out_of_range,CVWLVVV,amp_diffusion_train_eval
length_out_of_range,CVWLVVV,amp_diffusion_train_eval
length_out_of_range,CVWLVVV,amp_diffusion_train_eval
length_out_of_range,TVVTQA,amp_diffusion_train_eval
length_out_of_range,TVVTQA,amp_diffusion_train_eval
length_out_of_range,TVVTQA,amp_diffusion_train_eval
length_out_of_range,TVVTQA,amp_diffusion_train_eval
length_out_of_range,TVVTQA,amp_diffusion_train_eval
length_out_of_range,TVVTQA,amp_diffusion_train_eval
length_out_of_range,TVVTQA,amp_diffusion_train_eval
length_out_of_range,TVVTQA,amp_diffusion_train_eval
length_out_of_range,TVVTQA,amp_diffusion_train_eval
length_out_of_range,TVVTQA,amp_diffusion_train_eval
length_out_of_range,TVVTQA,amp_diffusion_train_eval
length_out_of_range,LV,amp_diffusion_train_eval
length_out_of_range,LV,amp_diffusion_train_eval
length_out_of_range,LV,amp_diffusion_train_eval
length_out_of_range,LV,amp_diffusion_train_eval
length_out_of_range,LV,amp_diffusion_train_eval
length_out_of_range,LV,amp_diffusion_train_eval
length_out_of_range,LV,amp_diffusion_train_eval
length_out_of_range,LV,amp_diffusion_train_eval
length_out_of_range,LV,amp_diffusion_train_eval
length_out_of_range,LV,amp_diffusion_train_eval
length_out_of_range,LV,amp_diffusion_train_eval
length_out_of_range,GGCC,amp_diffusion_train_eval
length_out_of_range,GGCC,amp_diffusion_train_eval
length_out_of_range,GGCC,amp_diffusion_train_eval
length_out_of_range,GGCC,amp_diffusion_train_eval
length_out_of_range,GGCC,amp_diffusion_train_eval
length_out_of_range,GGCC,amp_diffusion_train_eval
length_out_of_range,GGCC,amp_diffusion_train_eval
length_out_of_range,GGCC,amp_diffusion_train_eval
length_out_of_range,GGCC,amp_diffusion_train_eval
length_out_of_range,GGCC,amp_diffusion_train_eval
length_out_of_range,GGCC,amp_diffusion_train_eval
length_out_of_range,KPWERL,amp_diffusion_train_eval
length_out_of_range,KPWERL,amp_diffusion_train_eval
length_out_of_range,KPWERL,amp_diffusion_train_eval
length_out_of_range,KPWERL,amp_diffusion_train_eval
length_out_of_range,KPWERL,amp_diffusion_train_eval
length_out_of_range,KPWERL,amp_diffusion_train_eval
length_out_of_range,KPWERL,amp_diffusion_train_eval
length_out_of_range,KPWERL,amp_diffusion_train_eval
length_out_of_range,KPWERL,amp_diffusion_train_eval
length_out_of_range,KPWERL,amp_diffusion_train_eval
length_out_of_range,KPWERL,amp_diffusion_train_eval
length_out_of_range,KYKETDL,amp_diffusion_train_eval
length_out_of_range,KYKETDL,amp_diffusion_train_eval
length_out_of_range,KYKETDL,amp_diffusion_train_eval
length_out_of_range,KYKETDL,amp_diffusion_train_eval
length_out_of_range,KYKETDL,amp_diffusion_train_eval
length_out_of_range,KYKETDL,amp_diffusion_train_eval
length_out_of_range,KYKETDL,amp_diffusion_train_eval
length_out_of_range,KYKETDL,amp_diffusion_train_eval
length_out_of_range,KYKETDL,amp_diffusion_train_eval
length_out_of_range,KYKETDL,amp_diffusion_train_eval
length_out_of_range,KYKETDL,amp_diffusion_train_eval
length_out_of_range,FFYMVI,amp_diffusion_train_eval
length_out_of_range,FFYMVI,amp_diffusion_train_eval
length_out_of_range,FFYMVI,amp_diffusion_train_eval
length_out_of_range,FFYMVI,amp_diffusion_train_eval
length_out_of_range,FFYMVI,amp_diffusion_train_eval
length_out_of_range,FFYMVI,amp_diffusion_train_eval
length_out_of_range,FFYMVI,amp_diffusion_train_eval
length_out_of_range,FFYMVI,amp_diffusion_train_eval
length_out_of_range,FFYMVI,amp_diffusion_train_eval
length_out_of_range,FFYMVI,amp_diffusion_train_eval
length_out_of_range,FFYMVI,amp_diffusion_train_eval
length_out_of_range,NNLLRAI,amp_diffusion_train_eval
length_out_of_range,NNLLRAI,amp_diffusion_train_eval
length_out_of_range,NNLLRAI,amp_diffusion_train_eval
length_out_of_range,NNLLRAI,amp_diffusion_train_eval
length_out_of_range,NNLLRAI,amp_diffusion_train_eval
length_out_of_range,NNLLRAI,amp_diffusion_train_eval
length_out_of_range,NNLLRAI,amp_diffusion_train_eval
length_out_of_range,NNLLRAI,amp_diffusion_train_eval
length_out_of_range,NNLLRAI,amp_diffusion_train_eval
length_out_of_range,NNLLRAI,amp_diffusion_train_eval
length_out_of_range,NNLLRAI,amp_diffusion_train_eval
length_out_of_range,FC,amp_diffusion_train_eval
length_out_of_range,FC,amp_diffusion_train_eval
length_out_of_range,FC,amp_diffusion_train_eval
length_out_of_range,FC,amp_diffusion_train_eval
length_out_of_range,FC,amp_diffusion_train_eval
length_out_of_range,FC,amp_diffusion_train_eval
length_out_of_range,FC,amp_diffusion_train_eval
length_out_of_range,FC,amp_diffusion_train_eval
length_out_of_range,FC,amp_diffusion_train_eval
length_out_of_range,FC,amp_diffusion_train_eval
length_out_of_range,FC,amp_diffusion_train_eval
length_out_of_range,VPTKPWW,amp_diffusion_train_eval
length_out_of_range,VPTKPWW,amp_diffusion_train_eval
length_out_of_range,VPTKPWW,amp_diffusion_train_eval
length_out_of_range,VPTKPWW,amp_diffusion_train_eval
length_out_of_range,VPTKPWW,amp_diffusion_train_eval
length_out_of_range,VPTKPWW,amp_diffusion_train_eval
length_out_of_range,VPTKPWW,amp_diffusion_train_eval
length_out_of_range,VPTKPWW,amp_diffusion_train_eval
length_out_of_range,VPTKPWW,amp_diffusion_train_eval
length_out_of_range,VPTKPWW,amp_diffusion_train_eval
length_out_of_range,VPTKPWW,amp_diffusion_train_eval
length_out_of_range,RRWFWR,amp_diffusion_train_eval
length_out_of_range,RRWFWR,amp_diffusion_train_eval
length_out_of_range,RRWFWR,amp_diffusion_train_eval
length_out_of_range,RRWFWR,amp_diffusion_train_eval
length_out_of_range,RRWFWR,amp_diffusion_train_eval
length_out_of_range,RRWFWR,amp_diffusion_train_eval
length_out_of_range,RRWFWR,amp_diffusion_train_eval
length_out_of_range,RRWFWR,amp_diffusion_train_eval
length_out_of_range,RRWFWR,amp_diffusion_train_eval
length_out_of_range,RRWFWR,amp_diffusion_train_eval
length_out_of_range,RRWFWR,amp_diffusion_train_eval
length_out_of_range,PRRRK,amp_diffusion_train_eval
length_out_of_range,PRRRK,amp_diffusion_train_eval
length_out_of_range,PRRRK,amp_diffusion_train_eval
length_out_of_range,PRRRK,amp_diffusion_train_eval
length_out_of_range,PRRRK,amp_diffusion_train_eval
length_out_of_range,PRRRK,amp_diffusion_train_eval
length_out_of_range,PRRRK,amp_diffusion_train_eval
length_out_of_range,PRRRK,amp_diffusion_train_eval
length_out_of_range,PRRRK,amp_diffusion_train_eval
length_out_of_range,PRRRK,amp_diffusion_train_eval
length_out_of_range,PRRRK,amp_diffusion_train_eval
length_out_of_range,RWRWR,amp_diffusion_train_eval
length_out_of_range,RWRWR,amp_diffusion_train_eval
length_out_of_range,RWRWR,amp_diffusion_train_eval
length_out_of_range,RWRWR,amp_diffusion_train_eval
length_out_of_range,RWRWR,amp_diffusion_train_eval
length_out_of_range,RWRWR,amp_diffusion_train_eval
length_out_of_range,RWRWR,amp_diffusion_train_eval
length_out_of_range,RWRWR,amp_diffusion_train_eval
length_out_of_range,RWRWR,amp_diffusion_train_eval
length_out_of_range,RWRWR,amp_diffusion_train_eval
length_out_of_range,RWRWR,amp_diffusion_train_eval
length_out_of_range,GI,amp_diffusion_train_eval
length_out_of_range,GI,amp_diffusion_train_eval
length_out_of_range,GI,amp_diffusion_train_eval
length_out_of_range,GI,amp_diffusion_train_eval
length_out_of_range,GI,amp_diffusion_train_eval
length_out_of_range,GI,amp_diffusion_train_eval
length_out_of_range,GI,amp_diffusion_train_eval
length_out_of_range,GI,amp_diffusion_train_eval
length_out_of_range,GI,amp_diffusion_train_eval
length_out_of_range,GI,amp_diffusion_train_eval
length_out_of_range,GI,amp_diffusion_train_eval
length_out_of_range,YSYFTVV,amp_diffusion_train_eval
length_out_of_range,YSYFTVV,amp_diffusion_train_eval
length_out_of_range,YSYFTVV,amp_diffusion_train_eval
length_out_of_range,YSYFTVV,amp_diffusion_train_eval
length_out_of_range,YSYFTVV,amp_diffusion_train_eval
length_out_of_range,YSYFTVV,amp_diffusion_train_eval
length_out_of_range,YSYFTVV,amp_diffusion_train_eval
length_out_of_range,YSYFTVV,amp_diffusion_train_eval
length_out_of_range,YSYFTVV,amp_diffusion_train_eval
length_out_of_range,YSYFTVV,amp_diffusion_train_eval
length_out_of_range,YSYFTVV,amp_diffusion_train_eval
length_out_of_range,ADDDDDD,amp_diffusion_train_eval
length_out_of_range,ADDDDDD,amp_diffusion_train_eval
length_out_of_range,ADDDDDD,amp_diffusion_train_eval
length_out_of_range,ADDDDDD,amp_diffusion_train_eval
length_out_of_range,ADDDDDD,amp_diffusion_train_eval
length_out_of_range,ADDDDDD,amp_diffusion_train_eval
length_out_of_range,ADDDDDD,amp_diffusion_train_eval
length_out_of_range,ADDDDDD,amp_diffusion_train_eval
length_out_of_range,ADDDDDD,amp_diffusion_train_eval
length_out_of_range,ADDDDDD,amp_diffusion_train_eval
length_out_of_range,ADDDDDD,amp_diffusion_train_eval
length_out_of_range,SEKDEL,amp_diffusion_train_eval
length_out_of_range,SEKDEL,amp_diffusion_train_eval
length_out_of_range,SEKDEL,amp_diffusion_train_eval
length_out_of_range,SEKDEL,amp_diffusion_train_eval
length_out_of_range,SEKDEL,amp_diffusion_train_eval
length_out_of_range,SEKDEL,amp_diffusion_train_eval
length_out_of_range,SEKDEL,amp_diffusion_train_eval
length_out_of_range,SEKDEL,amp_diffusion_train_eval
length_out_of_range,SEKDEL,amp_diffusion_train_eval
length_out_of_range,SEKDEL,amp_diffusion_train_eval
length_out_of_range,SEKDEL,amp_diffusion_train_eval
length_out_of_range,WMMPNN,amp_diffusion_train_eval
length_out_of_range,WMMPNN,amp_diffusion_train_eval
length_out_of_range,WMMPNN,amp_diffusion_train_eval
length_out_of_range,WMMPNN,amp_diffusion_train_eval
length_out_of_range,WMMPNN,amp_diffusion_train_eval
length_out_of_range,WMMPNN,amp_diffusion_train_eval
length_out_of_range,WMMPNN,amp_diffusion_train_eval
length_out_of_range,WMMPNN,amp_diffusion_train_eval
length_out_of_range,WMMPNN,amp_diffusion_train_eval
length_out_of_range,WMMPNN,amp_diffusion_train_eval
length_out_of_range,WMMPNN,amp_diffusion_train_eval
length_out_of_range,ICYFPC,amp_diffusion_train_eval
length_out_of_range,ICYFPC,amp_diffusion_train_eval
length_out_of_range,ICYFPC,amp_diffusion_train_eval
length_out_of_range,ICYFPC,amp_diffusion_train_eval
length_out_of_range,ICYFPC,amp_diffusion_train_eval
length_out_of_range,ICYFPC,amp_diffusion_train_eval
length_out_of_range,ICYFPC,amp_diffusion_train_eval
length_out_of_range,ICYFPC,amp_diffusion_train_eval
length_out_of_range,ICYFPC,amp_diffusion_train_eval
length_out_of_range,ICYFPC,amp_diffusion_train_eval
length_out_of_range,ICYFPC,amp_diffusion_train_eval
length_out_of_range,WWYYII,amp_diffusion_train_eval
length_out_of_range,WWYYII,amp_diffusion_train_eval
length_out_of_range,WWYYII,amp_diffusion_train_eval
length_out_of_range,WWYYII,amp_diffusion_train_eval
length_out_of_range,WWYYII,amp_diffusion_train_eval
length_out_of_range,WWYYII,amp_diffusion_train_eval
length_out_of_range,WWYYII,amp_diffusion_train_eval
length_out_of_range,WWYYII,amp_diffusion_train_eval
length_out_of_range,WWYYII,amp_diffusion_train_eval
length_out_of_range,WWYYII,amp_diffusion_train_eval
length_out_of_range,WWYYII,amp_diffusion_train_eval
length_out_of_range,QEAGLKK,amp_diffusion_train_eval
length_out_of_range,QEAGLKK,amp_diffusion_train_eval
length_out_of_range,QEAGLKK,amp_diffusion_train_eval
length_out_of_range,QEAGLKK,amp_diffusion_train_eval
length_out_of_range,QEAGLKK,amp_diffusion_train_eval
length_out_of_range,QEAGLKK,amp_diffusion_train_eval
length_out_of_range,QEAGLKK,amp_diffusion_train_eval
length_out_of_range,QEAGLKK,amp_diffusion_train_eval
length_out_of_range,QEAGLKK,amp_diffusion_train_eval
length_out_of_range,QEAGLKK,amp_diffusion_train_eval
length_out_of_range,QEAGLKK,amp_diffusion_train_eval
length_out_of_range,FVY,amp_diffusion_train_eval
length_out_of_range,FVY,amp_diffusion_train_eval
length_out_of_range,FVY,amp_diffusion_train_eval
length_out_of_range,FVY,amp_diffusion_train_eval
length_out_of_range,FVY,amp_diffusion_train_eval
length_out_of_range,FVY,amp_diffusion_train_eval
length_out_of_range,FVY,amp_diffusion_train_eval
length_out_of_range,FVY,amp_diffusion_train_eval
length_out_of_range,FVY,amp_diffusion_train_eval
length_out_of_range,FVY,amp_diffusion_train_eval
length_out_of_range,FVY,amp_diffusion_train_eval
length_out_of_range,VLLTEAP,amp_diffusion_train_eval
length_out_of_range,VLLTEAP,amp_diffusion_train_eval
length_out_of_range,VLLTEAP,amp_diffusion_train_eval
length_out_of_range,VLLTEAP,amp_diffusion_train_eval
length_out_of_range,VLLTEAP,amp_diffusion_train_eval
length_out_of_range,VLLTEAP,amp_diffusion_train_eval
length_out_of_range,VLLTEAP,amp_diffusion_train_eval
length_out_of_range,VLLTEAP,amp_diffusion_train_eval
length_out_of_range,VLLTEAP,amp_diffusion_train_eval
length_out_of_range,VLLTEAP,amp_diffusion_train_eval
length_out_of_range,VLLTEAP,amp_diffusion_train_eval
length_out_of_range,FPFP,amp_diffusion_train_eval
length_out_of_range,FPFP,amp_diffusion_train_eval
length_out_of_range,FPFP,amp_diffusion_train_eval
length_out_of_range,FPFP,amp_diffusion_train_eval
length_out_of_range,FPFP,amp_diffusion_train_eval
length_out_of_range,FPFP,amp_diffusion_train_eval
length_out_of_range,FPFP,amp_diffusion_train_eval
length_out_of_range,FPFP,amp_diffusion_train_eval
length_out_of_range,FPFP,amp_diffusion_train_eval
length_out_of_range,FPFP,amp_diffusion_train_eval
length_out_of_range,FPFP,amp_diffusion_train_eval
length_out_of_range,RLARIV,amp_diffusion_train_eval
length_out_of_range,RLARIV,amp_diffusion_train_eval
length_out_of_range,RLARIV,amp_diffusion_train_eval
length_out_of_range,RLARIV,amp_diffusion_train_eval
length_out_of_range,RLARIV,amp_diffusion_train_eval
length_out_of_range,RLARIV,amp_diffusion_train_eval
length_out_of_range,RLARIV,amp_diffusion_train_eval
length_out_of_range,RLARIV,amp_diffusion_train_eval
length_out_of_range,RLARIV,amp_diffusion_train_eval
length_out_of_range,RLARIV,amp_diffusion_train_eval
length_out_of_range,RLARIV,amp_diffusion_train_eval
length_out_of_range,GPCFSGC,amp_diffusion_train_eval
length_out_of_range,GPCFSGC,amp_diffusion_train_eval
length_out_of_range,GPCFSGC,amp_diffusion_train_eval
length_out_of_range,GPCFSGC,amp_diffusion_train_eval
length_out_of_range,GPCFSGC,amp_diffusion_train_eval
length_out_of_range,GPCFSGC,amp_diffusion_train_eval
length_out_of_range,GPCFSGC,amp_diffusion_train_eval
length_out_of_range,GPCFSGC,amp_diffusion_train_eval
length_out_of_range,GPCFSGC,amp_diffusion_train_eval
length_out_of_range,GPCFSGC,amp_diffusion_train_eval
length_out_of_range,GPCFSGC,amp_diffusion_train_eval
length_out_of_range,KFKQ,amp_diffusion_train_eval
length_out_of_range,KFKQ,amp_diffusion_train_eval
length_out_of_range,KFKQ,amp_diffusion_train_eval
length_out_of_range,KFKQ,amp_diffusion_train_eval
length_out_of_range,KFKQ,amp_diffusion_train_eval
length_out_of_range,KFKQ,amp_diffusion_train_eval
length_out_of_range,KFKQ,amp_diffusion_train_eval
length_out_of_range,KFKQ,amp_diffusion_train_eval
length_out_of_range,KFKQ,amp_diffusion_train_eval
length_out_of_range,KFKQ,amp_diffusion_train_eval
length_out_of_range,KFKQ,amp_diffusion_train_eval
length_out_of_range,VIWIRWR,amp_diffusion_train_eval
length_out_of_range,VIWIRWR,amp_diffusion_train_eval
length_out_of_range,VIWIRWR,amp_diffusion_train_eval
length_out_of_range,VIWIRWR,amp_diffusion_train_eval
length_out_of_range,VIWIRWR,amp_diffusion_train_eval
length_out_of_range,VIWIRWR,amp_diffusion_train_eval
length_out_of_range,VIWIRWR,amp_diffusion_train_eval
length_out_of_range,VIWIRWR,amp_diffusion_train_eval
length_out_of_range,VIWIRWR,amp_diffusion_train_eval
length_out_of_range,VIWIRWR,amp_diffusion_train_eval
length_out_of_range,VIWIRWR,amp_diffusion_train_eval
length_out_of_range,LLEL,amp_diffusion_train_eval
length_out_of_range,LLEL,amp_diffusion_train_eval
length_out_of_range,LLEL,amp_diffusion_train_eval
length_out_of_range,LLEL,amp_diffusion_train_eval
length_out_of_range,LLEL,amp_diffusion_train_eval
length_out_of_range,LLEL,amp_diffusion_train_eval
length_out_of_range,LLEL,amp_diffusion_train_eval
length_out_of_range,LLEL,amp_diffusion_train_eval
length_out_of_range,LLEL,amp_diffusion_train_eval
length_out_of_range,LLEL,amp_diffusion_train_eval
length_out_of_range,LLEL,amp_diffusion_train_eval
length_out_of_range,IEIE,amp_diffusion_train_eval
length_out_of_range,IEIE,amp_diffusion_train_eval
length_out_of_range,IEIE,amp_diffusion_train_eval
length_out_of_range,IEIE,amp_diffusion_train_eval
length_out_of_range,IEIE,amp_diffusion_train_eval
length_out_of_range,IEIE,amp_diffusion_train_eval
length_out_of_range,IEIE,amp_diffusion_train_eval
length_out_of_range,IEIE,amp_diffusion_train_eval
length_out_of_range,IEIE,amp_diffusion_train_eval
length_out_of_range,IEIE,amp_diffusion_train_eval
length_out_of_range,IEIE,amp_diffusion_train_eval
length_out_of_range,CRAKA,amp_diffusion_train_eval
length_out_of_range,CRAKA,amp_diffusion_train_eval
length_out_of_range,CRAKA,amp_diffusion_train_eval
length_out_of_range,CRAKA,amp_diffusion_train_eval
length_out_of_range,CRAKA,amp_diffusion_train_eval
length_out_of_range,CRAKA,amp_diffusion_train_eval
length_out_of_range,CRAKA,amp_diffusion_train_eval
length_out_of_range,CRAKA,amp_diffusion_train_eval
length_out_of_range,CRAKA,amp_diffusion_train_eval
length_out_of_range,CRAKA,amp_diffusion_train_eval
length_out_of_range,CRAKA,amp_diffusion_train_eval
length_out_of_range,SLRGCC,amp_diffusion_train_eval
length_out_of_range,SLRGCC,amp_diffusion_train_eval
length_out_of_range,SLRGCC,amp_diffusion_train_eval
length_out_of_range,SLRGCC,amp_diffusion_train_eval
length_out_of_range,SLRGCC,amp_diffusion_train_eval
length_out_of_range,SLRGCC,amp_diffusion_train_eval
length_out_of_range,SLRGCC,amp_diffusion_train_eval
length_out_of_range,SLRGCC,amp_diffusion_train_eval
length_out_of_range,SLRGCC,amp_diffusion_train_eval
length_out_of_range,SLRGCC,amp_diffusion_train_eval
length_out_of_range,SLRGCC,amp_diffusion_train_eval
length_out_of_range,KVFLGLK,amp_diffusion_train_eval
length_out_of_range,KVFLGLK,amp_diffusion_train_eval
length_out_of_range,KVFLGLK,amp_diffusion_train_eval
length_out_of_range,KVFLGLK,amp_diffusion_train_eval
length_out_of_range,KVFLGLK,amp_diffusion_train_eval
length_out_of_range,KVFLGLK,amp_diffusion_train_eval
length_out_of_range,KVFLGLK,amp_diffusion_train_eval
length_out_of_range,KVFLGLK,amp_diffusion_train_eval
length_out_of_range,KVFLGLK,amp_diffusion_train_eval
length_out_of_range,KVFLGLK,amp_diffusion_train_eval
length_out_of_range,KVFLGLK,amp_diffusion_train_eval
length_out_of_range,YHYYSY,amp_diffusion_train_eval
length_out_of_range,YHYYSY,amp_diffusion_train_eval
length_out_of_range,YHYYSY,amp_diffusion_train_eval
length_out_of_range,YHYYSY,amp_diffusion_train_eval
length_out_of_range,YHYYSY,amp_diffusion_train_eval
length_out_of_range,YHYYSY,amp_diffusion_train_eval
length_out_of_range,YHYYSY,amp_diffusion_train_eval
length_out_of_range,YHYYSY,amp_diffusion_train_eval
length_out_of_range,YHYYSY,amp_diffusion_train_eval
length_out_of_range,YHYYSY,amp_diffusion_train_eval
length_out_of_range,YHYYSY,amp_diffusion_train_eval
length_out_of_range,RRWKRRK,amp_diffusion_train_eval
length_out_of_range,RRWKRRK,amp_diffusion_train_eval
length_out_of_range,RRWKRRK,amp_diffusion_train_eval
length_out_of_range,RRWKRRK,amp_diffusion_train_eval
length_out_of_range,RRWKRRK,amp_diffusion_train_eval
length_out_of_range,RRWKRRK,amp_diffusion_train_eval
length_out_of_range,RRWKRRK,amp_diffusion_train_eval
length_out_of_range,RRWKRRK,amp_diffusion_train_eval
length_out_of_range,RRWKRRK,amp_diffusion_train_eval
length_out_of_range,RRWKRRK,amp_diffusion_train_eval
length_out_of_range,RRWKRRK,amp_diffusion_train_eval
length_out_of_range,RKKKRKV,amp_diffusion_train_eval
length_out_of_range,RKKKRKV,amp_diffusion_train_eval
length_out_of_range,RKKKRKV,amp_diffusion_train_eval
length_out_of_range,RKKKRKV,amp_diffusion_train_eval
length_out_of_range,RKKKRKV,amp_diffusion_train_eval
length_out_of_range,RKKKRKV,amp_diffusion_train_eval
length_out_of_range,RKKKRKV,amp_diffusion_train_eval
length_out_of_range,RKKKRKV,amp_diffusion_train_eval
length_out_of_range,RKKKRKV,amp_diffusion_train_eval
length_out_of_range,RKKKRKV,amp_diffusion_train_eval
length_out_of_range,RKKKRKV,amp_diffusion_train_eval
length_out_of_range,LLKWLLK,amp_diffusion_train_eval
length_out_of_range,LLKWLLK,amp_diffusion_train_eval
length_out_of_range,LLKWLLK,amp_diffusion_train_eval
length_out_of_range,LLKWLLK,amp_diffusion_train_eval
length_out_of_range,LLKWLLK,amp_diffusion_train_eval
length_out_of_range,LLKWLLK,amp_diffusion_train_eval
length_out_of_range,LLKWLLK,amp_diffusion_train_eval
length_out_of_range,LLKWLLK,amp_diffusion_train_eval
length_out_of_range,LLKWLLK,amp_diffusion_train_eval
length_out_of_range,LLKWLLK,amp_diffusion_train_eval
length_out_of_range,LLKWLLK,amp_diffusion_train_eval
length_out_of_range,DEDEDE,amp_diffusion_train_eval
length_out_of_range,DEDEDE,amp_diffusion_train_eval
length_out_of_range,DEDEDE,amp_diffusion_train_eval
length_out_of_range,DEDEDE,amp_diffusion_train_eval
length_out_of_range,DEDEDE,amp_diffusion_train_eval
length_out_of_range,DEDEDE,amp_diffusion_train_eval
length_out_of_range,DEDEDE,amp_diffusion_train_eval
length_out_of_range,DEDEDE,amp_diffusion_train_eval
length_out_of_range,DEDEDE,amp_diffusion_train_eval
length_out_of_range,DEDEDE,amp_diffusion_train_eval
length_out_of_range,DEDEDE,amp_diffusion_train_eval
length_out_of_range,VISIIPV,amp_diffusion_train_eval
length_out_of_range,VISIIPV,amp_diffusion_train_eval
length_out_of_range,VISIIPV,amp_diffusion_train_eval
length_out_of_range,VISIIPV,amp_diffusion_train_eval
length_out_of_range,VISIIPV,amp_diffusion_train_eval
length_out_of_range,VISIIPV,amp_diffusion_train_eval
length_out_of_range,VISIIPV,amp_diffusion_train_eval
length_out_of_range,VISIIPV,amp_diffusion_train_eval
length_out_of_range,VISIIPV,amp_diffusion_train_eval
length_out_of_range,VISIIPV,amp_diffusion_train_eval
length_out_of_range,VISIIPV,amp_diffusion_train_eval
length_out_of_range,LMWWML,amp_diffusion_train_eval
length_out_of_range,LMWWML,amp_diffusion_train_eval
length_out_of_range,LMWWML,amp_diffusion_train_eval
length_out_of_range,LMWWML,amp_diffusion_train_eval
length_out_of_range,LMWWML,amp_diffusion_train_eval
length_out_of_range,LMWWML,amp_diffusion_train_eval
length_out_of_range,LMWWML,amp_diffusion_train_eval
length_out_of_range,LMWWML,amp_diffusion_train_eval
length_out_of_range,LMWWML,amp_diffusion_train_eval
length_out_of_range,LMWWML,amp_diffusion_train_eval
length_out_of_range,LMWWML,amp_diffusion_train_eval
length_out_of_range,FWRRWRR,amp_diffusion_train_eval
length_out_of_range,FWRRWRR,amp_diffusion_train_eval
length_out_of_range,FWRRWRR,amp_diffusion_train_eval
length_out_of_range,FWRRWRR,amp_diffusion_train_eval
length_out_of_range,FWRRWRR,amp_diffusion_train_eval
length_out_of_range,FWRRWRR,amp_diffusion_train_eval
length_out_of_range,FWRRWRR,amp_diffusion_train_eval
length_out_of_range,FWRRWRR,amp_diffusion_train_eval
length_out_of_range,FWRRWRR,amp_diffusion_train_eval
length_out_of_range,FWRRWRR,amp_diffusion_train_eval
length_out_of_range,FWRRWRR,amp_diffusion_train_eval
length_out_of_range,LELE,amp_diffusion_train_eval
length_out_of_range,LELE,amp_diffusion_train_eval
length_out_of_range,LELE,amp_diffusion_train_eval
length_out_of_range,LELE,amp_diffusion_train_eval
length_out_of_range,LELE,amp_diffusion_train_eval
length_out_of_range,LELE,amp_diffusion_train_eval
length_out_of_range,LELE,amp_diffusion_train_eval
length_out_of_range,LELE,amp_diffusion_train_eval
length_out_of_range,LELE,amp_diffusion_train_eval
length_out_of_range,LELE,amp_diffusion_train_eval
length_out_of_range,LELE,amp_diffusion_train_eval
length_out_of_range,RPTYVP,amp_diffusion_train_eval
length_out_of_range,RPTYVP,amp_diffusion_train_eval
length_out_of_range,RPTYVP,amp_diffusion_train_eval
length_out_of_range,RPTYVP,amp_diffusion_train_eval
length_out_of_range,RPTYVP,amp_diffusion_train_eval
length_out_of_range,RPTYVP,amp_diffusion_train_eval
length_out_of_range,RPTYVP,amp_diffusion_train_eval
length_out_of_range,RPTYVP,amp_diffusion_train_eval
length_out_of_range,RPTYVP,amp_diffusion_train_eval
length_out_of_range,RPTYVP,amp_diffusion_train_eval
length_out_of_range,RPTYVP,amp_diffusion_train_eval
length_out_of_range,HPQYNPK,amp_diffusion_train_eval
length_out_of_range,HPQYNPK,amp_diffusion_train_eval
length_out_of_range,HPQYNPK,amp_diffusion_train_eval
length_out_of_range,HPQYNPK,amp_diffusion_train_eval
length_out_of_range,HPQYNPK,amp_diffusion_train_eval
length_out_of_range,HPQYNPK,amp_diffusion_train_eval
length_out_of_range,HPQYNPK,amp_diffusion_train_eval
length_out_of_range,HPQYNPK,amp_diffusion_train_eval
length_out_of_range,HPQYNPK,amp_diffusion_train_eval
length_out_of_range,HPQYNPK,amp_diffusion_train_eval
length_out_of_range,HPQYNPK,amp_diffusion_train_eval
length_out_of_range,LRWLRWG,amp_diffusion_train_eval
length_out_of_range,LRWLRWG,amp_diffusion_train_eval
length_out_of_range,LRWLRWG,amp_diffusion_train_eval
length_out_of_range,LRWLRWG,amp_diffusion_train_eval
length_out_of_range,LRWLRWG,amp_diffusion_train_eval
length_out_of_range,LRWLRWG,amp_diffusion_train_eval
length_out_of_range,LRWLRWG,amp_diffusion_train_eval
length_out_of_range,LRWLRWG,amp_diffusion_train_eval
length_out_of_range,LRWLRWG,amp_diffusion_train_eval
length_out_of_range,LRWLRWG,amp_diffusion_train_eval
length_out_of_range,LRWLRWG,amp_diffusion_train_eval
length_out_of_range,RRRWRRR,amp_diffusion_train_eval
length_out_of_range,RRRWRRR,amp_diffusion_train_eval
length_out_of_range,RRRWRRR,amp_diffusion_train_eval
length_out_of_range,RRRWRRR,amp_diffusion_train_eval
length_out_of_range,RRRWRRR,amp_diffusion_train_eval
length_out_of_range,RRRWRRR,amp_diffusion_train_eval
length_out_of_range,RRRWRRR,amp_diffusion_train_eval
length_out_of_range,RRRWRRR,amp_diffusion_train_eval
length_out_of_range,RRRWRRR,amp_diffusion_train_eval
length_out_of_range,RRRWRRR,amp_diffusion_train_eval
length_out_of_range,RRRWRRR,amp_diffusion_train_eval
length_out_of_range,CVHTFRA,amp_diffusion_train_eval
length_out_of_range,CVHTFRA,amp_diffusion_train_eval
length_out_of_range,CVHTFRA,amp_diffusion_train_eval
length_out_of_range,CVHTFRA,amp_diffusion_train_eval
length_out_of_range,CVHTFRA,amp_diffusion_train_eval
length_out_of_range,CVHTFRA,amp_diffusion_train_eval
length_out_of_range,CVHTFRA,amp_diffusion_train_eval
length_out_of_range,CVHTFRA,amp_diffusion_train_eval
length_out_of_range,CVHTFRA,amp_diffusion_train_eval
length_out_of_range,CVHTFRA,amp_diffusion_train_eval
length_out_of_range,CVHTFRA,amp_diffusion_train_eval
length_out_of_range,RRKKLAP,amp_diffusion_train_eval
length_out_of_range,RRKKLAP,amp_diffusion_train_eval
length_out_of_range,RRKKLAP,amp_diffusion_train_eval
length_out_of_range,RRKKLAP,amp_diffusion_train_eval
length_out_of_range,RRKKLAP,amp_diffusion_train_eval
length_out_of_range,RRKKLAP,amp_diffusion_train_eval
length_out_of_range,RRKKLAP,amp_diffusion_train_eval
length_out_of_range,RRKKLAP,amp_diffusion_train_eval
length_out_of_range,RRKKLAP,amp_diffusion_train_eval
length_out_of_range,RRKKLAP,amp_diffusion_train_eval
length_out_of_range,RRKKLAP,amp_diffusion_train_eval
length_out_of_range,RKRRTKK,amp_diffusion_train_eval
length_out_of_range,RKRRTKK,amp_diffusion_train_eval
length_out_of_range,RKRRTKK,amp_diffusion_train_eval
length_out_of_range,RKRRTKK,amp_diffusion_train_eval
length_out_of_range,RKRRTKK,amp_diffusion_train_eval
length_out_of_range,RKRRTKK,amp_diffusion_train_eval
length_out_of_range,RKRRTKK,amp_diffusion_train_eval
length_out_of_range,RKRRTKK,amp_diffusion_train_eval
length_out_of_range,RKRRTKK,amp_diffusion_train_eval
length_out_of_range,RKRRTKK,amp_diffusion_train_eval
length_out_of_range,RKRRTKK,amp_diffusion_train_eval
length_out_of_range,LIFASY,amp_diffusion_train_eval
length_out_of_range,LIFASY,amp_diffusion_train_eval
length_out_of_range,LIFASY,amp_diffusion_train_eval
length_out_of_range,LIFASY,amp_diffusion_train_eval
length_out_of_range,LIFASY,amp_diffusion_train_eval
length_out_of_range,LIFASY,amp_diffusion_train_eval
length_out_of_range,LIFASY,amp_diffusion_train_eval
length_out_of_range,LIFASY,amp_diffusion_train_eval
length_out_of_range,LIFASY,amp_diffusion_train_eval
length_out_of_range,LIFASY,amp_diffusion_train_eval
length_out_of_range,LIFASY,amp_diffusion_train_eval
length_out_of_range,LAHRYH,amp_diffusion_train_eval
length_out_of_range,LAHRYH,amp_diffusion_train_eval
length_out_of_range,LAHRYH,amp_diffusion_train_eval
length_out_of_range,LAHRYH,amp_diffusion_train_eval
length_out_of_range,LAHRYH,amp_diffusion_train_eval
length_out_of_range,LAHRYH,amp_diffusion_train_eval
length_out_of_range,LAHRYH,amp_diffusion_train_eval
length_out_of_range,LAHRYH,amp_diffusion_train_eval
length_out_of_range,LAHRYH,amp_diffusion_train_eval
length_out_of_range,LAHRYH,amp_diffusion_train_eval
length_out_of_range,LAHRYH,amp_diffusion_train_eval
length_out_of_range,VVYWLL,amp_diffusion_train_eval
length_out_of_range,VVYWLL,amp_diffusion_train_eval
length_out_of_range,VVYWLL,amp_diffusion_train_eval
length_out_of_range,VVYWLL,amp_diffusion_train_eval
length_out_of_range,VVYWLL,amp_diffusion_train_eval
length_out_of_range,VVYWLL,amp_diffusion_train_eval
length_out_of_range,VVYWLL,amp_diffusion_train_eval
length_out_of_range,VVYWLL,amp_diffusion_train_eval
length_out_of_range,VVYWLL,amp_diffusion_train_eval
length_out_of_range,VVYWLL,amp_diffusion_train_eval
length_out_of_range,VVYWLL,amp_diffusion_train_eval
length_out_of_range,DDDDDDD,amp_diffusion_train_eval
length_out_of_range,DDDDDDD,amp_diffusion_train_eval
length_out_of_range,DDDDDDD,amp_diffusion_train_eval
length_out_of_range,DDDDDDD,amp_diffusion_train_eval
length_out_of_range,DDDDDDD,amp_diffusion_train_eval
length_out_of_range,DDDDDDD,amp_diffusion_train_eval
length_out_of_range,DDDDDDD,amp_diffusion_train_eval
length_out_of_range,DDDDDDD,amp_diffusion_train_eval
length_out_of_range,DDDDDDD,amp_diffusion_train_eval
length_out_of_range,DDDDDDD,amp_diffusion_train_eval
length_out_of_range,DDDDDDD,amp_diffusion_train_eval
length_out_of_range,LPPWIG,amp_diffusion_train_eval
length_out_of_range,LPPWIG,amp_diffusion_train_eval
length_out_of_range,LPPWIG,amp_diffusion_train_eval
length_out_of_range,LPPWIG,amp_diffusion_train_eval
length_out_of_range,LPPWIG,amp_diffusion_train_eval
length_out_of_range,LPPWIG,amp_diffusion_train_eval
length_out_of_range,LPPWIG,amp_diffusion_train_eval
length_out_of_range,LPPWIG,amp_diffusion_train_eval
length_out_of_range,LPPWIG,amp_diffusion_train_eval
length_out_of_range,LPPWIG,amp_diffusion_train_eval
length_out_of_range,LPPWIG,amp_diffusion_train_eval
length_out_of_range,QHSTKWF,amp_diffusion_train_eval
length_out_of_range,QHSTKWF,amp_diffusion_train_eval
length_out_of_range,QHSTKWF,amp_diffusion_train_eval
length_out_of_range,QHSTKWF,amp_diffusion_train_eval
length_out_of_range,QHSTKWF,amp_diffusion_train_eval
length_out_of_range,QHSTKWF,amp_diffusion_train_eval
length_out_of_range,QHSTKWF,amp_diffusion_train_eval
length_out_of_range,QHSTKWF,amp_diffusion_train_eval
length_out_of_range,QHSTKWF,amp_diffusion_train_eval
length_out_of_range,QHSTKWF,amp_diffusion_train_eval
length_out_of_range,QHSTKWF,amp_diffusion_train_eval
length_out_of_range,KWWW,amp_diffusion_train_eval
length_out_of_range,KWWW,amp_diffusion_train_eval
length_out_of_range,KWWW,amp_diffusion_train_eval
length_out_of_range,KWWW,amp_diffusion_train_eval
length_out_of_range,KWWW,amp_diffusion_train_eval
length_out_of_range,KWWW,amp_diffusion_train_eval
length_out_of_range,KWWW,amp_diffusion_train_eval
length_out_of_range,KWWW,amp_diffusion_train_eval
length_out_of_range,KWWW,amp_diffusion_train_eval
length_out_of_range,KWWW,amp_diffusion_train_eval
length_out_of_range,KWWW,amp_diffusion_train_eval
length_out_of_range,RRRKWWK,amp_diffusion_train_eval
length_out_of_range,RRRKWWK,amp_diffusion_train_eval
length_out_of_range,RRRKWWK,amp_diffusion_train_eval
length_out_of_range,RRRKWWK,amp_diffusion_train_eval
length_out_of_range,RRRKWWK,amp_diffusion_train_eval
length_out_of_range,RRRKWWK,amp_diffusion_train_eval
length_out_of_range,RRRKWWK,amp_diffusion_train_eval
length_out_of_range,RRRKWWK,amp_diffusion_train_eval
length_out_of_range,RRRKWWK,amp_diffusion_train_eval
length_out_of_range,RRRKWWK,amp_diffusion_train_eval
length_out_of_range,RRRKWWK,amp_diffusion_train_eval
length_out_of_range,YF,amp_diffusion_train_eval
length_out_of_range,YF,amp_diffusion_train_eval
length_out_of_range,YF,amp_diffusion_train_eval
length_out_of_range,YF,amp_diffusion_train_eval
length_out_of_range,YF,amp_diffusion_train_eval
length_out_of_range,YF,amp_diffusion_train_eval
length_out_of_range,YF,amp_diffusion_train_eval
length_out_of_range,YF,amp_diffusion_train_eval
length_out_of_range,YF,amp_diffusion_train_eval
length_out_of_range,YF,amp_diffusion_train_eval
length_out_of_range,YF,amp_diffusion_train_eval
length_out_of_range,SSLLEKG,amp_diffusion_train_eval
length_out_of_range,SSLLEKG,amp_diffusion_train_eval
length_out_of_range,SSLLEKG,amp_diffusion_train_eval
length_out_of_range,SSLLEKG,amp_diffusion_train_eval
length_out_of_range,SSLLEKG,amp_diffusion_train_eval
length_out_of_range,SSLLEKG,amp_diffusion_train_eval
length_out_of_range,SSLLEKG,amp_diffusion_train_eval
length_out_of_range,SSLLEKG,amp_diffusion_train_eval
length_out_of_range,SSLLEKG,amp_diffusion_train_eval
length_out_of_range,SSLLEKG,amp_diffusion_train_eval
length_out_of_range,SSLLEKG,amp_diffusion_train_eval
length_out_of_range,NIGGD,amp_diffusion_train_eval
length_out_of_range,NIGGD,amp_diffusion_train_eval
length_out_of_range,NIGGD,amp_diffusion_train_eval
length_out_of_range,NIGGD,amp_diffusion_train_eval
length_out_of_range,NIGGD,amp_diffusion_train_eval
length_out_of_range,NIGGD,amp_diffusion_train_eval
length_out_of_range,NIGGD,amp_diffusion_train_eval
length_out_of_range,NIGGD,amp_diffusion_train_eval
length_out_of_range,NIGGD,amp_diffusion_train_eval
length_out_of_range,NIGGD,amp_diffusion_train_eval
length_out_of_range,NIGGD,amp_diffusion_train_eval
length_out_of_range,KPPWRL,amp_diffusion_train_eval
length_out_of_range,KPPWRL,amp_diffusion_train_eval
length_out_of_range,KPPWRL,amp_diffusion_train_eval
length_out_of_range,KPPWRL,amp_diffusion_train_eval
length_out_of_range,KPPWRL,amp_diffusion_train_eval
length_out_of_range,KPPWRL,amp_diffusion_train_eval
length_out_of_range,KPPWRL,amp_diffusion_train_eval
length_out_of_range,KPPWRL,amp_diffusion_train_eval
length_out_of_range,KPPWRL,amp_diffusion_train_eval
length_out_of_range,KPPWRL,amp_diffusion_train_eval
length_out_of_range,KPPWRL,amp_diffusion_train_eval
length_out_of_range,KHRKHPG,amp_diffusion_train_eval
length_out_of_range,KHRKHPG,amp_diffusion_train_eval
length_out_of_range,KHRKHPG,amp_diffusion_train_eval
length_out_of_range,KHRKHPG,amp_diffusion_train_eval
length_out_of_range,KHRKHPG,amp_diffusion_train_eval
length_out_of_range,KHRKHPG,amp_diffusion_train_eval
length_out_of_range,KHRKHPG,amp_diffusion_train_eval
length_out_of_range,KHRKHPG,amp_diffusion_train_eval
length_out_of_range,KHRKHPG,amp_diffusion_train_eval
length_out_of_range,KHRKHPG,amp_diffusion_train_eval
length_out_of_range,KHRKHPG,amp_diffusion_train_eval
length_out_of_range,PTHG,amp_diffusion_train_eval
length_out_of_range,PTHG,amp_diffusion_train_eval
length_out_of_range,PTHG,amp_diffusion_train_eval
length_out_of_range,PTHG,amp_diffusion_train_eval
length_out_of_range,PTHG,amp_diffusion_train_eval
length_out_of_range,PTHG,amp_diffusion_train_eval
length_out_of_range,PTHG,amp_diffusion_train_eval
length_out_of_range,PTHG,amp_diffusion_train_eval
length_out_of_range,PTHG,amp_diffusion_train_eval
length_out_of_range,PTHG,amp_diffusion_train_eval
length_out_of_range,PTHG,amp_diffusion_train_eval
length_out_of_range,KRNMRK,amp_diffusion_train_eval
length_out_of_range,KRNMRK,amp_diffusion_train_eval
length_out_of_range,KRNMRK,amp_diffusion_train_eval
length_out_of_range,KRNMRK,amp_diffusion_train_eval
length_out_of_range,KRNMRK,amp_diffusion_train_eval
length_out_of_range,KRNMRK,amp_diffusion_train_eval
length_out_of_range,KRNMRK,amp_diffusion_train_eval
length_out_of_range,KRNMRK,amp_diffusion_train_eval
length_out_of_range,KRNMRK,amp_diffusion_train_eval
length_out_of_range,KRNMRK,amp_diffusion_train_eval
length_out_of_range,KRNMRK,amp_diffusion_train_eval
length_out_of_range,KRWRWRW,amp_diffusion_train_eval
length_out_of_range,KRWRWRW,amp_diffusion_train_eval
length_out_of_range,KRWRWRW,amp_diffusion_train_eval
length_out_of_range,KRWRWRW,amp_diffusion_train_eval
length_out_of_range,KRWRWRW,amp_diffusion_train_eval
length_out_of_range,KRWRWRW,amp_diffusion_train_eval
length_out_of_range,KRWRWRW,amp_diffusion_train_eval
length_out_of_range,KRWRWRW,amp_diffusion_train_eval
length_out_of_range,KRWRWRW,amp_diffusion_train_eval
length_out_of_range,KRWRWRW,amp_diffusion_train_eval
length_out_of_range,KRWRWRW,amp_diffusion_train_eval
length_out_of_range,PGPIPN,amp_diffusion_train_eval
length_out_of_range,PGPIPN,amp_diffusion_train_eval
length_out_of_range,PGPIPN,amp_diffusion_train_eval
length_out_of_range,PGPIPN,amp_diffusion_train_eval
length_out_of_range,PGPIPN,amp_diffusion_train_eval
length_out_of_range,PGPIPN,amp_diffusion_train_eval
length_out_of_range,PGPIPN,amp_diffusion_train_eval
length_out_of_range,PGPIPN,amp_diffusion_train_eval
length_out_of_range,PGPIPN,amp_diffusion_train_eval
length_out_of_range,PGPIPN,amp_diffusion_train_eval
length_out_of_range,PGPIPN,amp_diffusion_train_eval
length_out_of_range,KFKRWLA,amp_diffusion_train_eval
length_out_of_range,KFKRWLA,amp_diffusion_train_eval
length_out_of_range,KFKRWLA,amp_diffusion_train_eval
length_out_of_range,KFKRWLA,amp_diffusion_train_eval
length_out_of_range,KFKRWLA,amp_diffusion_train_eval
length_out_of_range,KFKRWLA,amp_diffusion_train_eval
length_out_of_range,KFKRWLA,amp_diffusion_train_eval
length_out_of_range,KFKRWLA,amp_diffusion_train_eval
length_out_of_range,KFKRWLA,amp_diffusion_train_eval
length_out_of_range,KFKRWLA,amp_diffusion_train_eval
length_out_of_range,KFKRWLA,amp_diffusion_train_eval
length_out_of_range,NGKHWWW,amp_diffusion_train_eval
length_out_of_range,NGKHWWW,amp_diffusion_train_eval
length_out_of_range,NGKHWWW,amp_diffusion_train_eval
length_out_of_range,NGKHWWW,amp_diffusion_train_eval
length_out_of_range,NGKHWWW,amp_diffusion_train_eval
length_out_of_range,NGKHWWW,amp_diffusion_train_eval
length_out_of_range,NGKHWWW,amp_diffusion_train_eval
length_out_of_range,NGKHWWW,amp_diffusion_train_eval
length_out_of_range,NGKHWWW,amp_diffusion_train_eval
length_out_of_range,NGKHWWW,amp_diffusion_train_eval
length_out_of_range,NGKHWWW,amp_diffusion_train_eval
length_out_of_range,WWWKN,amp_diffusion_train_eval
length_out_of_range,WWWKN,amp_diffusion_train_eval
length_out_of_range,WWWKN,amp_diffusion_train_eval
length_out_of_range,WWWKN,amp_diffusion_train_eval
length_out_of_range,WWWKN,amp_diffusion_train_eval
length_out_of_range,WWWKN,amp_diffusion_train_eval
length_out_of_range,WWWKN,amp_diffusion_train_eval
length_out_of_range,WWWKN,amp_diffusion_train_eval
length_out_of_range,WWWKN,amp_diffusion_train_eval
length_out_of_range,WWWKN,amp_diffusion_train_eval
length_out_of_range,WWWKN,amp_diffusion_train_eval
length_out_of_range,LL,amp_diffusion_train_eval
length_out_of_range,LL,amp_diffusion_train_eval
length_out_of_range,LL,amp_diffusion_train_eval
length_out_of_range,LL,amp_diffusion_train_eval
length_out_of_range,LL,amp_diffusion_train_eval
length_out_of_range,LL,amp_diffusion_train_eval
length_out_of_range,LL,amp_diffusion_train_eval
length_out_of_range,LL,amp_diffusion_train_eval
length_out_of_range,LL,amp_diffusion_train_eval
length_out_of_range,LL,amp_diffusion_train_eval
length_out_of_range,LL,amp_diffusion_train_eval
length_out_of_range,KTSPDVE,amp_diffusion_train_eval
length_out_of_range,KTSPDVE,amp_diffusion_train_eval
length_out_of_range,KTSPDVE,amp_diffusion_train_eval
length_out_of_range,KTSPDVE,amp_diffusion_train_eval
length_out_of_range,KTSPDVE,amp_diffusion_train_eval
length_out_of_range,KTSPDVE,amp_diffusion_train_eval
length_out_of_range,KTSPDVE,amp_diffusion_train_eval
length_out_of_range,KTSPDVE,amp_diffusion_train_eval
length_out_of_range,KTSPDVE,amp_diffusion_train_eval
length_out_of_range,KTSPDVE,amp_diffusion_train_eval
length_out_of_range,KTSPDVE,amp_diffusion_train_eval
length_out_of_range,KTRKHRG,amp_diffusion_train_eval
length_out_of_range,KTRKHRG,amp_diffusion_train_eval
length_out_of_range,KTRKHRG,amp_diffusion_train_eval
length_out_of_range,KTRKHRG,amp_diffusion_train_eval
length_out_of_range,KTRKHRG,amp_diffusion_train_eval
length_out_of_range,KTRKHRG,amp_diffusion_train_eval
length_out_of_range,KTRKHRG,amp_diffusion_train_eval
length_out_of_range,KTRKHRG,amp_diffusion_train_eval
length_out_of_range,KTRKHRG,amp_diffusion_train_eval
length_out_of_range,KTRKHRG,amp_diffusion_train_eval
length_out_of_range,KTRKHRG,amp_diffusion_train_eval
length_out_of_range,YRLCCR,amp_diffusion_train_eval
length_out_of_range,YRLCCR,amp_diffusion_train_eval
length_out_of_range,YRLCCR,amp_diffusion_train_eval
length_out_of_range,YRLCCR,amp_diffusion_train_eval
length_out_of_range,YRLCCR,amp_diffusion_train_eval
length_out_of_range,YRLCCR,amp_diffusion_train_eval
length_out_of_range,YRLCCR,amp_diffusion_train_eval
length_out_of_range,YRLCCR,amp_diffusion_train_eval
length_out_of_range,YRLCCR,amp_diffusion_train_eval
length_out_of_range,YRLCCR,amp_diffusion_train_eval
length_out_of_range,YRLCCR,amp_diffusion_train_eval
length_out_of_range,PPSSFLV,amp_diffusion_train_eval
length_out_of_range,PPSSFLV,amp_diffusion_train_eval
length_out_of_range,PPSSFLV,amp_diffusion_train_eval
length_out_of_range,PPSSFLV,amp_diffusion_train_eval
length_out_of_range,PPSSFLV,amp_diffusion_train_eval
length_out_of_range,PPSSFLV,amp_diffusion_train_eval
length_out_of_range,PPSSFLV,amp_diffusion_train_eval
length_out_of_range,PPSSFLV,amp_diffusion_train_eval
length_out_of_range,PPSSFLV,amp_diffusion_train_eval
length_out_of_range,PPSSFLV,amp_diffusion_train_eval
length_out_of_range,PPSSFLV,amp_diffusion_train_eval
length_out_of_range,RRRWWWK,amp_diffusion_train_eval
length_out_of_range,RRRWWWK,amp_diffusion_train_eval
length_out_of_range,RRRWWWK,amp_diffusion_train_eval
length_out_of_range,RRRWWWK,amp_diffusion_train_eval
length_out_of_range,RRRWWWK,amp_diffusion_train_eval
length_out_of_range,RRRWWWK,amp_diffusion_train_eval
length_out_of_range,RRRWWWK,amp_diffusion_train_eval
length_out_of_range,RRRWWWK,amp_diffusion_train_eval
length_out_of_range,RRRWWWK,amp_diffusion_train_eval
length_out_of_range,RRRWWWK,amp_diffusion_train_eval
length_out_of_range,RRRWWWK,amp_diffusion_train_eval
length_out_of_range,HPQYR,amp_diffusion_train_eval
length_out_of_range,HPQYR,amp_diffusion_train_eval
length_out_of_range,HPQYR,amp_diffusion_train_eval
length_out_of_range,HPQYR,amp_diffusion_train_eval
length_out_of_range,HPQYR,amp_diffusion_train_eval
length_out_of_range,HPQYR,amp_diffusion_train_eval
length_out_of_range,HPQYR,amp_diffusion_train_eval
length_out_of_range,HPQYR,amp_diffusion_train_eval
length_out_of_range,HPQYR,amp_diffusion_train_eval
length_out_of_range,HPQYR,amp_diffusion_train_eval
length_out_of_range,HPQYR,amp_diffusion_train_eval
length_out_of_range,EEDDE,amp_diffusion_train_eval
length_out_of_range,EEDDE,amp_diffusion_train_eval
length_out_of_range,EEDDE,amp_diffusion_train_eval
length_out_of_range,EEDDE,amp_diffusion_train_eval
length_out_of_range,EEDDE,amp_diffusion_train_eval
length_out_of_range,EEDDE,amp_diffusion_train_eval
length_out_of_range,EEDDE,amp_diffusion_train_eval
length_out_of_range,EEDDE,amp_diffusion_train_eval
length_out_of_range,EEDDE,amp_diffusion_train_eval
length_out_of_range,EEDDE,amp_diffusion_train_eval
length_out_of_range,EEDDE,amp_diffusion_train_eval
length_out_of_range,GAVGSVV,amp_diffusion_train_eval
length_out_of_range,GAVGSVV,amp_diffusion_train_eval
length_out_of_range,GAVGSVV,amp_diffusion_train_eval
length_out_of_range,GAVGSVV,amp_diffusion_train_eval
length_out_of_range,GAVGSVV,amp_diffusion_train_eval
length_out_of_range,GAVGSVV,amp_diffusion_train_eval
length_out_of_range,GAVGSVV,amp_diffusion_train_eval
length_out_of_range,GAVGSVV,amp_diffusion_train_eval
length_out_of_range,GAVGSVV,amp_diffusion_train_eval
length_out_of_range,GAVGSVV,amp_diffusion_train_eval
length_out_of_range,GAVGSVV,amp_diffusion_train_eval
length_out_of_range,LQQLLF,amp_diffusion_train_eval
length_out_of_range,LQQLLF,amp_diffusion_train_eval
length_out_of_range,LQQLLF,amp_diffusion_train_eval
length_out_of_range,LQQLLF,amp_diffusion_train_eval
length_out_of_range,LQQLLF,amp_diffusion_train_eval
length_out_of_range,LQQLLF,amp_diffusion_train_eval
length_out_of_range,LQQLLF,amp_diffusion_train_eval
length_out_of_range,LQQLLF,amp_diffusion_train_eval
length_out_of_range,LQQLLF,amp_diffusion_train_eval
length_out_of_range,LQQLLF,amp_diffusion_train_eval
length_out_of_range,LQQLLF,amp_diffusion_train_eval
length_out_of_range,CVHSYRA,amp_diffusion_train_eval
length_out_of_range,CVHSYRA,amp_diffusion_train_eval
length_out_of_range,CVHSYRA,amp_diffusion_train_eval
length_out_of_range,CVHSYRA,amp_diffusion_train_eval
length_out_of_range,CVHSYRA,amp_diffusion_train_eval
length_out_of_range,CVHSYRA,amp_diffusion_train_eval
length_out_of_range,CVHSYRA,amp_diffusion_train_eval
length_out_of_range,CVHSYRA,amp_diffusion_train_eval
length_out_of_range,CVHSYRA,amp_diffusion_train_eval
length_out_of_range,CVHSYRA,amp_diffusion_train_eval
length_out_of_range,CVHSYRA,amp_diffusion_train_eval
length_out_of_range,LLE,amp_diffusion_train_eval
length_out_of_range,LLE,amp_diffusion_train_eval
length_out_of_range,LLE,amp_diffusion_train_eval
length_out_of_range,LLE,amp_diffusion_train_eval
length_out_of_range,LLE,amp_diffusion_train_eval
length_out_of_range,LLE,amp_diffusion_train_eval
length_out_of_range,LLE,amp_diffusion_train_eval
length_out_of_range,LLE,amp_diffusion_train_eval
length_out_of_range,LLE,amp_diffusion_train_eval
length_out_of_range,LLE,amp_diffusion_train_eval
length_out_of_range,LLE,amp_diffusion_train_eval
length_out_of_range,IIGGV,amp_diffusion_train_eval
length_out_of_range,IIGGV,amp_diffusion_train_eval
length_out_of_range,IIGGV,amp_diffusion_train_eval
length_out_of_range,IIGGV,amp_diffusion_train_eval
length_out_of_range,IIGGV,amp_diffusion_train_eval
length_out_of_range,IIGGV,amp_diffusion_train_eval
length_out_of_range,IIGGV,amp_diffusion_train_eval
length_out_of_range,IIGGV,amp_diffusion_train_eval
length_out_of_range,IIGGV,amp_diffusion_train_eval
length_out_of_range,IIGGV,amp_diffusion_train_eval
length_out_of_range,IIGGV,amp_diffusion_train_eval
length_out_of_range,ATQSHQ,amp_diffusion_train_eval
length_out_of_range,ATQSHQ,amp_diffusion_train_eval
length_out_of_range,ATQSHQ,amp_diffusion_train_eval
length_out_of_range,ATQSHQ,amp_diffusion_train_eval
length_out_of_range,ATQSHQ,amp_diffusion_train_eval
length_out_of_range,ATQSHQ,amp_diffusion_train_eval
length_out_of_range,ATQSHQ,amp_diffusion_train_eval
length_out_of_range,ATQSHQ,amp_diffusion_train_eval
length_out_of_range,ATQSHQ,amp_diffusion_train_eval
length_out_of_range,ATQSHQ,amp_diffusion_train_eval
length_out_of_range,ATQSHQ,amp_diffusion_train_eval
length_out_of_range,DDDDDD,amp_diffusion_train_eval
length_out_of_range,DDDDDD,amp_diffusion_train_eval
length_out_of_range,DDDDDD,amp_diffusion_train_eval
length_out_of_range,DDDDDD,amp_diffusion_train_eval
length_out_of_range,DDDDDD,amp_diffusion_train_eval
length_out_of_range,DDDDDD,amp_diffusion_train_eval
length_out_of_range,DDDDDD,amp_diffusion_train_eval
length_out_of_range,DDDDDD,amp_diffusion_train_eval
length_out_of_range,DDDDDD,amp_diffusion_train_eval
length_out_of_range,DDDDDD,amp_diffusion_train_eval
length_out_of_range,DDDDDD,amp_diffusion_train_eval
length_out_of_range,SFGL,amp_diffusion_train_eval
length_out_of_range,SFGL,amp_diffusion_train_eval
length_out_of_range,SFGL,amp_diffusion_train_eval
length_out_of_range,SFGL,amp_diffusion_train_eval
length_out_of_range,SFGL,amp_diffusion_train_eval
length_out_of_range,SFGL,amp_diffusion_train_eval
length_out_of_range,SFGL,amp_diffusion_train_eval
length_out_of_range,SFGL,amp_diffusion_train_eval
length_out_of_range,SFGL,amp_diffusion_train_eval
length_out_of_range,SFGL,amp_diffusion_train_eval
length_out_of_range,SFGL,amp_diffusion_train_eval
length_out_of_range,VV,amp_diffusion_train_eval
length_out_of_range,VV,amp_diffusion_train_eval
length_out_of_range,VV,amp_diffusion_train_eval
length_out_of_range,VV,amp_diffusion_train_eval
length_out_of_range,VV,amp_diffusion_train_eval
length_out_of_range,VV,amp_diffusion_train_eval
length_out_of_range,VV,amp_diffusion_train_eval
length_out_of_range,VV,amp_diffusion_train_eval
length_out_of_range,VV,amp_diffusion_train_eval
length_out_of_range,VV,amp_diffusion_train_eval
length_out_of_range,VV,amp_diffusion_train_eval
length_out_of_range,HKCICY,amp_diffusion_train_eval
length_out_of_range,HKCICY,amp_diffusion_train_eval
length_out_of_range,HKCICY,amp_diffusion_train_eval
length_out_of_range,HKCICY,amp_diffusion_train_eval
length_out_of_range,HKCICY,amp_diffusion_train_eval
length_out_of_range,HKCICY,amp_diffusion_train_eval
length_out_of_range,HKCICY,amp_diffusion_train_eval
length_out_of_range,HKCICY,amp_diffusion_train_eval
length_out_of_range,HKCICY,amp_diffusion_train_eval
length_out_of_range,HKCICY,amp_diffusion_train_eval
length_out_of_range,HKCICY,amp_diffusion_train_eval
length_out_of_range,VDHRGL,amp_diffusion_train_eval
length_out_of_range,VDHRGL,amp_diffusion_train_eval
length_out_of_range,VDHRGL,amp_diffusion_train_eval
length_out_of_range,VDHRGL,amp_diffusion_train_eval
length_out_of_range,VDHRGL,amp_diffusion_train_eval
length_out_of_range,VDHRGL,amp_diffusion_train_eval
length_out_of_range,VDHRGL,amp_diffusion_train_eval
length_out_of_range,VDHRGL,amp_diffusion_train_eval
length_out_of_range,VDHRGL,amp_diffusion_train_eval
length_out_of_range,VDHRGL,amp_diffusion_train_eval
length_out_of_range,VDHRGL,amp_diffusion_train_eval
length_out_of_range,RWQ,amp_diffusion_train_eval
length_out_of_range,RWQ,amp_diffusion_train_eval
length_out_of_range,RWQ,amp_diffusion_train_eval
length_out_of_range,RWQ,amp_diffusion_train_eval
length_out_of_range,RWQ,amp_diffusion_train_eval
length_out_of_range,RWQ,amp_diffusion_train_eval
length_out_of_range,RWQ,amp_diffusion_train_eval
length_out_of_range,RWQ,amp_diffusion_train_eval
length_out_of_range,RWQ,amp_diffusion_train_eval
length_out_of_range,RWQ,amp_diffusion_train_eval
length_out_of_range,RWQ,amp_diffusion_train_eval
length_out_of_range,ALGVAT,amp_diffusion_train_eval
length_out_of_range,ALGVAT,amp_diffusion_train_eval
length_out_of_range,ALGVAT,amp_diffusion_train_eval
length_out_of_range,ALGVAT,amp_diffusion_train_eval
length_out_of_range,ALGVAT,amp_diffusion_train_eval
length_out_of_range,ALGVAT,amp_diffusion_train_eval
length_out_of_range,ALGVAT,amp_diffusion_train_eval
length_out_of_range,ALGVAT,amp_diffusion_train_eval
length_out_of_range,ALGVAT,amp_diffusion_train_eval
length_out_of_range,ALGVAT,amp_diffusion_train_eval
length_out_of_range,ALGVAT,amp_diffusion_train_eval
length_out_of_range,AALVVD,amp_diffusion_train_eval
length_out_of_range,AALVVD,amp_diffusion_train_eval
length_out_of_range,AALVVD,amp_diffusion_train_eval
length_out_of_range,AALVVD,amp_diffusion_train_eval
length_out_of_range,AALVVD,amp_diffusion_train_eval
length_out_of_range,AALVVD,amp_diffusion_train_eval
length_out_of_range,AALVVD,amp_diffusion_train_eval
length_out_of_range,AALVVD,amp_diffusion_train_eval
length_out_of_range,AALVVD,amp_diffusion_train_eval
length_out_of_range,AALVVD,amp_diffusion_train_eval
length_out_of_range,AALVVD,amp_diffusion_train_eval
length_out_of_range,HPDYNAT,amp_diffusion_train_eval
length_out_of_range,HPDYNAT,amp_diffusion_train_eval
length_out_of_range,HPDYNAT,amp_diffusion_train_eval
length_out_of_range,HPDYNAT,amp_diffusion_train_eval
length_out_of_range,HPDYNAT,amp_diffusion_train_eval
length_out_of_range,HPDYNAT,amp_diffusion_train_eval
length_out_of_range,HPDYNAT,amp_diffusion_train_eval
length_out_of_range,HPDYNAT,amp_diffusion_train_eval
length_out_of_range,HPDYNAT,amp_diffusion_train_eval
length_out_of_range,HPDYNAT,amp_diffusion_train_eval
length_out_of_range,HPDYNAT,amp_diffusion_train_eval
length_out_of_range,HTFYNEL,amp_diffusion_train_eval
length_out_of_range,HTFYNEL,amp_diffusion_train_eval
length_out_of_range,HTFYNEL,amp_diffusion_train_eval
length_out_of_range,HTFYNEL,amp_diffusion_train_eval
length_out_of_range,HTFYNEL,amp_diffusion_train_eval
length_out_of_range,HTFYNEL,amp_diffusion_train_eval
length_out_of_range,HTFYNEL,amp_diffusion_train_eval
length_out_of_range,HTFYNEL,amp_diffusion_train_eval
length_out_of_range,HTFYNEL,amp_diffusion_train_eval
length_out_of_range,HTFYNEL,amp_diffusion_train_eval
length_out_of_range,HTFYNEL,amp_diffusion_train_eval
length_out_of_range,KRKILIL,amp_diffusion_train_eval
length_out_of_range,KRKILIL,amp_diffusion_train_eval
length_out_of_range,KRKILIL,amp_diffusion_train_eval
length_out_of_range,KRKILIL,amp_diffusion_train_eval
length_out_of_range,KRKILIL,amp_diffusion_train_eval
length_out_of_range,KRKILIL,amp_diffusion_train_eval
length_out_of_range,KRKILIL,amp_diffusion_train_eval
length_out_of_range,KRKILIL,amp_diffusion_train_eval
length_out_of_range,KRKILIL,amp_diffusion_train_eval
length_out_of_range,KRKILIL,amp_diffusion_train_eval
length_out_of_range,KRKILIL,amp_diffusion_train_eval
length_out_of_range,RHARHD,amp_diffusion_train_eval
length_out_of_range,RHARHD,amp_diffusion_train_eval
length_out_of_range,RHARHD,amp_diffusion_train_eval
length_out_of_range,RHARHD,amp_diffusion_train_eval
length_out_of_range,RHARHD,amp_diffusion_train_eval
length_out_of_range,RHARHD,amp_diffusion_train_eval
length_out_of_range,RHARHD,amp_diffusion_train_eval
length_out_of_range,RHARHD,amp_diffusion_train_eval
length_out_of_range,RHARHD,amp_diffusion_train_eval
length_out_of_range,RHARHD,amp_diffusion_train_eval
length_out_of_range,RHARHD,amp_diffusion_train_eval
length_out_of_range,RRKKP,amp_diffusion_train_eval
length_out_of_range,RRKKP,amp_diffusion_train_eval
length_out_of_range,RRKKP,amp_diffusion_train_eval
length_out_of_range,RRKKP,amp_diffusion_train_eval
length_out_of_range,RRKKP,amp_diffusion_train_eval
length_out_of_range,RRKKP,amp_diffusion_train_eval
length_out_of_range,RRKKP,amp_diffusion_train_eval
length_out_of_range,RRKKP,amp_diffusion_train_eval
length_out_of_range,RRKKP,amp_diffusion_train_eval
length_out_of_range,RRKKP,amp_diffusion_train_eval
length_out_of_range,RRKKP,amp_diffusion_train_eval
length_out_of_range,KRPRP,amp_diffusion_train_eval
length_out_of_range,KRPRP,amp_diffusion_train_eval
length_out_of_range,KRPRP,amp_diffusion_train_eval
length_out_of_range,KRPRP,amp_diffusion_train_eval
length_out_of_range,KRPRP,amp_diffusion_train_eval
length_out_of_range,KRPRP,amp_diffusion_train_eval
length_out_of_range,KRPRP,amp_diffusion_train_eval
length_out_of_range,KRPRP,amp_diffusion_train_eval
length_out_of_range,KRPRP,amp_diffusion_train_eval
length_out_of_range,KRPRP,amp_diffusion_train_eval
length_out_of_range,KRPRP,amp_diffusion_train_eval
length_out_of_range,FKLKQ,amp_diffusion_train_eval
length_out_of_range,FKLKQ,amp_diffusion_train_eval
length_out_of_range,FKLKQ,amp_diffusion_train_eval
length_out_of_range,FKLKQ,amp_diffusion_train_eval
length_out_of_range,FKLKQ,amp_diffusion_train_eval
length_out_of_range,FKLKQ,amp_diffusion_train_eval
length_out_of_range,FKLKQ,amp_diffusion_train_eval
length_out_of_range,FKLKQ,amp_diffusion_train_eval
length_out_of_range,FKLKQ,amp_diffusion_train_eval
length_out_of_range,FKLKQ,amp_diffusion_train_eval
length_out_of_range,FKLKQ,amp_diffusion_train_eval
length_out_of_range,SYWT,amp_diffusion_train_eval
length_out_of_range,SYWT,amp_diffusion_train_eval
length_out_of_range,SYWT,amp_diffusion_train_eval
length_out_of_range,SYWT,amp_diffusion_train_eval
length_out_of_range,SYWT,amp_diffusion_train_eval
length_out_of_range,SYWT,amp_diffusion_train_eval
length_out_of_range,SYWT,amp_diffusion_train_eval
length_out_of_range,SYWT,amp_diffusion_train_eval
length_out_of_range,SYWT,amp_diffusion_train_eval
length_out_of_range,SYWT,amp_diffusion_train_eval
length_out_of_range,SYWT,amp_diffusion_train_eval
length_out_of_range,PYP,amp_diffusion_train_eval
length_out_of_range,PYP,amp_diffusion_train_eval
length_out_of_range,PYP,amp_diffusion_train_eval
length_out_of_range,PYP,amp_diffusion_train_eval
length_out_of_range,PYP,amp_diffusion_train_eval
length_out_of_range,PYP,amp_diffusion_train_eval
length_out_of_range,PYP,amp_diffusion_train_eval
length_out_of_range,PYP,amp_diffusion_train_eval
length_out_of_range,PYP,amp_diffusion_train_eval
length_out_of_range,PYP,amp_diffusion_train_eval
length_out_of_range,PYP,amp_diffusion_train_eval
length_out_of_range,RRRR,amp_diffusion_train_eval
length_out_of_range,RRRR,amp_diffusion_train_eval
length_out_of_range,RRRR,amp_diffusion_train_eval
length_out_of_range,RRRR,amp_diffusion_train_eval
length_out_of_range,RRRR,amp_diffusion_train_eval
length_out_of_range,RRRR,amp_diffusion_train_eval
length_out_of_range,RRRR,amp_diffusion_train_eval
length_out_of_range,RRRR,amp_diffusion_train_eval
length_out_of_range,RRRR,amp_diffusion_train_eval
length_out_of_range,RRRR,amp_diffusion_train_eval
length_out_of_range,RRRR,amp_diffusion_train_eval
length_out_of_range,ALALAI,amp_diffusion_train_eval
length_out_of_range,ALALAI,amp_diffusion_train_eval
length_out_of_range,ALALAI,amp_diffusion_train_eval
length_out_of_range,ALALAI,amp_diffusion_train_eval
length_out_of_range,ALALAI,amp_diffusion_train_eval
length_out_of_range,ALALAI,amp_diffusion_train_eval
length_out_of_range,ALALAI,amp_diffusion_train_eval
length_out_of_range,ALALAI,amp_diffusion_train_eval
length_out_of_range,ALALAI,amp_diffusion_train_eval
length_out_of_range,ALALAI,amp_diffusion_train_eval
length_out_of_range,ALALAI,amp_diffusion_train_eval
length_out_of_range,PWWPWRK,amp_diffusion_train_eval
length_out_of_range,PWWPWRK,amp_diffusion_train_eval
length_out_of_range,PWWPWRK,amp_diffusion_train_eval
length_out_of_range,PWWPWRK,amp_diffusion_train_eval
length_out_of_range,PWWPWRK,amp_diffusion_train_eval
length_out_of_range,PWWPWRK,amp_diffusion_train_eval
length_out_of_range,PWWPWRK,amp_diffusion_train_eval
length_out_of_range,PWWPWRK,amp_diffusion_train_eval
length_out_of_range,PWWPWRK,amp_diffusion_train_eval
length_out_of_range,PWWPWRK,amp_diffusion_train_eval
length_out_of_range,PWWPWRK,amp_diffusion_train_eval
length_out_of_range,RRWFWRR,amp_diffusion_train_eval
length_out_of_range,RRWFWRR,amp_diffusion_train_eval
length_out_of_range,RRWFWRR,amp_diffusion_train_eval
length_out_of_range,RRWFWRR,amp_diffusion_train_eval
length_out_of_range,RRWFWRR,amp_diffusion_train_eval
length_out_of_range,RRWFWRR,amp_diffusion_train_eval
length_out_of_range,RRWFWRR,amp_diffusion_train_eval
length_out_of_range,RRWFWRR,amp_diffusion_train_eval
length_out_of_range,RRWFWRR,amp_diffusion_train_eval
length_out_of_range,RRWFWRR,amp_diffusion_train_eval
length_out_of_range,RRWFWRR,amp_diffusion_train_eval
length_out_of_range,RRWQ,amp_diffusion_train_eval
length_out_of_range,RRWQ,amp_diffusion_train_eval
length_out_of_range,RRWQ,amp_diffusion_train_eval
length_out_of_range,RRWQ,amp_diffusion_train_eval
length_out_of_range,RRWQ,amp_diffusion_train_eval
length_out_of_range,RRWQ,amp_diffusion_train_eval
length_out_of_range,RRWQ,amp_diffusion_train_eval
length_out_of_range,RRWQ,amp_diffusion_train_eval
length_out_of_range,RRWQ,amp_diffusion_train_eval
length_out_of_range,RRWQ,amp_diffusion_train_eval
length_out_of_range,RRWQ,amp_diffusion_train_eval
length_out_of_range,PGTAVFK,amp_diffusion_train_eval
length_out_of_range,PGTAVFK,amp_diffusion_train_eval
length_out_of_range,PGTAVFK,amp_diffusion_train_eval
length_out_of_range,PGTAVFK,amp_diffusion_train_eval
length_out_of_range,PGTAVFK,amp_diffusion_train_eval
length_out_of_range,PGTAVFK,amp_diffusion_train_eval
length_out_of_range,PGTAVFK,amp_diffusion_train_eval
length_out_of_range,PGTAVFK,amp_diffusion_train_eval
length_out_of_range,PGTAVFK,amp_diffusion_train_eval
length_out_of_range,PGTAVFK,amp_diffusion_train_eval
length_out_of_range,PGTAVFK,amp_diffusion_train_eval
length_out_of_range,PFVFLE,amp_diffusion_train_eval
length_out_of_range,PFVFLE,amp_diffusion_train_eval
length_out_of_range,PFVFLE,amp_diffusion_train_eval
length_out_of_range,PFVFLE,amp_diffusion_train_eval
length_out_of_range,PFVFLE,amp_diffusion_train_eval
length_out_of_range,PFVFLE,amp_diffusion_train_eval
length_out_of_range,PFVFLE,amp_diffusion_train_eval
length_out_of_range,PFVFLE,amp_diffusion_train_eval
length_out_of_range,PFVFLE,amp_diffusion_train_eval
length_out_of_range,PFVFLE,amp_diffusion_train_eval
length_out_of_range,PFVFLE,amp_diffusion_train_eval
length_out_of_range,CVHSFRA,amp_diffusion_train_eval
length_out_of_range,CVHSFRA,amp_diffusion_train_eval
length_out_of_range,CVHSFRA,amp_diffusion_train_eval
length_out_of_range,CVHSFRA,amp_diffusion_train_eval
length_out_of_range,CVHSFRA,amp_diffusion_train_eval
length_out_of_range,CVHSFRA,amp_diffusion_train_eval
length_out_of_range,CVHSFRA,amp_diffusion_train_eval
length_out_of_range,CVHSFRA,amp_diffusion_train_eval
length_out_of_range,CVHSFRA,amp_diffusion_train_eval
length_out_of_range,CVHSFRA,amp_diffusion_train_eval
length_out_of_range,CVHSFRA,amp_diffusion_train_eval
length_out_of_range,WFN,amp_diffusion_train_eval
length_out_of_range,WFN,amp_diffusion_train_eval
length_out_of_range,WFN,amp_diffusion_train_eval
length_out_of_range,WFN,amp_diffusion_train_eval
length_out_of_range,WFN,amp_diffusion_train_eval
length_out_of_range,WFN,amp_diffusion_train_eval
length_out_of_range,WFN,amp_diffusion_train_eval
length_out_of_range,WFN,amp_diffusion_train_eval
length_out_of_range,WFN,amp_diffusion_train_eval
length_out_of_range,WFN,amp_diffusion_train_eval
length_out_of_range,WFN,amp_diffusion_train_eval
length_out_of_range,RKWLFW,amp_diffusion_train_eval
length_out_of_range,RKWLFW,amp_diffusion_train_eval
length_out_of_range,RKWLFW,amp_diffusion_train_eval
length_out_of_range,RKWLFW,amp_diffusion_train_eval
length_out_of_range,RKWLFW,amp_diffusion_train_eval
length_out_of_range,RKWLFW,amp_diffusion_train_eval
length_out_of_range,RKWLFW,amp_diffusion_train_eval
length_out_of_range,RKWLFW,amp_diffusion_train_eval
length_out_of_range,RKWLFW,amp_diffusion_train_eval
length_out_of_range,RKWLFW,amp_diffusion_train_eval
length_out_of_range,RKWLFW,amp_diffusion_train_eval
length_out_of_range,LLLE,amp_diffusion_train_eval
length_out_of_range,LLLE,amp_diffusion_train_eval
length_out_of_range,LLLE,amp_diffusion_train_eval
length_out_of_range,LLLE,amp_diffusion_train_eval
length_out_of_range,LLLE,amp_diffusion_train_eval
length_out_of_range,LLLE,amp_diffusion_train_eval
length_out_of_range,LLLE,amp_diffusion_train_eval
length_out_of_range,LLLE,amp_diffusion_train_eval
length_out_of_range,LLLE,amp_diffusion_train_eval
length_out_of_range,LLLE,amp_diffusion_train_eval
length_out_of_range,LLLE,amp_diffusion_train_eval
length_out_of_range,KKWVPWK,amp_diffusion_train_eval
length_out_of_range,KKWVPWK,amp_diffusion_train_eval
length_out_of_range,KKWVPWK,amp_diffusion_train_eval
length_out_of_range,KKWVPWK,amp_diffusion_train_eval
length_out_of_range,KKWVPWK,amp_diffusion_train_eval
length_out_of_range,KKWVPWK,amp_diffusion_train_eval
length_out_of_range,KKWVPWK,amp_diffusion_train_eval
length_out_of_range,KKWVPWK,amp_diffusion_train_eval
length_out_of_range,KKWVPWK,amp_diffusion_train_eval
length_out_of_range,KKWVPWK,amp_diffusion_train_eval
length_out_of_range,KKWVPWK,amp_diffusion_train_eval
length_out_of_range,RKRRR,amp_diffusion_train_eval
length_out_of_range,RKRRR,amp_diffusion_train_eval
length_out_of_range,RKRRR,amp_diffusion_train_eval
length_out_of_range,RKRRR,amp_diffusion_train_eval
length_out_of_range,RKRRR,amp_diffusion_train_eval
length_out_of_range,RKRRR,amp_diffusion_train_eval
length_out_of_range,RKRRR,amp_diffusion_train_eval
length_out_of_range,RKRRR,amp_diffusion_train_eval
length_out_of_range,RKRRR,amp_diffusion_train_eval
length_out_of_range,RKRRR,amp_diffusion_train_eval
length_out_of_range,RKRRR,amp_diffusion_train_eval
length_out_of_range,RRVVRR,amp_diffusion_train_eval
length_out_of_range,RRVVRR,amp_diffusion_train_eval
length_out_of_range,RRVVRR,amp_diffusion_train_eval
length_out_of_range,RRVVRR,amp_diffusion_train_eval
length_out_of_range,RRVVRR,amp_diffusion_train_eval
length_out_of_range,RRVVRR,amp_diffusion_train_eval
length_out_of_range,RRVVRR,amp_diffusion_train_eval
length_out_of_range,RRVVRR,amp_diffusion_train_eval
length_out_of_range,RRVVRR,amp_diffusion_train_eval
length_out_of_range,RRVVRR,amp_diffusion_train_eval
length_out_of_range,RRVVRR,amp_diffusion_train_eval
length_out_of_range,FTVATFI,amp_diffusion_train_eval
length_out_of_range,FTVATFI,amp_diffusion_train_eval
length_out_of_range,FTVATFI,amp_diffusion_train_eval
length_out_of_range,FTVATFI,amp_diffusion_train_eval
length_out_of_range,FTVATFI,amp_diffusion_train_eval
length_out_of_range,FTVATFI,amp_diffusion_train_eval
length_out_of_range,FTVATFI,amp_diffusion_train_eval
length_out_of_range,FTVATFI,amp_diffusion_train_eval
length_out_of_range,FTVATFI,amp_diffusion_train_eval
length_out_of_range,FTVATFI,amp_diffusion_train_eval
length_out_of_range,FTVATFI,amp_diffusion_train_eval
length_out_of_range,MQNSL,amp_diffusion_train_eval
length_out_of_range,MQNSL,amp_diffusion_train_eval
length_out_of_range,MQNSL,amp_diffusion_train_eval
length_out_of_range,MQNSL,amp_diffusion_train_eval
length_out_of_range,MQNSL,amp_diffusion_train_eval
length_out_of_range,MQNSL,amp_diffusion_train_eval
length_out_of_range,MQNSL,amp_diffusion_train_eval
length_out_of_range,MQNSL,amp_diffusion_train_eval
length_out_of_range,MQNSL,amp_diffusion_train_eval
length_out_of_range,MQNSL,amp_diffusion_train_eval
length_out_of_range,MQNSL,amp_diffusion_train_eval
length_out_of_range,GLFDVIK,amp_diffusion_train_eval
length_out_of_range,GLFDVIK,amp_diffusion_train_eval
length_out_of_range,GLFDVIK,amp_diffusion_train_eval
length_out_of_range,GLFDVIK,amp_diffusion_train_eval
length_out_of_range,GLFDVIK,amp_diffusion_train_eval
length_out_of_range,GLFDVIK,amp_diffusion_train_eval
length_out_of_range,GLFDVIK,amp_diffusion_train_eval
length_out_of_range,GLFDVIK,amp_diffusion_train_eval
length_out_of_range,GLFDVIK,amp_diffusion_train_eval
length_out_of_range,GLFDVIK,amp_diffusion_train_eval
length_out_of_range,GLFDVIK,amp_diffusion_train_eval
length_out_of_range,CVHTFRS,amp_diffusion_train_eval
length_out_of_range,CVHTFRS,amp_diffusion_train_eval
length_out_of_range,CVHTFRS,amp_diffusion_train_eval
length_out_of_range,CVHTFRS,amp_diffusion_train_eval
length_out_of_range,CVHTFRS,amp_diffusion_train_eval
length_out_of_range,CVHTFRS,amp_diffusion_train_eval
length_out_of_range,CVHTFRS,amp_diffusion_train_eval
length_out_of_range,CVHTFRS,amp_diffusion_train_eval
length_out_of_range,CVHTFRS,amp_diffusion_train_eval
length_out_of_range,CVHTFRS,amp_diffusion_train_eval
length_out_of_range,CVHTFRS,amp_diffusion_train_eval
length_out_of_range,RHRHRH,amp_diffusion_train_eval
length_out_of_range,RHRHRH,amp_diffusion_train_eval
length_out_of_range,RHRHRH,amp_diffusion_train_eval
length_out_of_range,RHRHRH,amp_diffusion_train_eval
length_out_of_range,RHRHRH,amp_diffusion_train_eval
length_out_of_range,RHRHRH,amp_diffusion_train_eval
length_out_of_range,RHRHRH,amp_diffusion_train_eval
length_out_of_range,RHRHRH,amp_diffusion_train_eval
length_out_of_range,RHRHRH,amp_diffusion_train_eval
length_out_of_range,RHRHRH,amp_diffusion_train_eval
length_out_of_range,RHRHRH,amp_diffusion_train_eval
length_out_of_range,LSRVD,amp_diffusion_train_eval
length_out_of_range,LSRVD,amp_diffusion_train_eval
length_out_of_range,LSRVD,amp_diffusion_train_eval
length_out_of_range,LSRVD,amp_diffusion_train_eval
length_out_of_range,LSRVD,amp_diffusion_train_eval
length_out_of_range,LSRVD,amp_diffusion_train_eval
length_out_of_range,LSRVD,amp_diffusion_train_eval
length_out_of_range,LSRVD,amp_diffusion_train_eval
length_out_of_range,LSRVD,amp_diffusion_train_eval
length_out_of_range,LSRVD,amp_diffusion_train_eval
length_out_of_range,LSRVD,amp_diffusion_train_eval
length_out_of_range,LEYSI,amp_diffusion_train_eval
length_out_of_range,LEYSI,amp_diffusion_train_eval
length_out_of_range,LEYSI,amp_diffusion_train_eval
length_out_of_range,LEYSI,amp_diffusion_train_eval
length_out_of_range,LEYSI,amp_diffusion_train_eval
length_out_of_range,LEYSI,amp_diffusion_train_eval
length_out_of_range,LEYSI,amp_diffusion_train_eval
length_out_of_range,LEYSI,amp_diffusion_train_eval
length_out_of_range,LEYSI,amp_diffusion_train_eval
length_out_of_range,LEYSI,amp_diffusion_train_eval
length_out_of_range,LEYSI,amp_diffusion_train_eval
length_out_of_range,YPCYDEY,amp_diffusion_train_eval
length_out_of_range,YPCYDEY,amp_diffusion_train_eval
length_out_of_range,YPCYDEY,amp_diffusion_train_eval
length_out_of_range,YPCYDEY,amp_diffusion_train_eval
length_out_of_range,YPCYDEY,amp_diffusion_train_eval
length_out_of_range,YPCYDEY,amp_diffusion_train_eval
length_out_of_range,YPCYDEY,amp_diffusion_train_eval
length_out_of_range,YPCYDEY,amp_diffusion_train_eval
length_out_of_range,YPCYDEY,amp_diffusion_train_eval
length_out_of_range,YPCYDEY,amp_diffusion_train_eval
length_out_of_range,YPCYDEY,amp_diffusion_train_eval
length_out_of_range,WRWFIH,amp_diffusion_train_eval
length_out_of_range,WRWFIH,amp_diffusion_train_eval
length_out_of_range,WRWFIH,amp_diffusion_train_eval
length_out_of_range,WRWFIH,amp_diffusion_train_eval
length_out_of_range,WRWFIH,amp_diffusion_train_eval
length_out_of_range,WRWFIH,amp_diffusion_train_eval
length_out_of_range,WRWFIH,amp_diffusion_train_eval
length_out_of_range,WRWFIH,amp_diffusion_train_eval
length_out_of_range,WRWFIH,amp_diffusion_train_eval
length_out_of_range,WRWFIH,amp_diffusion_train_eval
length_out_of_range,WRWFIH,amp_diffusion_train_eval
length_out_of_range,KFAK,amp_diffusion_train_eval
length_out_of_range,KFAK,amp_diffusion_train_eval
length_out_of_range,KFAK,amp_diffusion_train_eval
length_out_of_range,KFAK,amp_diffusion_train_eval
length_out_of_range,KFAK,amp_diffusion_train_eval
length_out_of_range,KFAK,amp_diffusion_train_eval
length_out_of_range,KFAK,amp_diffusion_train_eval
length_out_of_range,KFAK,amp_diffusion_train_eval
length_out_of_range,KFAK,amp_diffusion_train_eval
length_out_of_range,KFAK,amp_diffusion_train_eval
length_out_of_range,KFAK,amp_diffusion_train_eval
length_out_of_range,TPPQS,amp_diffusion_train_eval
length_out_of_range,TPPQS,amp_diffusion_train_eval
length_out_of_range,TPPQS,amp_diffusion_train_eval
length_out_of_range,TPPQS,amp_diffusion_train_eval
length_out_of_range,TPPQS,amp_diffusion_train_eval
length_out_of_range,TPPQS,amp_diffusion_train_eval
length_out_of_range,TPPQS,amp_diffusion_train_eval
length_out_of_range,TPPQS,amp_diffusion_train_eval
length_out_of_range,TPPQS,amp_diffusion_train_eval
length_out_of_range,TPPQS,amp_diffusion_train_eval
length_out_of_range,TPPQS,amp_diffusion_train_eval
length_out_of_range,WWPWRRK,amp_diffusion_train_eval
length_out_of_range,WWPWRRK,amp_diffusion_train_eval
length_out_of_range,WWPWRRK,amp_diffusion_train_eval
length_out_of_range,WWPWRRK,amp_diffusion_train_eval
length_out_of_range,WWPWRRK,amp_diffusion_train_eval
length_out_of_range,WWPWRRK,amp_diffusion_train_eval
length_out_of_range,WWPWRRK,amp_diffusion_train_eval
length_out_of_range,WWPWRRK,amp_diffusion_train_eval
length_out_of_range,WWPWRRK,amp_diffusion_train_eval
length_out_of_range,WWPWRRK,amp_diffusion_train_eval
length_out_of_range,WWPWRRK,amp_diffusion_train_eval
length_out_of_range,KRKGKRK,amp_diffusion_train_eval
length_out_of_range,KRKGKRK,amp_diffusion_train_eval
length_out_of_range,KRKGKRK,amp_diffusion_train_eval
length_out_of_range,KRKGKRK,amp_diffusion_train_eval
length_out_of_range,KRKGKRK,amp_diffusion_train_eval
length_out_of_range,KRKGKRK,amp_diffusion_train_eval
length_out_of_range,KRKGKRK,amp_diffusion_train_eval
length_out_of_range,KRKGKRK,amp_diffusion_train_eval
length_out_of_range,KRKGKRK,amp_diffusion_train_eval
length_out_of_range,KRKGKRK,amp_diffusion_train_eval
length_out_of_range,KRKGKRK,amp_diffusion_train_eval
length_out_of_range,NNII,amp_diffusion_train_eval
length_out_of_range,NNII,amp_diffusion_train_eval
length_out_of_range,NNII,amp_diffusion_train_eval
length_out_of_range,NNII,amp_diffusion_train_eval
length_out_of_range,NNII,amp_diffusion_train_eval
length_out_of_range,NNII,amp_diffusion_train_eval
length_out_of_range,NNII,amp_diffusion_train_eval
length_out_of_range,NNII,amp_diffusion_train_eval
length_out_of_range,NNII,amp_diffusion_train_eval
length_out_of_range,NNII,amp_diffusion_train_eval
length_out_of_range,NNII,amp_diffusion_train_eval
length_out_of_range,RWWIKRR,amp_diffusion_train_eval
length_out_of_range,RWWIKRR,amp_diffusion_train_eval
length_out_of_range,RWWIKRR,amp_diffusion_train_eval
length_out_of_range,RWWIKRR,amp_diffusion_train_eval
length_out_of_range,RWWIKRR,amp_diffusion_train_eval
length_out_of_range,RWWIKRR,amp_diffusion_train_eval
length_out_of_range,RWWIKRR,amp_diffusion_train_eval
length_out_of_range,RWWIKRR,amp_diffusion_train_eval
length_out_of_range,RWWIKRR,amp_diffusion_train_eval
length_out_of_range,RWWIKRR,amp_diffusion_train_eval
length_out_of_range,RWWIKRR,amp_diffusion_train_eval
length_out_of_range,RRRWWWF,amp_diffusion_train_eval
length_out_of_range,RRRWWWF,amp_diffusion_train_eval
length_out_of_range,RRRWWWF,amp_diffusion_train_eval
length_out_of_range,RRRWWWF,amp_diffusion_train_eval
length_out_of_range,RRRWWWF,amp_diffusion_train_eval
length_out_of_range,RRRWWWF,amp_diffusion_train_eval
length_out_of_range,RRRWWWF,amp_diffusion_train_eval
length_out_of_range,RRRWWWF,amp_diffusion_train_eval
length_out_of_range,RRRWWWF,amp_diffusion_train_eval
length_out_of_range,RRRWWWF,amp_diffusion_train_eval
length_out_of_range,RRRWWWF,amp_diffusion_train_eval
length_out_of_range,DDDEEE,amp_diffusion_train_eval
length_out_of_range,DDDEEE,amp_diffusion_train_eval
length_out_of_range,DDDEEE,amp_diffusion_train_eval
length_out_of_range,DDDEEE,amp_diffusion_train_eval
length_out_of_range,DDDEEE,amp_diffusion_train_eval
length_out_of_range,DDDEEE,amp_diffusion_train_eval
length_out_of_range,DDDEEE,amp_diffusion_train_eval
length_out_of_range,DDDEEE,amp_diffusion_train_eval
length_out_of_range,DDDEEE,amp_diffusion_train_eval
length_out_of_range,DDDEEE,amp_diffusion_train_eval
length_out_of_range,DDDEEE,amp_diffusion_train_eval
length_out_of_range,PKWPWRR,amp_diffusion_train_eval
length_out_of_range,PKWPWRR,amp_diffusion_train_eval
length_out_of_range,PKWPWRR,amp_diffusion_train_eval
length_out_of_range,PKWPWRR,amp_diffusion_train_eval
length_out_of_range,PKWPWRR,amp_diffusion_train_eval
length_out_of_range,PKWPWRR,amp_diffusion_train_eval
length_out_of_range,PKWPWRR,amp_diffusion_train_eval
length_out_of_range,PKWPWRR,amp_diffusion_train_eval
length_out_of_range,PKWPWRR,amp_diffusion_train_eval
length_out_of_range,PKWPWRR,amp_diffusion_train_eval
length_out_of_range,PKWPWRR,amp_diffusion_train_eval
length_out_of_range,GVHG,amp_diffusion_train_eval
length_out_of_range,GVHG,amp_diffusion_train_eval
length_out_of_range,GVHG,amp_diffusion_train_eval
length_out_of_range,GVHG,amp_diffusion_train_eval
length_out_of_range,GVHG,amp_diffusion_train_eval
length_out_of_range,GVHG,amp_diffusion_train_eval
length_out_of_range,GVHG,amp_diffusion_train_eval
length_out_of_range,GVHG,amp_diffusion_train_eval
length_out_of_range,GVHG,amp_diffusion_train_eval
length_out_of_range,GVHG,amp_diffusion_train_eval
length_out_of_range,GVHG,amp_diffusion_train_eval
length_out_of_range,HGRHAA,amp_diffusion_train_eval
length_out_of_range,HGRHAA,amp_diffusion_train_eval
length_out_of_range,HGRHAA,amp_diffusion_train_eval
length_out_of_range,HGRHAA,amp_diffusion_train_eval
length_out_of_range,HGRHAA,amp_diffusion_train_eval
length_out_of_range,HGRHAA,amp_diffusion_train_eval
length_out_of_range,HGRHAA,amp_diffusion_train_eval
length_out_of_range,HGRHAA,amp_diffusion_train_eval
length_out_of_range,HGRHAA,amp_diffusion_train_eval
length_out_of_range,HGRHAA,amp_diffusion_train_eval
length_out_of_range,HGRHAA,amp_diffusion_train_eval
length_out_of_range,FKAFKA,amp_diffusion_train_eval
length_out_of_range,FKAFKA,amp_diffusion_train_eval
length_out_of_range,FKAFKA,amp_diffusion_train_eval
length_out_of_range,FKAFKA,amp_diffusion_train_eval
length_out_of_range,FKAFKA,amp_diffusion_train_eval
length_out_of_range,FKAFKA,amp_diffusion_train_eval
length_out_of_range,FKAFKA,amp_diffusion_train_eval
length_out_of_range,FKAFKA,amp_diffusion_train_eval
length_out_of_range,FKAFKA,amp_diffusion_train_eval
length_out_of_range,FKAFKA,amp_diffusion_train_eval
length_out_of_range,FKAFKA,amp_diffusion_train_eval
length_out_of_range,ITLNNS,amp_diffusion_train_eval
length_out_of_range,ITLNNS,amp_diffusion_train_eval
length_out_of_range,ITLNNS,amp_diffusion_train_eval
length_out_of_range,ITLNNS,amp_diffusion_train_eval
length_out_of_range,ITLNNS,amp_diffusion_train_eval
length_out_of_range,ITLNNS,amp_diffusion_train_eval
length_out_of_range,ITLNNS,amp_diffusion_train_eval
length_out_of_range,ITLNNS,amp_diffusion_train_eval
length_out_of_range,ITLNNS,amp_diffusion_train_eval
length_out_of_range,ITLNNS,amp_diffusion_train_eval
length_out_of_range,ITLNNS,amp_diffusion_train_eval
length_out_of_range,QLLIRMI,amp_diffusion_train_eval
length_out_of_range,QLLIRMI,amp_diffusion_train_eval
length_out_of_range,QLLIRMI,amp_diffusion_train_eval
length_out_of_range,QLLIRMI,amp_diffusion_train_eval
length_out_of_range,QLLIRMI,amp_diffusion_train_eval
length_out_of_range,QLLIRMI,amp_diffusion_train_eval
length_out_of_range,QLLIRMI,amp_diffusion_train_eval
length_out_of_range,QLLIRMI,amp_diffusion_train_eval
length_out_of_range,QLLIRMI,amp_diffusion_train_eval
length_out_of_range,QLLIRMI,amp_diffusion_train_eval
length_out_of_range,QLLIRMI,amp_diffusion_train_eval
length_out_of_range,ASASA,amp_diffusion_train_eval
length_out_of_range,ASASA,amp_diffusion_train_eval
length_out_of_range,ASASA,amp_diffusion_train_eval
length_out_of_range,ASASA,amp_diffusion_train_eval
length_out_of_range,ASASA,amp_diffusion_train_eval
length_out_of_range,ASASA,amp_diffusion_train_eval
length_out_of_range,ASASA,amp_diffusion_train_eval
length_out_of_range,ASASA,amp_diffusion_train_eval
length_out_of_range,ASASA,amp_diffusion_train_eval
length_out_of_range,ASASA,amp_diffusion_train_eval
length_out_of_range,ASASA,amp_diffusion_train_eval
length_out_of_range,HAQYNQR,amp_diffusion_train_eval
length_out_of_range,HAQYNQR,amp_diffusion_train_eval
length_out_of_range,HAQYNQR,amp_diffusion_train_eval
length_out_of_range,HAQYNQR,amp_diffusion_train_eval
length_out_of_range,HAQYNQR,amp_diffusion_train_eval
length_out_of_range,HAQYNQR,amp_diffusion_train_eval
length_out_of_range,HAQYNQR,amp_diffusion_train_eval
length_out_of_range,HAQYNQR,amp_diffusion_train_eval
length_out_of_range,HAQYNQR,amp_diffusion_train_eval
length_out_of_range,HAQYNQR,amp_diffusion_train_eval
length_out_of_range,HAQYNQR,amp_diffusion_train_eval
length_out_of_range,RRRFFF,amp_diffusion_train_eval
length_out_of_range,RRRFFF,amp_diffusion_train_eval
length_out_of_range,RRRFFF,amp_diffusion_train_eval
length_out_of_range,RRRFFF,amp_diffusion_train_eval
length_out_of_range,RRRFFF,amp_diffusion_train_eval
length_out_of_range,RRRFFF,amp_diffusion_train_eval
length_out_of_range,RRRFFF,amp_diffusion_train_eval
length_out_of_range,RRRFFF,amp_diffusion_train_eval
length_out_of_range,RRRFFF,amp_diffusion_train_eval
length_out_of_range,RRRFFF,amp_diffusion_train_eval
length_out_of_range,RRRFFF,amp_diffusion_train_eval
length_out_of_range,KWKIWLK,amp_diffusion_train_eval
length_out_of_range,KWKIWLK,amp_diffusion_train_eval
length_out_of_range,KWKIWLK,amp_diffusion_train_eval
length_out_of_range,KWKIWLK,amp_diffusion_train_eval
length_out_of_range,KWKIWLK,amp_diffusion_train_eval
length_out_of_range,KWKIWLK,amp_diffusion_train_eval
length_out_of_range,KWKIWLK,amp_diffusion_train_eval
length_out_of_range,KWKIWLK,amp_diffusion_train_eval
length_out_of_range,KWKIWLK,amp_diffusion_train_eval
length_out_of_range,KWKIWLK,amp_diffusion_train_eval
length_out_of_range,KWKIWLK,amp_diffusion_train_eval
length_out_of_range,MQLPLAT,amp_diffusion_train_eval
length_out_of_range,MQLPLAT,amp_diffusion_train_eval
length_out_of_range,MQLPLAT,amp_diffusion_train_eval
length_out_of_range,MQLPLAT,amp_diffusion_train_eval
length_out_of_range,MQLPLAT,amp_diffusion_train_eval
length_out_of_range,MQLPLAT,amp_diffusion_train_eval
length_out_of_range,MQLPLAT,amp_diffusion_train_eval
length_out_of_range,MQLPLAT,amp_diffusion_train_eval
length_out_of_range,MQLPLAT,amp_diffusion_train_eval
length_out_of_range,MQLPLAT,amp_diffusion_train_eval
length_out_of_range,MQLPLAT,amp_diffusion_train_eval
length_out_of_range,WLLINK,amp_diffusion_train_eval
length_out_of_range,WLLINK,amp_diffusion_train_eval
length_out_of_range,WLLINK,amp_diffusion_train_eval
length_out_of_range,WLLINK,amp_diffusion_train_eval
length_out_of_range,WLLINK,amp_diffusion_train_eval
length_out_of_range,WLLINK,amp_diffusion_train_eval
length_out_of_range,WLLINK,amp_diffusion_train_eval
length_out_of_range,WLLINK,amp_diffusion_train_eval
length_out_of_range,WLLINK,amp_diffusion_train_eval
length_out_of_range,WLLINK,amp_diffusion_train_eval
length_out_of_range,WLLINK,amp_diffusion_train_eval
length_out_of_range,PEPT,amp_diffusion_train_eval
length_out_of_range,PEPT,amp_diffusion_train_eval
length_out_of_range,PEPT,amp_diffusion_train_eval
length_out_of_range,PEPT,amp_diffusion_train_eval
length_out_of_range,PEPT,amp_diffusion_train_eval
length_out_of_range,PEPT,amp_diffusion_train_eval
length_out_of_range,PEPT,amp_diffusion_train_eval
length_out_of_range,PEPT,amp_diffusion_train_eval
length_out_of_range,PEPT,amp_diffusion_train_eval
length_out_of_range,PEPT,amp_diffusion_train_eval
length_out_of_range,PEPT,amp_diffusion_train_eval
length_out_of_range,KPRPAP,amp_diffusion_train_eval
length_out_of_range,KPRPAP,amp_diffusion_train_eval
length_out_of_range,KPRPAP,amp_diffusion_train_eval
length_out_of_range,KPRPAP,amp_diffusion_train_eval
length_out_of_range,KPRPAP,amp_diffusion_train_eval
length_out_of_range,KPRPAP,amp_diffusion_train_eval
length_out_of_range,KPRPAP,amp_diffusion_train_eval
length_out_of_range,KPRPAP,amp_diffusion_train_eval
length_out_of_range,KPRPAP,amp_diffusion_train_eval
length_out_of_range,KPRPAP,amp_diffusion_train_eval
length_out_of_range,KPRPAP,amp_diffusion_train_eval
length_out_of_range,PW,amp_diffusion_train_eval
length_out_of_range,PW,amp_diffusion_train_eval
length_out_of_range,PW,amp_diffusion_train_eval
length_out_of_range,PW,amp_diffusion_train_eval
length_out_of_range,PW,amp_diffusion_train_eval
length_out_of_range,PW,amp_diffusion_train_eval
length_out_of_range,PW,amp_diffusion_train_eval
length_out_of_range,PW,amp_diffusion_train_eval
length_out_of_range,PW,amp_diffusion_train_eval
length_out_of_range,PW,amp_diffusion_train_eval
length_out_of_range,PW,amp_diffusion_train_eval
length_out_of_range,VNSWGKH,amp_diffusion_train_eval
length_out_of_range,VNSWGKH,amp_diffusion_train_eval
length_out_of_range,VNSWGKH,amp_diffusion_train_eval
length_out_of_range,VNSWGKH,amp_diffusion_train_eval
length_out_of_range,VNSWGKH,amp_diffusion_train_eval
length_out_of_range,VNSWGKH,amp_diffusion_train_eval
length_out_of_range,VNSWGKH,amp_diffusion_train_eval
length_out_of_range,VNSWGKH,amp_diffusion_train_eval
length_out_of_range,VNSWGKH,amp_diffusion_train_eval
length_out_of_range,VNSWGKH,amp_diffusion_train_eval
length_out_of_range,VNSWGKH,amp_diffusion_train_eval
length_out_of_range,MRTGNAN,amp_diffusion_train_eval
length_out_of_range,MRTGNAN,amp_diffusion_train_eval
length_out_of_range,MRTGNAN,amp_diffusion_train_eval
length_out_of_range,MRTGNAN,amp_diffusion_train_eval
length_out_of_range,MRTGNAN,amp_diffusion_train_eval
length_out_of_range,MRTGNAN,amp_diffusion_train_eval
length_out_of_range,MRTGNAN,amp_diffusion_train_eval
length_out_of_range,MRTGNAN,amp_diffusion_train_eval
length_out_of_range,MRTGNAN,amp_diffusion_train_eval
length_out_of_range,MRTGNAN,amp_diffusion_train_eval
length_out_of_range,MRTGNAN,amp_diffusion_train_eval
length_out_of_range,RRVRR,amp_diffusion_train_eval
length_out_of_range,RRVRR,amp_diffusion_train_eval
length_out_of_range,RRVRR,amp_diffusion_train_eval
length_out_of_range,RRVRR,amp_diffusion_train_eval
length_out_of_range,RRVRR,amp_diffusion_train_eval
length_out_of_range,RRVRR,amp_diffusion_train_eval
length_out_of_range,RRVRR,amp_diffusion_train_eval
length_out_of_range,RRVRR,amp_diffusion_train_eval
length_out_of_range,RRVRR,amp_diffusion_train_eval
length_out_of_range,RRVRR,amp_diffusion_train_eval
length_out_of_range,RRVRR,amp_diffusion_train_eval
length_out_of_range,FQWQR,amp_diffusion_train_eval
length_out_of_range,FQWQR,amp_diffusion_train_eval
length_out_of_range,FQWQR,amp_diffusion_train_eval
length_out_of_range,FQWQR,amp_diffusion_train_eval
length_out_of_range,FQWQR,amp_diffusion_train_eval
length_out_of_range,FQWQR,amp_diffusion_train_eval
length_out_of_range,FQWQR,amp_diffusion_train_eval
length_out_of_range,FQWQR,amp_diffusion_train_eval
length_out_of_range,FQWQR,amp_diffusion_train_eval
length_out_of_range,FQWQR,amp_diffusion_train_eval
length_out_of_range,FQWQR,amp_diffusion_train_eval
length_out_of_range,GSPE,amp_diffusion_train_eval
length_out_of_range,GSPE,amp_diffusion_train_eval
length_out_of_range,GSPE,amp_diffusion_train_eval
length_out_of_range,GSPE,amp_diffusion_train_eval
length_out_of_range,GSPE,amp_diffusion_train_eval
length_out_of_range,GSPE,amp_diffusion_train_eval
length_out_of_range,GSPE,amp_diffusion_train_eval
length_out_of_range,GSPE,amp_diffusion_train_eval
length_out_of_range,GSPE,amp_diffusion_train_eval
length_out_of_range,GSPE,amp_diffusion_train_eval
length_out_of_range,GSPE,amp_diffusion_train_eval
length_out_of_range,MALEHM,amp_diffusion_train_eval
length_out_of_range,MALEHM,amp_diffusion_train_eval
length_out_of_range,MALEHM,amp_diffusion_train_eval
length_out_of_range,MALEHM,amp_diffusion_train_eval
length_out_of_range,MALEHM,amp_diffusion_train_eval
length_out_of_range,MALEHM,amp_diffusion_train_eval
length_out_of_range,MALEHM,amp_diffusion_train_eval
length_out_of_range,MALEHM,amp_diffusion_train_eval
length_out_of_range,MALEHM,amp_diffusion_train_eval
length_out_of_range,MALEHM,amp_diffusion_train_eval
length_out_of_range,MALEHM,amp_diffusion_train_eval
length_out_of_range,RYLKDQ,amp_diffusion_train_eval
length_out_of_range,RYLKDQ,amp_diffusion_train_eval
length_out_of_range,RYLKDQ,amp_diffusion_train_eval
length_out_of_range,RYLKDQ,amp_diffusion_train_eval
length_out_of_range,RYLKDQ,amp_diffusion_train_eval
length_out_of_range,RYLKDQ,amp_diffusion_train_eval
length_out_of_range,RYLKDQ,amp_diffusion_train_eval
length_out_of_range,RYLKDQ,amp_diffusion_train_eval
length_out_of_range,RYLKDQ,amp_diffusion_train_eval
length_out_of_range,RYLKDQ,amp_diffusion_train_eval
length_out_of_range,RYLKDQ,amp_diffusion_train_eval
length_out_of_range,AKSRWY,amp_diffusion_train_eval
length_out_of_range,AKSRWY,amp_diffusion_train_eval
length_out_of_range,AKSRWY,amp_diffusion_train_eval
length_out_of_range,AKSRWY,amp_diffusion_train_eval
length_out_of_range,AKSRWY,amp_diffusion_train_eval
length_out_of_range,AKSRWY,amp_diffusion_train_eval
length_out_of_range,AKSRWY,amp_diffusion_train_eval
length_out_of_range,AKSRWY,amp_diffusion_train_eval
length_out_of_range,AKSRWY,amp_diffusion_train_eval
length_out_of_range,AKSRWY,amp_diffusion_train_eval
length_out_of_range,AKSRWY,amp_diffusion_train_eval
length_out_of_range,FPPWL,amp_diffusion_train_eval
length_out_of_range,FPPWL,amp_diffusion_train_eval
length_out_of_range,FPPWL,amp_diffusion_train_eval
length_out_of_range,FPPWL,amp_diffusion_train_eval
length_out_of_range,FPPWL,amp_diffusion_train_eval
length_out_of_range,FPPWL,amp_diffusion_train_eval
length_out_of_range,FPPWL,amp_diffusion_train_eval
length_out_of_range,FPPWL,amp_diffusion_train_eval
length_out_of_range,FPPWL,amp_diffusion_train_eval
length_out_of_range,FPPWL,amp_diffusion_train_eval
length_out_of_range,FPPWL,amp_diffusion_train_eval
length_out_of_range,YDEQQE,amp_diffusion_train_eval
length_out_of_range,YDEQQE,amp_diffusion_train_eval
length_out_of_range,YDEQQE,amp_diffusion_train_eval
length_out_of_range,YDEQQE,amp_diffusion_train_eval
length_out_of_range,YDEQQE,amp_diffusion_train_eval
length_out_of_range,YDEQQE,amp_diffusion_train_eval
length_out_of_range,YDEQQE,amp_diffusion_train_eval
length_out_of_range,YDEQQE,amp_diffusion_train_eval
length_out_of_range,YDEQQE,amp_diffusion_train_eval
length_out_of_range,YDEQQE,amp_diffusion_train_eval
length_out_of_range,YDEQQE,amp_diffusion_train_eval
length_out_of_range,FKFLFKF,amp_diffusion_train_eval
length_out_of_range,FKFLFKF,amp_diffusion_train_eval
length_out_of_range,FKFLFKF,amp_diffusion_train_eval
length_out_of_range,FKFLFKF,amp_diffusion_train_eval
length_out_of_range,FKFLFKF,amp_diffusion_train_eval
length_out_of_range,FKFLFKF,amp_diffusion_train_eval
length_out_of_range,FKFLFKF,amp_diffusion_train_eval
length_out_of_range,FKFLFKF,amp_diffusion_train_eval
length_out_of_range,FKFLFKF,amp_diffusion_train_eval
length_out_of_range,FKFLFKF,amp_diffusion_train_eval
length_out_of_range,FKFLFKF,amp_diffusion_train_eval
length_out_of_range,HPQYNPQ,amp_diffusion_train_eval
length_out_of_range,HPQYNPQ,amp_diffusion_train_eval
length_out_of_range,HPQYNPQ,amp_diffusion_train_eval
length_out_of_range,HPQYNPQ,amp_diffusion_train_eval
length_out_of_range,HPQYNPQ,amp_diffusion_train_eval
length_out_of_range,HPQYNPQ,amp_diffusion_train_eval
length_out_of_range,HPQYNPQ,amp_diffusion_train_eval
length_out_of_range,HPQYNPQ,amp_diffusion_train_eval
length_out_of_range,HPQYNPQ,amp_diffusion_train_eval
length_out_of_range,HPQYNPQ,amp_diffusion_train_eval
length_out_of_range,HPQYNPQ,amp_diffusion_train_eval
length_out_of_range,KRKILI,amp_diffusion_train_eval
length_out_of_range,KRKILI,amp_diffusion_train_eval
length_out_of_range,KRKILI,amp_diffusion_train_eval
length_out_of_range,KRKILI,amp_diffusion_train_eval
length_out_of_range,KRKILI,amp_diffusion_train_eval
length_out_of_range,KRKILI,amp_diffusion_train_eval
length_out_of_range,KRKILI,amp_diffusion_train_eval
length_out_of_range,KRKILI,amp_diffusion_train_eval
length_out_of_range,KRKILI,amp_diffusion_train_eval
length_out_of_range,KRKILI,amp_diffusion_train_eval
length_out_of_range,KRKILI,amp_diffusion_train_eval
length_out_of_range,SFDDNP,amp_diffusion_train_eval
length_out_of_range,SFDDNP,amp_diffusion_train_eval
length_out_of_range,SFDDNP,amp_diffusion_train_eval
length_out_of_range,SFDDNP,amp_diffusion_train_eval
length_out_of_range,SFDDNP,amp_diffusion_train_eval
length_out_of_range,SFDDNP,amp_diffusion_train_eval
length_out_of_range,SFDDNP,amp_diffusion_train_eval
length_out_of_range,SFDDNP,amp_diffusion_train_eval
length_out_of_range,SFDDNP,amp_diffusion_train_eval
length_out_of_range,SFDDNP,amp_diffusion_train_eval
length_out_of_range,SFDDNP,amp_diffusion_train_eval
length_out_of_range,RWRWRWF,amp_diffusion_train_eval
length_out_of_range,RWRWRWF,amp_diffusion_train_eval
length_out_of_range,RWRWRWF,amp_diffusion_train_eval
length_out_of_range,RWRWRWF,amp_diffusion_train_eval
length_out_of_range,RWRWRWF,amp_diffusion_train_eval
length_out_of_range,RWRWRWF,amp_diffusion_train_eval
length_out_of_range,RWRWRWF,amp_diffusion_train_eval
length_out_of_range,RWRWRWF,amp_diffusion_train_eval
length_out_of_range,RWRWRWF,amp_diffusion_train_eval
length_out_of_range,RWRWRWF,amp_diffusion_train_eval
length_out_of_range,RWRWRWF,amp_diffusion_train_eval
length_out_of_range,PLAI,amp_diffusion_train_eval
length_out_of_range,PLAI,amp_diffusion_train_eval
length_out_of_range,PLAI,amp_diffusion_train_eval
length_out_of_range,PLAI,amp_diffusion_train_eval
length_out_of_range,PLAI,amp_diffusion_train_eval
length_out_of_range,PLAI,amp_diffusion_train_eval
length_out_of_range,PLAI,amp_diffusion_train_eval
length_out_of_range,PLAI,amp_diffusion_train_eval
length_out_of_range,PLAI,amp_diffusion_train_eval
length_out_of_range,PLAI,amp_diffusion_train_eval
length_out_of_range,PLAI,amp_diffusion_train_eval
length_out_of_range,GFPY,amp_diffusion_train_eval
length_out_of_range,GFPY,amp_diffusion_train_eval
length_out_of_range,GFPY,amp_diffusion_train_eval
length_out_of_range,GFPY,amp_diffusion_train_eval
length_out_of_range,GFPY,amp_diffusion_train_eval
length_out_of_range,GFPY,amp_diffusion_train_eval
length_out_of_range,GFPY,amp_diffusion_train_eval
length_out_of_range,GFPY,amp_diffusion_train_eval
length_out_of_range,GFPY,amp_diffusion_train_eval
length_out_of_range,GFPY,amp_diffusion_train_eval
length_out_of_range,GFPY,amp_diffusion_train_eval
length_out_of_range,KWRRWV,amp_diffusion_train_eval
length_out_of_range,KWRRWV,amp_diffusion_train_eval
length_out_of_range,KWRRWV,amp_diffusion_train_eval
length_out_of_range,KWRRWV,amp_diffusion_train_eval
length_out_of_range,KWRRWV,amp_diffusion_train_eval
length_out_of_range,KWRRWV,amp_diffusion_train_eval
length_out_of_range,KWRRWV,amp_diffusion_train_eval
length_out_of_range,KWRRWV,amp_diffusion_train_eval
length_out_of_range,KWRRWV,amp_diffusion_train_eval
length_out_of_range,KWRRWV,amp_diffusion_train_eval
length_out_of_range,KWRRWV,amp_diffusion_train_eval
length_out_of_range,RWWRIVI,amp_diffusion_train_eval
length_out_of_range,RWWRIVI,amp_diffusion_train_eval
length_out_of_range,RWWRIVI,amp_diffusion_train_eval
length_out_of_range,RWWRIVI,amp_diffusion_train_eval
length_out_of_range,RWWRIVI,amp_diffusion_train_eval
length_out_of_range,RWWRIVI,amp_diffusion_train_eval
length_out_of_range,RWWRIVI,amp_diffusion_train_eval
length_out_of_range,RWWRIVI,amp_diffusion_train_eval
length_out_of_range,RWWRIVI,amp_diffusion_train_eval
length_out_of_range,RWWRIVI,amp_diffusion_train_eval
length_out_of_range,RWWRIVI,amp_diffusion_train_eval
length_out_of_range,EF,amp_diffusion_train_eval
length_out_of_range,EF,amp_diffusion_train_eval
length_out_of_range,EF,amp_diffusion_train_eval
length_out_of_range,EF,amp_diffusion_train_eval
length_out_of_range,EF,amp_diffusion_train_eval
length_out_of_range,EF,amp_diffusion_train_eval
length_out_of_range,EF,amp_diffusion_train_eval
length_out_of_range,EF,amp_diffusion_train_eval
length_out_of_range,EF,amp_diffusion_train_eval
length_out_of_range,EF,amp_diffusion_train_eval
length_out_of_range,EF,amp_diffusion_train_eval
length_out_of_range,RRFWHR,amp_diffusion_train_eval
length_out_of_range,RRFWHR,amp_diffusion_train_eval
length_out_of_range,RRFWHR,amp_diffusion_train_eval
length_out_of_range,RRFWHR,amp_diffusion_train_eval
length_out_of_range,RRFWHR,amp_diffusion_train_eval
length_out_of_range,RRFWHR,amp_diffusion_train_eval
length_out_of_range,RRFWHR,amp_diffusion_train_eval
length_out_of_range,RRFWHR,amp_diffusion_train_eval
length_out_of_range,RRFWHR,amp_diffusion_train_eval
length_out_of_range,RRFWHR,amp_diffusion_train_eval
length_out_of_range,RRFWHR,amp_diffusion_train_eval
length_out_of_range,YQDL,amp_diffusion_train_eval
length_out_of_range,YQDL,amp_diffusion_train_eval
length_out_of_range,YQDL,amp_diffusion_train_eval
length_out_of_range,YQDL,amp_diffusion_train_eval
length_out_of_range,YQDL,amp_diffusion_train_eval
length_out_of_range,YQDL,amp_diffusion_train_eval
length_out_of_range,YQDL,amp_diffusion_train_eval
length_out_of_range,YQDL,amp_diffusion_train_eval
length_out_of_range,YQDL,amp_diffusion_train_eval
length_out_of_range,YQDL,amp_diffusion_train_eval
length_out_of_range,YQDL,amp_diffusion_train_eval
length_out_of_range,RRVSRR,amp_diffusion_train_eval
length_out_of_range,RRVSRR,amp_diffusion_train_eval
length_out_of_range,RRVSRR,amp_diffusion_train_eval
length_out_of_range,RRVSRR,amp_diffusion_train_eval
length_out_of_range,RRVSRR,amp_diffusion_train_eval
length_out_of_range,RRVSRR,amp_diffusion_train_eval
length_out_of_range,RRVSRR,amp_diffusion_train_eval
length_out_of_range,RRVSRR,amp_diffusion_train_eval
length_out_of_range,RRVSRR,amp_diffusion_train_eval
length_out_of_range,RRVSRR,amp_diffusion_train_eval
length_out_of_range,RRVSRR,amp_diffusion_train_eval
length_out_of_range,CVHAFRA,amp_diffusion_train_eval
length_out_of_range,CVHAFRA,amp_diffusion_train_eval
length_out_of_range,CVHAFRA,amp_diffusion_train_eval
length_out_of_range,CVHAFRA,amp_diffusion_train_eval
length_out_of_range,CVHAFRA,amp_diffusion_train_eval
length_out_of_range,CVHAFRA,amp_diffusion_train_eval
length_out_of_range,CVHAFRA,amp_diffusion_train_eval
length_out_of_range,CVHAFRA,amp_diffusion_train_eval
length_out_of_range,CVHAFRA,amp_diffusion_train_eval
length_out_of_range,CVHAFRA,amp_diffusion_train_eval
length_out_of_range,CVHAFRA,amp_diffusion_train_eval
length_out_of_range,LIWYLL,amp_diffusion_train_eval
length_out_of_range,LIWYLL,amp_diffusion_train_eval
length_out_of_range,LIWYLL,amp_diffusion_train_eval
length_out_of_range,LIWYLL,amp_diffusion_train_eval
length_out_of_range,LIWYLL,amp_diffusion_train_eval
length_out_of_range,LIWYLL,amp_diffusion_train_eval
length_out_of_range,LIWYLL,amp_diffusion_train_eval
length_out_of_range,LIWYLL,amp_diffusion_train_eval
length_out_of_range,LIWYLL,amp_diffusion_train_eval
length_out_of_range,LIWYLL,amp_diffusion_train_eval
length_out_of_range,LIWYLL,amp_diffusion_train_eval
length_out_of_range,RRWWRRK,amp_diffusion_train_eval
length_out_of_range,RRWWRRK,amp_diffusion_train_eval
length_out_of_range,RRWWRRK,amp_diffusion_train_eval
length_out_of_range,RRWWRRK,amp_diffusion_train_eval
length_out_of_range,RRWWRRK,amp_diffusion_train_eval
length_out_of_range,RRWWRRK,amp_diffusion_train_eval
length_out_of_range,RRWWRRK,amp_diffusion_train_eval
length_out_of_range,RRWWRRK,amp_diffusion_train_eval
length_out_of_range,RRWWRRK,amp_diffusion_train_eval
length_out_of_range,RRWWRRK,amp_diffusion_train_eval
length_out_of_range,RRWWRRK,amp_diffusion_train_eval
length_out_of_range,KELEEK,amp_diffusion_train_eval
length_out_of_range,KELEEK,amp_diffusion_train_eval
length_out_of_range,KELEEK,amp_diffusion_train_eval
length_out_of_range,KELEEK,amp_diffusion_train_eval
length_out_of_range,KELEEK,amp_diffusion_train_eval
length_out_of_range,KELEEK,amp_diffusion_train_eval
length_out_of_range,KELEEK,amp_diffusion_train_eval
length_out_of_range,KELEEK,amp_diffusion_train_eval
length_out_of_range,KELEEK,amp_diffusion_train_eval
length_out_of_range,KELEEK,amp_diffusion_train_eval
length_out_of_range,KELEEK,amp_diffusion_train_eval
length_out_of_range,KIIKVVK,amp_diffusion_train_eval
length_out_of_range,KIIKVVK,amp_diffusion_train_eval
length_out_of_range,KIIKVVK,amp_diffusion_train_eval
length_out_of_range,KIIKVVK,amp_diffusion_train_eval
length_out_of_range,KIIKVVK,amp_diffusion_train_eval
length_out_of_range,KIIKVVK,amp_diffusion_train_eval
length_out_of_range,KIIKVVK,amp_diffusion_train_eval
length_out_of_range,KIIKVVK,amp_diffusion_train_eval
length_out_of_range,KIIKVVK,amp_diffusion_train_eval
length_out_of_range,KIIKVVK,amp_diffusion_train_eval
length_out_of_range,KIIKVVK,amp_diffusion_train_eval
length_out_of_range,WPISFVP,amp_diffusion_train_eval
length_out_of_range,WPISFVP,amp_diffusion_train_eval
length_out_of_range,WPISFVP,amp_diffusion_train_eval
length_out_of_range,WPISFVP,amp_diffusion_train_eval
length_out_of_range,WPISFVP,amp_diffusion_train_eval
length_out_of_range,WPISFVP,amp_diffusion_train_eval
length_out_of_range,WPISFVP,amp_diffusion_train_eval
length_out_of_range,WPISFVP,amp_diffusion_train_eval
length_out_of_range,WPISFVP,amp_diffusion_train_eval
length_out_of_range,WPISFVP,amp_diffusion_train_eval
length_out_of_range,WPISFVP,amp_diffusion_train_eval
length_out_of_range,CLFWLL,amp_diffusion_train_eval
length_out_of_range,CLFWLL,amp_diffusion_train_eval
length_out_of_range,CLFWLL,amp_diffusion_train_eval
length_out_of_range,CLFWLL,amp_diffusion_train_eval
length_out_of_range,CLFWLL,amp_diffusion_train_eval
length_out_of_range,CLFWLL,amp_diffusion_train_eval
length_out_of_range,CLFWLL,amp_diffusion_train_eval
length_out_of_range,CLFWLL,amp_diffusion_train_eval
length_out_of_range,CLFWLL,amp_diffusion_train_eval
length_out_of_range,CLFWLL,amp_diffusion_train_eval
length_out_of_range,CLFWLL,amp_diffusion_train_eval
length_out_of_range,ELWPFGP,amp_diffusion_train_eval
length_out_of_range,ELWPFGP,amp_diffusion_train_eval
length_out_of_range,ELWPFGP,amp_diffusion_train_eval
length_out_of_range,ELWPFGP,amp_diffusion_train_eval
length_out_of_range,ELWPFGP,amp_diffusion_train_eval
length_out_of_range,ELWPFGP,amp_diffusion_train_eval
length_out_of_range,ELWPFGP,amp_diffusion_train_eval
length_out_of_range,ELWPFGP,amp_diffusion_train_eval
length_out_of_range,ELWPFGP,amp_diffusion_train_eval
length_out_of_range,ELWPFGP,amp_diffusion_train_eval
length_out_of_range,ELWPFGP,amp_diffusion_train_eval
length_out_of_range,AAA,amp_diffusion_train_eval
length_out_of_range,AAA,amp_diffusion_train_eval
length_out_of_range,AAA,amp_diffusion_train_eval
length_out_of_range,AAA,amp_diffusion_train_eval
length_out_of_range,AAA,amp_diffusion_train_eval
length_out_of_range,AAA,amp_diffusion_train_eval
length_out_of_range,AAA,amp_diffusion_train_eval
length_out_of_range,AAA,amp_diffusion_train_eval
length_out_of_range,AAA,amp_diffusion_train_eval
length_out_of_range,AAA,amp_diffusion_train_eval
length_out_of_range,AAA,amp_diffusion_train_eval
length_out_of_range,WIVIWRR,amp_diffusion_train_eval
length_out_of_range,WIVIWRR,amp_diffusion_train_eval
length_out_of_range,WIVIWRR,amp_diffusion_train_eval
length_out_of_range,WIVIWRR,amp_diffusion_train_eval
length_out_of_range,WIVIWRR,amp_diffusion_train_eval
length_out_of_range,WIVIWRR,amp_diffusion_train_eval
length_out_of_range,WIVIWRR,amp_diffusion_train_eval
length_out_of_range,WIVIWRR,amp_diffusion_train_eval
length_out_of_range,WIVIWRR,amp_diffusion_train_eval
length_out_of_range,WIVIWRR,amp_diffusion_train_eval
length_out_of_range,WIVIWRR,amp_diffusion_train_eval
length_out_of_range,RRRRWWK,amp_diffusion_train_eval
length_out_of_range,RRRRWWK,amp_diffusion_train_eval
length_out_of_range,RRRRWWK,amp_diffusion_train_eval
length_out_of_range,RRRRWWK,amp_diffusion_train_eval
length_out_of_range,RRRRWWK,amp_diffusion_train_eval
length_out_of_range,RRRRWWK,amp_diffusion_train_eval
length_out_of_range,RRRRWWK,amp_diffusion_train_eval
length_out_of_range,RRRRWWK,amp_diffusion_train_eval
length_out_of_range,RRRRWWK,amp_diffusion_train_eval
length_out_of_range,RRRRWWK,amp_diffusion_train_eval
length_out_of_range,RRRRWWK,amp_diffusion_train_eval
length_out_of_range,GFLSIL,amp_diffusion_train_eval
length_out_of_range,GFLSIL,amp_diffusion_train_eval
length_out_of_range,GFLSIL,amp_diffusion_train_eval
length_out_of_range,GFLSIL,amp_diffusion_train_eval
length_out_of_range,GFLSIL,amp_diffusion_train_eval
length_out_of_range,GFLSIL,amp_diffusion_train_eval
length_out_of_range,GFLSIL,amp_diffusion_train_eval
length_out_of_range,GFLSIL,amp_diffusion_train_eval
length_out_of_range,GFLSIL,amp_diffusion_train_eval
length_out_of_range,GFLSIL,amp_diffusion_train_eval
length_out_of_range,GFLSIL,amp_diffusion_train_eval
length_out_of_range,CVHTYRS,amp_diffusion_train_eval
length_out_of_range,CVHTYRS,amp_diffusion_train_eval
length_out_of_range,CVHTYRS,amp_diffusion_train_eval
length_out_of_range,CVHTYRS,amp_diffusion_train_eval
length_out_of_range,CVHTYRS,amp_diffusion_train_eval
length_out_of_range,CVHTYRS,amp_diffusion_train_eval
length_out_of_range,CVHTYRS,amp_diffusion_train_eval
length_out_of_range,CVHTYRS,amp_diffusion_train_eval
length_out_of_range,CVHTYRS,amp_diffusion_train_eval
length_out_of_range,CVHTYRS,amp_diffusion_train_eval
length_out_of_range,CVHTYRS,amp_diffusion_train_eval
length_out_of_range,PNKKKRK,amp_diffusion_train_eval
length_out_of_range,PNKKKRK,amp_diffusion_train_eval
length_out_of_range,PNKKKRK,amp_diffusion_train_eval
length_out_of_range,PNKKKRK,amp_diffusion_train_eval
length_out_of_range,PNKKKRK,amp_diffusion_train_eval
length_out_of_range,PNKKKRK,amp_diffusion_train_eval
length_out_of_range,PNKKKRK,amp_diffusion_train_eval
length_out_of_range,PNKKKRK,amp_diffusion_train_eval
length_out_of_range,PNKKKRK,amp_diffusion_train_eval
length_out_of_range,PNKKKRK,amp_diffusion_train_eval
length_out_of_range,PNKKKRK,amp_diffusion_train_eval
length_out_of_range,FYDPLVF,amp_diffusion_train_eval
length_out_of_range,FYDPLVF,amp_diffusion_train_eval
length_out_of_range,FYDPLVF,amp_diffusion_train_eval
length_out_of_range,FYDPLVF,amp_diffusion_train_eval
length_out_of_range,FYDPLVF,amp_diffusion_train_eval
length_out_of_range,FYDPLVF,amp_diffusion_train_eval
length_out_of_range,FYDPLVF,amp_diffusion_train_eval
length_out_of_range,FYDPLVF,amp_diffusion_train_eval
length_out_of_range,FYDPLVF,amp_diffusion_train_eval
length_out_of_range,FYDPLVF,amp_diffusion_train_eval
length_out_of_range,FYDPLVF,amp_diffusion_train_eval
length_out_of_range,WKWKWK,amp_diffusion_train_eval
length_out_of_range,WKWKWK,amp_diffusion_train_eval
length_out_of_range,WKWKWK,amp_diffusion_train_eval
length_out_of_range,WKWKWK,amp_diffusion_train_eval
length_out_of_range,WKWKWK,amp_diffusion_train_eval
length_out_of_range,WKWKWK,amp_diffusion_train_eval
length_out_of_range,WKWKWK,amp_diffusion_train_eval
length_out_of_range,WKWKWK,amp_diffusion_train_eval
length_out_of_range,WKWKWK,amp_diffusion_train_eval
length_out_of_range,WKWKWK,amp_diffusion_train_eval
length_out_of_range,WKWKWK,amp_diffusion_train_eval
length_out_of_range,FPPWM,amp_diffusion_train_eval
length_out_of_range,FPPWM,amp_diffusion_train_eval
length_out_of_range,FPPWM,amp_diffusion_train_eval
length_out_of_range,FPPWM,amp_diffusion_train_eval
length_out_of_range,FPPWM,amp_diffusion_train_eval
length_out_of_range,FPPWM,amp_diffusion_train_eval
length_out_of_range,FPPWM,amp_diffusion_train_eval
length_out_of_range,FPPWM,amp_diffusion_train_eval
length_out_of_range,FPPWM,amp_diffusion_train_eval
length_out_of_range,FPPWM,amp_diffusion_train_eval
length_out_of_range,FPPWM,amp_diffusion_train_eval
length_out_of_range,RRWRR,amp_diffusion_train_eval
length_out_of_range,RRWRR,amp_diffusion_train_eval
length_out_of_range,RRWRR,amp_diffusion_train_eval
length_out_of_range,RRWRR,amp_diffusion_train_eval
length_out_of_range,RRWRR,amp_diffusion_train_eval
length_out_of_range,RRWRR,amp_diffusion_train_eval
length_out_of_range,RRWRR,amp_diffusion_train_eval
length_out_of_range,RRWRR,amp_diffusion_train_eval
length_out_of_range,RRWRR,amp_diffusion_train_eval
length_out_of_range,RRWRR,amp_diffusion_train_eval
length_out_of_range,RRWRR,amp_diffusion_train_eval
length_out_of_range,HPAYNPR,amp_diffusion_train_eval
length_out_of_range,HPAYNPR,amp_diffusion_train_eval
length_out_of_range,HPAYNPR,amp_diffusion_train_eval
length_out_of_range,HPAYNPR,amp_diffusion_train_eval
length_out_of_range,HPAYNPR,amp_diffusion_train_eval
length_out_of_range,HPAYNPR,amp_diffusion_train_eval
length_out_of_range,HPAYNPR,amp_diffusion_train_eval
length_out_of_range,HPAYNPR,amp_diffusion_train_eval
length_out_of_range,HPAYNPR,amp_diffusion_train_eval
length_out_of_range,HPAYNPR,amp_diffusion_train_eval
length_out_of_range,HPAYNPR,amp_diffusion_train_eval
length_out_of_range,VQWWRPT,amp_diffusion_train_eval
length_out_of_range,VQWWRPT,amp_diffusion_train_eval
length_out_of_range,VQWWRPT,amp_diffusion_train_eval
length_out_of_range,VQWWRPT,amp_diffusion_train_eval
length_out_of_range,VQWWRPT,amp_diffusion_train_eval
length_out_of_range,VQWWRPT,amp_diffusion_train_eval
length_out_of_range,VQWWRPT,amp_diffusion_train_eval
length_out_of_range,VQWWRPT,amp_diffusion_train_eval
length_out_of_range,VQWWRPT,amp_diffusion_train_eval
length_out_of_range,VQWWRPT,amp_diffusion_train_eval
length_out_of_range,VQWWRPT,amp_diffusion_train_eval
length_out_of_range,LRLLRRL,amp_diffusion_train_eval
length_out_of_range,LRLLRRL,amp_diffusion_train_eval
length_out_of_range,LRLLRRL,amp_diffusion_train_eval
length_out_of_range,LRLLRRL,amp_diffusion_train_eval
length_out_of_range,LRLLRRL,amp_diffusion_train_eval
length_out_of_range,LRLLRRL,amp_diffusion_train_eval
length_out_of_range,LRLLRRL,amp_diffusion_train_eval
length_out_of_range,LRLLRRL,amp_diffusion_train_eval
length_out_of_range,LRLLRRL,amp_diffusion_train_eval
length_out_of_range,LRLLRRL,amp_diffusion_train_eval
length_out_of_range,LRLLRRL,amp_diffusion_train_eval
length_out_of_range,RRRWWW,amp_diffusion_train_eval
length_out_of_range,RRRWWW,amp_diffusion_train_eval
length_out_of_range,RRRWWW,amp_diffusion_train_eval
length_out_of_range,RRRWWW,amp_diffusion_train_eval
length_out_of_range,RRRWWW,amp_diffusion_train_eval
length_out_of_range,RRRWWW,amp_diffusion_train_eval
length_out_of_range,RRRWWW,amp_diffusion_train_eval
length_out_of_range,RRRWWW,amp_diffusion_train_eval
length_out_of_range,RRRWWW,amp_diffusion_train_eval
length_out_of_range,RRRWWW,amp_diffusion_train_eval
length_out_of_range,RRRWWW,amp_diffusion_train_eval
length_out_of_range,EEDD,amp_diffusion_train_eval
length_out_of_range,EEDD,amp_diffusion_train_eval
length_out_of_range,EEDD,amp_diffusion_train_eval
length_out_of_range,EEDD,amp_diffusion_train_eval
length_out_of_range,EEDD,amp_diffusion_train_eval
length_out_of_range,EEDD,amp_diffusion_train_eval
length_out_of_range,EEDD,amp_diffusion_train_eval
length_out_of_range,EEDD,amp_diffusion_train_eval
length_out_of_range,EEDD,amp_diffusion_train_eval
length_out_of_range,EEDD,amp_diffusion_train_eval
length_out_of_range,EEDD,amp_diffusion_train_eval
length_out_of_range,TFFR,amp_diffusion_train_eval
length_out_of_range,TFFR,amp_diffusion_train_eval
length_out_of_range,TFFR,amp_diffusion_train_eval
length_out_of_range,TFFR,amp_diffusion_train_eval
length_out_of_range,TFFR,amp_diffusion_train_eval
length_out_of_range,TFFR,amp_diffusion_train_eval
length_out_of_range,TFFR,amp_diffusion_train_eval
length_out_of_range,TFFR,amp_diffusion_train_eval
length_out_of_range,TFFR,amp_diffusion_train_eval
length_out_of_range,TFFR,amp_diffusion_train_eval
length_out_of_range,TFFR,amp_diffusion_train_eval
length_out_of_range,HPQFNQR,amp_diffusion_train_eval
length_out_of_range,HPQFNQR,amp_diffusion_train_eval
length_out_of_range,HPQFNQR,amp_diffusion_train_eval
length_out_of_range,HPQFNQR,amp_diffusion_train_eval
length_out_of_range,HPQFNQR,amp_diffusion_train_eval
length_out_of_range,HPQFNQR,amp_diffusion_train_eval
length_out_of_range,HPQFNQR,amp_diffusion_train_eval
length_out_of_range,HPQFNQR,amp_diffusion_train_eval
length_out_of_range,HPQFNQR,amp_diffusion_train_eval
length_out_of_range,HPQFNQR,amp_diffusion_train_eval
length_out_of_range,HPQFNQR,amp_diffusion_train_eval
length_out_of_range,LYVTKK,amp_diffusion_train_eval
length_out_of_range,LYVTKK,amp_diffusion_train_eval
length_out_of_range,LYVTKK,amp_diffusion_train_eval
length_out_of_range,LYVTKK,amp_diffusion_train_eval
length_out_of_range,LYVTKK,amp_diffusion_train_eval
length_out_of_range,LYVTKK,amp_diffusion_train_eval
length_out_of_range,LYVTKK,amp_diffusion_train_eval
length_out_of_range,LYVTKK,amp_diffusion_train_eval
length_out_of_range,LYVTKK,amp_diffusion_train_eval
length_out_of_range,LYVTKK,amp_diffusion_train_eval
length_out_of_range,LYVTKK,amp_diffusion_train_eval
length_out_of_range,VVIRVA,amp_diffusion_train_eval
length_out_of_range,VVIRVA,amp_diffusion_train_eval
length_out_of_range,VVIRVA,amp_diffusion_train_eval
length_out_of_range,VVIRVA,amp_diffusion_train_eval
length_out_of_range,VVIRVA,amp_diffusion_train_eval
length_out_of_range,VVIRVA,amp_diffusion_train_eval
length_out_of_range,VVIRVA,amp_diffusion_train_eval
length_out_of_range,VVIRVA,amp_diffusion_train_eval
length_out_of_range,VVIRVA,amp_diffusion_train_eval
length_out_of_range,VVIRVA,amp_diffusion_train_eval
length_out_of_range,VVIRVA,amp_diffusion_train_eval
length_out_of_range,DPAA,amp_diffusion_train_eval
length_out_of_range,DPAA,amp_diffusion_train_eval
length_out_of_range,DPAA,amp_diffusion_train_eval
length_out_of_range,DPAA,amp_diffusion_train_eval
length_out_of_range,DPAA,amp_diffusion_train_eval
length_out_of_range,DPAA,amp_diffusion_train_eval
length_out_of_range,DPAA,amp_diffusion_train_eval
length_out_of_range,DPAA,amp_diffusion_train_eval
length_out_of_range,DPAA,amp_diffusion_train_eval
length_out_of_range,DPAA,amp_diffusion_train_eval
length_out_of_range,DPAA,amp_diffusion_train_eval
length_out_of_range,GKWWVFD,amp_diffusion_train_eval
length_out_of_range,GKWWVFD,amp_diffusion_train_eval
length_out_of_range,GKWWVFD,amp_diffusion_train_eval
length_out_of_range,GKWWVFD,amp_diffusion_train_eval
length_out_of_range,GKWWVFD,amp_diffusion_train_eval
length_out_of_range,GKWWVFD,amp_diffusion_train_eval
length_out_of_range,GKWWVFD,amp_diffusion_train_eval
length_out_of_range,GKWWVFD,amp_diffusion_train_eval
length_out_of_range,GKWWVFD,amp_diffusion_train_eval
length_out_of_range,GKWWVFD,amp_diffusion_train_eval
length_out_of_range,GKWWVFD,amp_diffusion_train_eval
length_out_of_range,RWRWRWR,amp_diffusion_train_eval
length_out_of_range,RWRWRWR,amp_diffusion_train_eval
length_out_of_range,RWRWRWR,amp_diffusion_train_eval
length_out_of_range,RWRWRWR,amp_diffusion_train_eval
length_out_of_range,RWRWRWR,amp_diffusion_train_eval
length_out_of_range,RWRWRWR,amp_diffusion_train_eval
length_out_of_range,RWRWRWR,amp_diffusion_train_eval
length_out_of_range,RWRWRWR,amp_diffusion_train_eval
length_out_of_range,RWRWRWR,amp_diffusion_train_eval
length_out_of_range,RWRWRWR,amp_diffusion_train_eval
length_out_of_range,RWRWRWR,amp_diffusion_train_eval
length_out_of_range,DDDEE,amp_diffusion_train_eval
length_out_of_range,DDDEE,amp_diffusion_train_eval
length_out_of_range,DDDEE,amp_diffusion_train_eval
length_out_of_range,DDDEE,amp_diffusion_train_eval
length_out_of_range,DDDEE,amp_diffusion_train_eval
length_out_of_range,DDDEE,amp_diffusion_train_eval
length_out_of_range,DDDEE,amp_diffusion_train_eval
length_out_of_range,DDDEE,amp_diffusion_train_eval
length_out_of_range,DDDEE,amp_diffusion_train_eval
length_out_of_range,DDDEE,amp_diffusion_train_eval
length_out_of_range,DDDEE,amp_diffusion_train_eval
length_out_of_range,MKFTATF,amp_diffusion_train_eval
length_out_of_range,MKFTATF,amp_diffusion_train_eval
length_out_of_range,MKFTATF,amp_diffusion_train_eval
length_out_of_range,MKFTATF,amp_diffusion_train_eval
length_out_of_range,MKFTATF,amp_diffusion_train_eval
length_out_of_range,MKFTATF,amp_diffusion_train_eval
length_out_of_range,MKFTATF,amp_diffusion_train_eval
length_out_of_range,MKFTATF,amp_diffusion_train_eval
length_out_of_range,MKFTATF,amp_diffusion_train_eval
length_out_of_range,MKFTATF,amp_diffusion_train_eval
length_out_of_range,MKFTATF,amp_diffusion_train_eval
length_out_of_range,LGTY,amp_diffusion_train_eval
length_out_of_range,LGTY,amp_diffusion_train_eval
length_out_of_range,LGTY,amp_diffusion_train_eval
length_out_of_range,LGTY,amp_diffusion_train_eval
length_out_of_range,LGTY,amp_diffusion_train_eval
length_out_of_range,LGTY,amp_diffusion_train_eval
length_out_of_range,LGTY,amp_diffusion_train_eval
length_out_of_range,LGTY,amp_diffusion_train_eval
length_out_of_range,LGTY,amp_diffusion_train_eval
length_out_of_range,LGTY,amp_diffusion_train_eval
length_out_of_range,LGTY,amp_diffusion_train_eval
length_out_of_range,KKKKPLF,amp_diffusion_train_eval
length_out_of_range,KKKKPLF,amp_diffusion_train_eval
length_out_of_range,KKKKPLF,amp_diffusion_train_eval
length_out_of_range,KKKKPLF,amp_diffusion_train_eval
length_out_of_range,KKKKPLF,amp_diffusion_train_eval
length_out_of_range,KKKKPLF,amp_diffusion_train_eval
length_out_of_range,KKKKPLF,amp_diffusion_train_eval
length_out_of_range,KKKKPLF,amp_diffusion_train_eval
length_out_of_range,KKKKPLF,amp_diffusion_train_eval
length_out_of_range,KKKKPLF,amp_diffusion_train_eval
length_out_of_range,KKKKPLF,amp_diffusion_train_eval
length_out_of_range,NDDAQ,amp_diffusion_train_eval
length_out_of_range,NDDAQ,amp_diffusion_train_eval
length_out_of_range,NDDAQ,amp_diffusion_train_eval
length_out_of_range,NDDAQ,amp_diffusion_train_eval
length_out_of_range,NDDAQ,amp_diffusion_train_eval
length_out_of_range,NDDAQ,amp_diffusion_train_eval
length_out_of_range,NDDAQ,amp_diffusion_train_eval
length_out_of_range,NDDAQ,amp_diffusion_train_eval
length_out_of_range,NDDAQ,amp_diffusion_train_eval
length_out_of_range,NDDAQ,amp_diffusion_train_eval
length_out_of_range,NDDAQ,amp_diffusion_train_eval
length_out_of_range,K,amp_diffusion_train_eval
length_out_of_range,K,amp_diffusion_train_eval
length_out_of_range,K,amp_diffusion_train_eval
length_out_of_range,K,amp_diffusion_train_eval
length_out_of_range,K,amp_diffusion_train_eval
length_out_of_range,K,amp_diffusion_train_eval
length_out_of_range,K,amp_diffusion_train_eval
length_out_of_range,K,amp_diffusion_train_eval
length_out_of_range,K,amp_diffusion_train_eval
length_out_of_range,K,amp_diffusion_train_eval
length_out_of_range,K,amp_diffusion_train_eval
length_out_of_range,FPLP,amp_diffusion_train_eval
length_out_of_range,FPLP,amp_diffusion_train_eval
length_out_of_range,FPLP,amp_diffusion_train_eval
length_out_of_range,FPLP,amp_diffusion_train_eval
length_out_of_range,FPLP,amp_diffusion_train_eval
length_out_of_range,FPLP,amp_diffusion_train_eval
length_out_of_range,FPLP,amp_diffusion_train_eval
length_out_of_range,FPLP,amp_diffusion_train_eval
length_out_of_range,FPLP,amp_diffusion_train_eval
length_out_of_range,FPLP,amp_diffusion_train_eval
length_out_of_range,FPLP,amp_diffusion_train_eval
length_out_of_range,DVFTNWL,amp_diffusion_train_eval
length_out_of_range,DVFTNWL,amp_diffusion_train_eval
length_out_of_range,DVFTNWL,amp_diffusion_train_eval
length_out_of_range,DVFTNWL,amp_diffusion_train_eval
length_out_of_range,DVFTNWL,amp_diffusion_train_eval
length_out_of_range,DVFTNWL,amp_diffusion_train_eval
length_out_of_range,DVFTNWL,amp_diffusion_train_eval
length_out_of_range,DVFTNWL,amp_diffusion_train_eval
length_out_of_range,DVFTNWL,amp_diffusion_train_eval
length_out_of_range,DVFTNWL,amp_diffusion_train_eval
length_out_of_range,DVFTNWL,amp_diffusion_train_eval
length_out_of_range,PIPFPPY,amp_diffusion_train_eval
length_out_of_range,PIPFPPY,amp_diffusion_train_eval
length_out_of_range,PIPFPPY,amp_diffusion_train_eval
length_out_of_range,PIPFPPY,amp_diffusion_train_eval
length_out_of_range,PIPFPPY,amp_diffusion_train_eval
length_out_of_range,PIPFPPY,amp_diffusion_train_eval
length_out_of_range,PIPFPPY,amp_diffusion_train_eval
length_out_of_range,PIPFPPY,amp_diffusion_train_eval
length_out_of_range,PIPFPPY,amp_diffusion_train_eval
length_out_of_range,PIPFPPY,amp_diffusion_train_eval
length_out_of_range,PIPFPPY,amp_diffusion_train_eval
length_out_of_range,CRVD,amp_diffusion_train_eval
length_out_of_range,CRVD,amp_diffusion_train_eval
length_out_of_range,CRVD,amp_diffusion_train_eval
length_out_of_range,CRVD,amp_diffusion_train_eval
length_out_of_range,CRVD,amp_diffusion_train_eval
length_out_of_range,CRVD,amp_diffusion_train_eval
length_out_of_range,CRVD,amp_diffusion_train_eval
length_out_of_range,CRVD,amp_diffusion_train_eval
length_out_of_range,CRVD,amp_diffusion_train_eval
length_out_of_range,CRVD,amp_diffusion_train_eval
length_out_of_range,CRVD,amp_diffusion_train_eval
length_out_of_range,HG,amp_diffusion_train_eval
length_out_of_range,HG,amp_diffusion_train_eval
length_out_of_range,HG,amp_diffusion_train_eval
length_out_of_range,HG,amp_diffusion_train_eval
length_out_of_range,HG,amp_diffusion_train_eval
length_out_of_range,HG,amp_diffusion_train_eval
length_out_of_range,HG,amp_diffusion_train_eval
length_out_of_range,HG,amp_diffusion_train_eval
length_out_of_range,HG,amp_diffusion_train_eval
length_out_of_range,HG,amp_diffusion_train_eval
length_out_of_range,HG,amp_diffusion_train_eval
length_out_of_range,VVIRVAR,amp_diffusion_train_eval
length_out_of_range,VVIRVAR,amp_diffusion_train_eval
length_out_of_range,VVIRVAR,amp_diffusion_train_eval
length_out_of_range,VVIRVAR,amp_diffusion_train_eval
length_out_of_range,VVIRVAR,amp_diffusion_train_eval
length_out_of_range,VVIRVAR,amp_diffusion_train_eval
length_out_of_range,VVIRVAR,amp_diffusion_train_eval
length_out_of_range,VVIRVAR,amp_diffusion_train_eval
length_out_of_range,VVIRVAR,amp_diffusion_train_eval
length_out_of_range,VVIRVAR,amp_diffusion_train_eval
length_out_of_range,VVIRVAR,amp_diffusion_train_eval
length_out_of_range,GRRKRK,amp_diffusion_train_eval
length_out_of_range,GRRKRK,amp_diffusion_train_eval
length_out_of_range,GRRKRK,amp_diffusion_train_eval
length_out_of_range,GRRKRK,amp_diffusion_train_eval
length_out_of_range,GRRKRK,amp_diffusion_train_eval
length_out_of_range,GRRKRK,amp_diffusion_train_eval
length_out_of_range,GRRKRK,amp_diffusion_train_eval
length_out_of_range,GRRKRK,amp_diffusion_train_eval
length_out_of_range,GRRKRK,amp_diffusion_train_eval
length_out_of_range,GRRKRK,amp_diffusion_train_eval
length_out_of_range,GRRKRK,amp_diffusion_train_eval
length_out_of_range,AREKA,amp_diffusion_train_eval
length_out_of_range,AREKA,amp_diffusion_train_eval
length_out_of_range,AREKA,amp_diffusion_train_eval
length_out_of_range,AREKA,amp_diffusion_train_eval
length_out_of_range,AREKA,amp_diffusion_train_eval
length_out_of_range,AREKA,amp_diffusion_train_eval
length_out_of_range,AREKA,amp_diffusion_train_eval
length_out_of_range,AREKA,amp_diffusion_train_eval
length_out_of_range,AREKA,amp_diffusion_train_eval
length_out_of_range,AREKA,amp_diffusion_train_eval
length_out_of_range,AREKA,amp_diffusion_train_eval
length_out_of_range,WPF,amp_diffusion_train_eval
length_out_of_range,WPF,amp_diffusion_train_eval
length_out_of_range,WPF,amp_diffusion_train_eval
length_out_of_range,WPF,amp_diffusion_train_eval
length_out_of_range,WPF,amp_diffusion_train_eval
length_out_of_range,WPF,amp_diffusion_train_eval
length_out_of_range,WPF,amp_diffusion_train_eval
length_out_of_range,WPF,amp_diffusion_train_eval
length_out_of_range,WPF,amp_diffusion_train_eval
length_out_of_range,WPF,amp_diffusion_train_eval
length_out_of_range,WPF,amp_diffusion_train_eval
length_out_of_range,KNWWW,amp_diffusion_train_eval
length_out_of_range,KNWWW,amp_diffusion_train_eval
length_out_of_range,KNWWW,amp_diffusion_train_eval
length_out_of_range,KNWWW,amp_diffusion_train_eval
length_out_of_range,KNWWW,amp_diffusion_train_eval
length_out_of_range,KNWWW,amp_diffusion_train_eval
length_out_of_range,KNWWW,amp_diffusion_train_eval
length_out_of_range,KNWWW,amp_diffusion_train_eval
length_out_of_range,KNWWW,amp_diffusion_train_eval
length_out_of_range,KNWWW,amp_diffusion_train_eval
length_out_of_range,KNWWW,amp_diffusion_train_eval
length_out_of_range,RWWPWRR,amp_diffusion_train_eval
length_out_of_range,RWWPWRR,amp_diffusion_train_eval
length_out_of_range,RWWPWRR,amp_diffusion_train_eval
length_out_of_range,RWWPWRR,amp_diffusion_train_eval
length_out_of_range,RWWPWRR,amp_diffusion_train_eval
length_out_of_range,RWWPWRR,amp_diffusion_train_eval
length_out_of_range,RWWPWRR,amp_diffusion_train_eval
length_out_of_range,RWWPWRR,amp_diffusion_train_eval
length_out_of_range,RWWPWRR,amp_diffusion_train_eval
length_out_of_range,RWWPWRR,amp_diffusion_train_eval
length_out_of_range,RWWPWRR,amp_diffusion_train_eval
length_out_of_range,PWWPWRR,amp_diffusion_train_eval
length_out_of_range,PWWPWRR,amp_diffusion_train_eval
length_out_of_range,PWWPWRR,amp_diffusion_train_eval
length_out_of_range,PWWPWRR,amp_diffusion_train_eval
length_out_of_range,PWWPWRR,amp_diffusion_train_eval
length_out_of_range,PWWPWRR,amp_diffusion_train_eval
length_out_of_range,PWWPWRR,amp_diffusion_train_eval
length_out_of_range,PWWPWRR,amp_diffusion_train_eval
length_out_of_range,PWWPWRR,amp_diffusion_train_eval
length_out_of_range,PWWPWRR,amp_diffusion_train_eval
length_out_of_range,PWWPWRR,amp_diffusion_train_eval
length_out_of_range,IVVIR,amp_diffusion_train_eval
length_out_of_range,IVVIR,amp_diffusion_train_eval
length_out_of_range,IVVIR,amp_diffusion_train_eval
length_out_of_range,IVVIR,amp_diffusion_train_eval
length_out_of_range,IVVIR,amp_diffusion_train_eval
length_out_of_range,IVVIR,amp_diffusion_train_eval
length_out_of_range,IVVIR,amp_diffusion_train_eval
length_out_of_range,IVVIR,amp_diffusion_train_eval
length_out_of_range,IVVIR,amp_diffusion_train_eval
length_out_of_range,IVVIR,amp_diffusion_train_eval
length_out_of_range,IVVIR,amp_diffusion_train_eval
length_out_of_range,GGG,amp_diffusion_train_eval
length_out_of_range,GGG,amp_diffusion_train_eval
length_out_of_range,GGG,amp_diffusion_train_eval
length_out_of_range,GGG,amp_diffusion_train_eval
length_out_of_range,GGG,amp_diffusion_train_eval
length_out_of_range,GGG,amp_diffusion_train_eval
length_out_of_range,GGG,amp_diffusion_train_eval
length_out_of_range,GGG,amp_diffusion_train_eval
length_out_of_range,GGG,amp_diffusion_train_eval
length_out_of_range,GGG,amp_diffusion_train_eval
length_out_of_range,GGG,amp_diffusion_train_eval
length_out_of_range,HGVHG,amp_diffusion_train_eval
length_out_of_range,HGVHG,amp_diffusion_train_eval
length_out_of_range,HGVHG,amp_diffusion_train_eval
length_out_of_range,HGVHG,amp_diffusion_train_eval
length_out_of_range,HGVHG,amp_diffusion_train_eval
length_out_of_range,HGVHG,amp_diffusion_train_eval
length_out_of_range,HGVHG,amp_diffusion_train_eval
length_out_of_range,HGVHG,amp_diffusion_train_eval
length_out_of_range,HGVHG,amp_diffusion_train_eval
length_out_of_range,HGVHG,amp_diffusion_train_eval
length_out_of_range,HGVHG,amp_diffusion_train_eval
length_out_of_range,LMWWLL,amp_diffusion_train_eval
length_out_of_range,LMWWLL,amp_diffusion_train_eval
length_out_of_range,LMWWLL,amp_diffusion_train_eval
length_out_of_range,LMWWLL,amp_diffusion_train_eval
length_out_of_range,LMWWLL,amp_diffusion_train_eval
length_out_of_range,LMWWLL,amp_diffusion_train_eval
length_out_of_range,LMWWLL,amp_diffusion_train_eval
length_out_of_range,LMWWLL,amp_diffusion_train_eval
length_out_of_range,LMWWLL,amp_diffusion_train_eval
length_out_of_range,LMWWLL,amp_diffusion_train_eval
length_out_of_range,LMWWLL,amp_diffusion_train_eval
length_out_of_range,RRWWFR,amp_diffusion_train_eval
length_out_of_range,RRWWFR,amp_diffusion_train_eval
length_out_of_range,RRWWFR,amp_diffusion_train_eval
length_out_of_range,RRWWFR,amp_diffusion_train_eval
length_out_of_range,RRWWFR,amp_diffusion_train_eval
length_out_of_range,RRWWFR,amp_diffusion_train_eval
length_out_of_range,RRWWFR,amp_diffusion_train_eval
length_out_of_range,RRWWFR,amp_diffusion_train_eval
length_out_of_range,RRWWFR,amp_diffusion_train_eval
length_out_of_range,RRWWFR,amp_diffusion_train_eval
length_out_of_range,RRWWFR,amp_diffusion_train_eval
length_out_of_range,FAY,amp_diffusion_train_eval
length_out_of_range,FAY,amp_diffusion_train_eval
length_out_of_range,FAY,amp_diffusion_train_eval
length_out_of_range,FAY,amp_diffusion_train_eval
length_out_of_range,FAY,amp_diffusion_train_eval
length_out_of_range,FAY,amp_diffusion_train_eval
length_out_of_range,FAY,amp_diffusion_train_eval
length_out_of_range,FAY,amp_diffusion_train_eval
length_out_of_range,FAY,amp_diffusion_train_eval
length_out_of_range,FAY,amp_diffusion_train_eval
length_out_of_range,FAY,amp_diffusion_train_eval
length_out_of_range,DPWDWV,amp_diffusion_train_eval
length_out_of_range,DPWDWV,amp_diffusion_train_eval
length_out_of_range,DPWDWV,amp_diffusion_train_eval
length_out_of_range,DPWDWV,amp_diffusion_train_eval
length_out_of_range,DPWDWV,amp_diffusion_train_eval
length_out_of_range,DPWDWV,amp_diffusion_train_eval
length_out_of_range,DPWDWV,amp_diffusion_train_eval
length_out_of_range,DPWDWV,amp_diffusion_train_eval
length_out_of_range,DPWDWV,amp_diffusion_train_eval
length_out_of_range,DPWDWV,amp_diffusion_train_eval
length_out_of_range,DPWDWV,amp_diffusion_train_eval
length_out_of_range,MHLPEP,amp_diffusion_train_eval
length_out_of_range,MHLPEP,amp_diffusion_train_eval
length_out_of_range,MHLPEP,amp_diffusion_train_eval
length_out_of_range,MHLPEP,amp_diffusion_train_eval
length_out_of_range,MHLPEP,amp_diffusion_train_eval
length_out_of_range,MHLPEP,amp_diffusion_train_eval
length_out_of_range,MHLPEP,amp_diffusion_train_eval
length_out_of_range,MHLPEP,amp_diffusion_train_eval
length_out_of_range,MHLPEP,amp_diffusion_train_eval
length_out_of_range,MHLPEP,amp_diffusion_train_eval
length_out_of_range,MHLPEP,amp_diffusion_train_eval
length_out_of_range,VVVV,amp_diffusion_train_eval
length_out_of_range,VVVV,amp_diffusion_train_eval
length_out_of_range,VVVV,amp_diffusion_train_eval
length_out_of_range,VVVV,amp_diffusion_train_eval
length_out_of_range,VVVV,amp_diffusion_train_eval
length_out_of_range,VVVV,amp_diffusion_train_eval
length_out_of_range,VVVV,amp_diffusion_train_eval
length_out_of_range,VVVV,amp_diffusion_train_eval
length_out_of_range,VVVV,amp_diffusion_train_eval
length_out_of_range,VVVV,amp_diffusion_train_eval
length_out_of_range,VVVV,amp_diffusion_train_eval
length_out_of_range,HPQKNTY,amp_diffusion_train_eval
length_out_of_range,HPQKNTY,amp_diffusion_train_eval
length_out_of_range,HPQKNTY,amp_diffusion_train_eval
length_out_of_range,HPQKNTY,amp_diffusion_train_eval
length_out_of_range,HPQKNTY,amp_diffusion_train_eval
length_out_of_range,HPQKNTY,amp_diffusion_train_eval
length_out_of_range,HPQKNTY,amp_diffusion_train_eval
length_out_of_range,HPQKNTY,amp_diffusion_train_eval
length_out_of_range,HPQKNTY,amp_diffusion_train_eval
length_out_of_range,HPQKNTY,amp_diffusion_train_eval
length_out_of_range,HPQKNTY,amp_diffusion_train_eval
length_out_of_range,ILIKRK,amp_diffusion_train_eval
length_out_of_range,ILIKRK,amp_diffusion_train_eval
length_out_of_range,ILIKRK,amp_diffusion_train_eval
length_out_of_range,ILIKRK,amp_diffusion_train_eval
length_out_of_range,ILIKRK,amp_diffusion_train_eval
length_out_of_range,ILIKRK,amp_diffusion_train_eval
length_out_of_range,ILIKRK,amp_diffusion_train_eval
length_out_of_range,ILIKRK,amp_diffusion_train_eval
length_out_of_range,ILIKRK,amp_diffusion_train_eval
length_out_of_range,ILIKRK,amp_diffusion_train_eval
length_out_of_range,ILIKRK,amp_diffusion_train_eval
length_out_of_range,KWRRWI,amp_diffusion_train_eval
length_out_of_range,KWRRWI,amp_diffusion_train_eval
length_out_of_range,KWRRWI,amp_diffusion_train_eval
length_out_of_range,KWRRWI,amp_diffusion_train_eval
length_out_of_range,KWRRWI,amp_diffusion_train_eval
length_out_of_range,KWRRWI,amp_diffusion_train_eval
length_out_of_range,KWRRWI,amp_diffusion_train_eval
length_out_of_range,KWRRWI,amp_diffusion_train_eval
length_out_of_range,KWRRWI,amp_diffusion_train_eval
length_out_of_range,KWRRWI,amp_diffusion_train_eval
length_out_of_range,KWRRWI,amp_diffusion_train_eval
length_out_of_range,PKKKRKV,amp_diffusion_train_eval
length_out_of_range,PKKKRKV,amp_diffusion_train_eval
length_out_of_range,PKKKRKV,amp_diffusion_train_eval
length_out_of_range,PKKKRKV,amp_diffusion_train_eval
length_out_of_range,PKKKRKV,amp_diffusion_train_eval
length_out_of_range,PKKKRKV,amp_diffusion_train_eval
length_out_of_range,PKKKRKV,amp_diffusion_train_eval
length_out_of_range,PKKKRKV,amp_diffusion_train_eval
length_out_of_range,PKKKRKV,amp_diffusion_train_eval
length_out_of_range,PKKKRKV,amp_diffusion_train_eval
length_out_of_range,PKKKRKV,amp_diffusion_train_eval
length_out_of_range,LLEYSL,amp_diffusion_train_eval
length_out_of_range,LLEYSL,amp_diffusion_train_eval
length_out_of_range,LLEYSL,amp_diffusion_train_eval
length_out_of_range,LLEYSL,amp_diffusion_train_eval
length_out_of_range,LLEYSL,amp_diffusion_train_eval
length_out_of_range,LLEYSL,amp_diffusion_train_eval
length_out_of_range,LLEYSL,amp_diffusion_train_eval
length_out_of_range,LLEYSL,amp_diffusion_train_eval
length_out_of_range,LLEYSL,amp_diffusion_train_eval
length_out_of_range,LLEYSL,amp_diffusion_train_eval
length_out_of_range,LLEYSL,amp_diffusion_train_eval
length_out_of_range,RRKKAP,amp_diffusion_train_eval
length_out_of_range,RRKKAP,amp_diffusion_train_eval
length_out_of_range,RRKKAP,amp_diffusion_train_eval
length_out_of_range,RRKKAP,amp_diffusion_train_eval
length_out_of_range,RRKKAP,amp_diffusion_train_eval
length_out_of_range,RRKKAP,amp_diffusion_train_eval
length_out_of_range,RRKKAP,amp_diffusion_train_eval
length_out_of_range,RRKKAP,amp_diffusion_train_eval
length_out_of_range,RRKKAP,amp_diffusion_train_eval
length_out_of_range,RRKKAP,amp_diffusion_train_eval
length_out_of_range,RRKKAP,amp_diffusion_train_eval
length_out_of_range,PD,amp_diffusion_train_eval
length_out_of_range,PD,amp_diffusion_train_eval
length_out_of_range,PD,amp_diffusion_train_eval
length_out_of_range,PD,amp_diffusion_train_eval
length_out_of_range,PD,amp_diffusion_train_eval
length_out_of_range,PD,amp_diffusion_train_eval
length_out_of_range,PD,amp_diffusion_train_eval
length_out_of_range,PD,amp_diffusion_train_eval
length_out_of_range,PD,amp_diffusion_train_eval
length_out_of_range,PD,amp_diffusion_train_eval
length_out_of_range,PD,amp_diffusion_train_eval
length_out_of_range,YQEGEE,amp_diffusion_train_eval
length_out_of_range,YQEGEE,amp_diffusion_train_eval
length_out_of_range,YQEGEE,amp_diffusion_train_eval
length_out_of_range,YQEGEE,amp_diffusion_train_eval
length_out_of_range,YQEGEE,amp_diffusion_train_eval
length_out_of_range,YQEGEE,amp_diffusion_train_eval
length_out_of_range,YQEGEE,amp_diffusion_train_eval
length_out_of_range,YQEGEE,amp_diffusion_train_eval
length_out_of_range,YQEGEE,amp_diffusion_train_eval
length_out_of_range,YQEGEE,amp_diffusion_train_eval
length_out_of_range,YQEGEE,amp_diffusion_train_eval
length_out_of_range,LKEAIRD,amp_diffusion_train_eval
length_out_of_range,LKEAIRD,amp_diffusion_train_eval
length_out_of_range,LKEAIRD,amp_diffusion_train_eval
length_out_of_range,LKEAIRD,amp_diffusion_train_eval
length_out_of_range,LKEAIRD,amp_diffusion_train_eval
length_out_of_range,LKEAIRD,amp_diffusion_train_eval
length_out_of_range,LKEAIRD,amp_diffusion_train_eval
length_out_of_range,LKEAIRD,amp_diffusion_train_eval
length_out_of_range,LKEAIRD,amp_diffusion_train_eval
length_out_of_range,LKEAIRD,amp_diffusion_train_eval
length_out_of_range,LKEAIRD,amp_diffusion_train_eval
length_out_of_range,KWWWRW,amp_diffusion_train_eval
length_out_of_range,KWWWRW,amp_diffusion_train_eval
length_out_of_range,KWWWRW,amp_diffusion_train_eval
length_out_of_range,KWWWRW,amp_diffusion_train_eval
length_out_of_range,KWWWRW,amp_diffusion_train_eval
length_out_of_range,KWWWRW,amp_diffusion_train_eval
length_out_of_range,KWWWRW,amp_diffusion_train_eval
length_out_of_range,KWWWRW,amp_diffusion_train_eval
length_out_of_range,KWWWRW,amp_diffusion_train_eval
length_out_of_range,KWWWRW,amp_diffusion_train_eval
length_out_of_range,KWWWRW,amp_diffusion_train_eval
length_out_of_range,HPNYNQR,amp_diffusion_train_eval
length_out_of_range,HPNYNQR,amp_diffusion_train_eval
length_out_of_range,HPNYNQR,amp_diffusion_train_eval
length_out_of_range,HPNYNQR,amp_diffusion_train_eval
length_out_of_range,HPNYNQR,amp_diffusion_train_eval
length_out_of_range,HPNYNQR,amp_diffusion_train_eval
length_out_of_range,HPNYNQR,amp_diffusion_train_eval
length_out_of_range,HPNYNQR,amp_diffusion_train_eval
length_out_of_range,HPNYNQR,amp_diffusion_train_eval
length_out_of_range,HPNYNQR,amp_diffusion_train_eval
length_out_of_range,HPNYNQR,amp_diffusion_train_eval
length_out_of_range,YPVEPF,amp_diffusion_train_eval
length_out_of_range,YPVEPF,amp_diffusion_train_eval
length_out_of_range,YPVEPF,amp_diffusion_train_eval
length_out_of_range,YPVEPF,amp_diffusion_train_eval
length_out_of_range,YPVEPF,amp_diffusion_train_eval
length_out_of_range,YPVEPF,amp_diffusion_train_eval
length_out_of_range,YPVEPF,amp_diffusion_train_eval
length_out_of_range,YPVEPF,amp_diffusion_train_eval
length_out_of_range,YPVEPF,amp_diffusion_train_eval
length_out_of_range,YPVEPF,amp_diffusion_train_eval
length_out_of_range,YPVEPF,amp_diffusion_train_eval
length_out_of_range,RGARRR,amp_diffusion_train_eval
length_out_of_range,RGARRR,amp_diffusion_train_eval
length_out_of_range,RGARRR,amp_diffusion_train_eval
length_out_of_range,RGARRR,amp_diffusion_train_eval
length_out_of_range,RGARRR,amp_diffusion_train_eval
length_out_of_range,RGARRR,amp_diffusion_train_eval
length_out_of_range,RGARRR,amp_diffusion_train_eval
length_out_of_range,RGARRR,amp_diffusion_train_eval
length_out_of_range,RGARRR,amp_diffusion_train_eval
length_out_of_range,RGARRR,amp_diffusion_train_eval
length_out_of_range,RGARRR,amp_diffusion_train_eval
length_out_of_range,KRRRRR,amp_diffusion_train_eval
length_out_of_range,KRRRRR,amp_diffusion_train_eval
length_out_of_range,KRRRRR,amp_diffusion_train_eval
length_out_of_range,KRRRRR,amp_diffusion_train_eval
length_out_of_range,KRRRRR,amp_diffusion_train_eval
length_out_of_range,KRRRRR,amp_diffusion_train_eval
length_out_of_range,KRRRRR,amp_diffusion_train_eval
length_out_of_range,KRRRRR,amp_diffusion_train_eval
length_out_of_range,KRRRRR,amp_diffusion_train_eval
length_out_of_range,KRRRRR,amp_diffusion_train_eval
length_out_of_range,KRRRRR,amp_diffusion_train_eval
length_out_of_range,PWKPWRR,amp_diffusion_train_eval
length_out_of_range,PWKPWRR,amp_diffusion_train_eval
length_out_of_range,PWKPWRR,amp_diffusion_train_eval
length_out_of_range,PWKPWRR,amp_diffusion_train_eval
length_out_of_range,PWKPWRR,amp_diffusion_train_eval
length_out_of_range,PWKPWRR,amp_diffusion_train_eval
length_out_of_range,PWKPWRR,amp_diffusion_train_eval
length_out_of_range,PWKPWRR,amp_diffusion_train_eval
length_out_of_range,PWKPWRR,amp_diffusion_train_eval
length_out_of_range,PWKPWRR,amp_diffusion_train_eval
length_out_of_range,PWKPWRR,amp_diffusion_train_eval
length_out_of_range,KKWWW,amp_diffusion_train_eval
length_out_of_range,KKWWW,amp_diffusion_train_eval
length_out_of_range,KKWWW,amp_diffusion_train_eval
length_out_of_range,KKWWW,amp_diffusion_train_eval
length_out_of_range,KKWWW,amp_diffusion_train_eval
length_out_of_range,KKWWW,amp_diffusion_train_eval
length_out_of_range,KKWWW,amp_diffusion_train_eval
length_out_of_range,KKWWW,amp_diffusion_train_eval
length_out_of_range,KKWWW,amp_diffusion_train_eval
length_out_of_range,KKWWW,amp_diffusion_train_eval
length_out_of_range,KKWWW,amp_diffusion_train_eval
length_out_of_range,LP,amp_diffusion_train_eval
length_out_of_range,LP,amp_diffusion_train_eval
length_out_of_range,LP,amp_diffusion_train_eval
length_out_of_range,LP,amp_diffusion_train_eval
length_out_of_range,LP,amp_diffusion_train_eval
length_out_of_range,LP,amp_diffusion_train_eval
length_out_of_range,LP,amp_diffusion_train_eval
length_out_of_range,LP,amp_diffusion_train_eval
length_out_of_range,LP,amp_diffusion_train_eval
length_out_of_range,LP,amp_diffusion_train_eval
length_out_of_range,LP,amp_diffusion_train_eval
length_out_of_range,YL,amp_diffusion_train_eval
length_out_of_range,YL,amp_diffusion_train_eval
length_out_of_range,YL,amp_diffusion_train_eval
length_out_of_range,YL,amp_diffusion_train_eval
length_out_of_range,YL,amp_diffusion_train_eval
length_out_of_range,YL,amp_diffusion_train_eval
length_out_of_range,YL,amp_diffusion_train_eval
length_out_of_range,YL,amp_diffusion_train_eval
length_out_of_range,YL,amp_diffusion_train_eval
length_out_of_range,YL,amp_diffusion_train_eval
length_out_of_range,YL,amp_diffusion_train_eval
length_out_of_range,HPQYNQR,amp_diffusion_train_eval
length_out_of_range,HPQYNQR,amp_diffusion_train_eval
length_out_of_range,HPQYNQR,amp_diffusion_train_eval
length_out_of_range,HPQYNQR,amp_diffusion_train_eval
length_out_of_range,HPQYNQR,amp_diffusion_train_eval
length_out_of_range,HPQYNQR,amp_diffusion_train_eval
length_out_of_range,HPQYNQR,amp_diffusion_train_eval
length_out_of_range,HPQYNQR,amp_diffusion_train_eval
length_out_of_range,HPQYNQR,amp_diffusion_train_eval
length_out_of_range,HPQYNQR,amp_diffusion_train_eval
length_out_of_range,HPQYNQR,amp_diffusion_train_eval
length_out_of_range,HHQYNQR,amp_diffusion_train_eval
length_out_of_range,HHQYNQR,amp_diffusion_train_eval
length_out_of_range,HHQYNQR,amp_diffusion_train_eval
length_out_of_range,HHQYNQR,amp_diffusion_train_eval
length_out_of_range,HHQYNQR,amp_diffusion_train_eval
length_out_of_range,HHQYNQR,amp_diffusion_train_eval
length_out_of_range,HHQYNQR,amp_diffusion_train_eval
length_out_of_range,HHQYNQR,amp_diffusion_train_eval
length_out_of_range,HHQYNQR,amp_diffusion_train_eval
length_out_of_range,HHQYNQR,amp_diffusion_train_eval
length_out_of_range,HHQYNQR,amp_diffusion_train_eval
length_out_of_range,QAVEAQK,amp_diffusion_train_eval
length_out_of_range,QAVEAQK,amp_diffusion_train_eval
length_out_of_range,QAVEAQK,amp_diffusion_train_eval
length_out_of_range,QAVEAQK,amp_diffusion_train_eval
length_out_of_range,QAVEAQK,amp_diffusion_train_eval
length_out_of_range,QAVEAQK,amp_diffusion_train_eval
length_out_of_range,QAVEAQK,amp_diffusion_train_eval
length_out_of_range,QAVEAQK,amp_diffusion_train_eval
length_out_of_range,QAVEAQK,amp_diffusion_train_eval
length_out_of_range,QAVEAQK,amp_diffusion_train_eval
length_out_of_range,QAVEAQK,amp_diffusion_train_eval
length_out_of_range,RLARIVV,amp_diffusion_train_eval
length_out_of_range,RLARIVV,amp_diffusion_train_eval
length_out_of_range,RLARIVV,amp_diffusion_train_eval
length_out_of_range,RLARIVV,amp_diffusion_train_eval
length_out_of_range,RLARIVV,amp_diffusion_train_eval
length_out_of_range,RLARIVV,amp_diffusion_train_eval
length_out_of_range,RLARIVV,amp_diffusion_train_eval
length_out_of_range,RLARIVV,amp_diffusion_train_eval
length_out_of_range,RLARIVV,amp_diffusion_train_eval
length_out_of_range,RLARIVV,amp_diffusion_train_eval
length_out_of_range,RLARIVV,amp_diffusion_train_eval
length_out_of_range,LLTAKM,amp_diffusion_train_eval
length_out_of_range,LLTAKM,amp_diffusion_train_eval
length_out_of_range,LLTAKM,amp_diffusion_train_eval
length_out_of_range,LLTAKM,amp_diffusion_train_eval
length_out_of_range,LLTAKM,amp_diffusion_train_eval
length_out_of_range,LLTAKM,amp_diffusion_train_eval
length_out_of_range,LLTAKM,amp_diffusion_train_eval
length_out_of_range,LLTAKM,amp_diffusion_train_eval
length_out_of_range,LLTAKM,amp_diffusion_train_eval
length_out_of_range,LLTAKM,amp_diffusion_train_eval
length_out_of_range,LLTAKM,amp_diffusion_train_eval
length_out_of_range,YSYYTIV,amp_diffusion_train_eval
length_out_of_range,YSYYTIV,amp_diffusion_train_eval
length_out_of_range,YSYYTIV,amp_diffusion_train_eval
length_out_of_range,YSYYTIV,amp_diffusion_train_eval
length_out_of_range,YSYYTIV,amp_diffusion_train_eval
length_out_of_range,YSYYTIV,amp_diffusion_train_eval
length_out_of_range,YSYYTIV,amp_diffusion_train_eval
length_out_of_range,YSYYTIV,amp_diffusion_train_eval
length_out_of_range,YSYYTIV,amp_diffusion_train_eval
length_out_of_range,YSYYTIV,amp_diffusion_train_eval
length_out_of_range,YSYYTIV,amp_diffusion_train_eval
length_out_of_range,GKLSNK,amp_diffusion_train_eval
length_out_of_range,GKLSNK,amp_diffusion_train_eval
length_out_of_range,GKLSNK,amp_diffusion_train_eval
length_out_of_range,GKLSNK,amp_diffusion_train_eval
length_out_of_range,GKLSNK,amp_diffusion_train_eval
length_out_of_range,GKLSNK,amp_diffusion_train_eval
length_out_of_range,GKLSNK,amp_diffusion_train_eval
length_out_of_range,GKLSNK,amp_diffusion_train_eval
length_out_of_range,GKLSNK,amp_diffusion_train_eval
length_out_of_range,GKLSNK,amp_diffusion_train_eval
length_out_of_range,GKLSNK,amp_diffusion_train_eval
length_out_of_range,WWWKNKG,amp_diffusion_train_eval
length_out_of_range,WWWKNKG,amp_diffusion_train_eval
length_out_of_range,WWWKNKG,amp_diffusion_train_eval
length_out_of_range,WWWKNKG,amp_diffusion_train_eval
length_out_of_range,WWWKNKG,amp_diffusion_train_eval
length_out_of_range,WWWKNKG,amp_diffusion_train_eval
length_out_of_range,WWWKNKG,amp_diffusion_train_eval
length_out_of_range,WWWKNKG,amp_diffusion_train_eval
length_out_of_range,WWWKNKG,amp_diffusion_train_eval
length_out_of_range,WWWKNKG,amp_diffusion_train_eval
length_out_of_range,WWWKNKG,amp_diffusion_train_eval
length_out_of_range,RRRRWWW,amp_diffusion_train_eval
length_out_of_range,RRRRWWW,amp_diffusion_train_eval
length_out_of_range,RRRRWWW,amp_diffusion_train_eval
length_out_of_range,RRRRWWW,amp_diffusion_train_eval
length_out_of_range,RRRRWWW,amp_diffusion_train_eval
length_out_of_range,RRRRWWW,amp_diffusion_train_eval
length_out_of_range,RRRRWWW,amp_diffusion_train_eval
length_out_of_range,RRRRWWW,amp_diffusion_train_eval
length_out_of_range,RRRRWWW,amp_diffusion_train_eval
length_out_of_range,RRRRWWW,amp_diffusion_train_eval
length_out_of_range,RRRRWWW,amp_diffusion_train_eval
length_out_of_range,EFKRIV,amp_diffusion_train_eval
length_out_of_range,EFKRIV,amp_diffusion_train_eval
length_out_of_range,EFKRIV,amp_diffusion_train_eval
length_out_of_range,EFKRIV,amp_diffusion_train_eval
length_out_of_range,EFKRIV,amp_diffusion_train_eval
length_out_of_range,EFKRIV,amp_diffusion_train_eval
length_out_of_range,EFKRIV,amp_diffusion_train_eval
length_out_of_range,EFKRIV,amp_diffusion_train_eval
length_out_of_range,EFKRIV,amp_diffusion_train_eval
length_out_of_range,EFKRIV,amp_diffusion_train_eval
length_out_of_range,EFKRIV,amp_diffusion_train_eval
length_out_of_range,ITLNNSV,amp_diffusion_train_eval
length_out_of_range,ITLNNSV,amp_diffusion_train_eval
length_out_of_range,ITLNNSV,amp_diffusion_train_eval
length_out_of_range,ITLNNSV,amp_diffusion_train_eval
length_out_of_range,ITLNNSV,amp_diffusion_train_eval
length_out_of_range,ITLNNSV,amp_diffusion_train_eval
length_out_of_range,ITLNNSV,amp_diffusion_train_eval
length_out_of_range,ITLNNSV,amp_diffusion_train_eval
length_out_of_range,ITLNNSV,amp_diffusion_train_eval
length_out_of_range,ITLNNSV,amp_diffusion_train_eval
length_out_of_range,ITLNNSV,amp_diffusion_train_eval
length_out_of_range,GFFFP,amp_diffusion_train_eval
length_out_of_range,GFFFP,amp_diffusion_train_eval
length_out_of_range,GFFFP,amp_diffusion_train_eval
length_out_of_range,GFFFP,amp_diffusion_train_eval
length_out_of_range,GFFFP,amp_diffusion_train_eval
length_out_of_range,GFFFP,amp_diffusion_train_eval
length_out_of_range,GFFFP,amp_diffusion_train_eval
length_out_of_range,GFFFP,amp_diffusion_train_eval
length_out_of_range,GFFFP,amp_diffusion_train_eval
length_out_of_range,GFFFP,amp_diffusion_train_eval
length_out_of_range,GFFFP,amp_diffusion_train_eval
length_out_of_range,HPAYNQR,amp_diffusion_train_eval
length_out_of_range,HPAYNQR,amp_diffusion_train_eval
length_out_of_range,HPAYNQR,amp_diffusion_train_eval
length_out_of_range,HPAYNQR,amp_diffusion_train_eval
length_out_of_range,HPAYNQR,amp_diffusion_train_eval
length_out_of_range,HPAYNQR,amp_diffusion_train_eval
length_out_of_range,HPAYNQR,amp_diffusion_train_eval
length_out_of_range,HPAYNQR,amp_diffusion_train_eval
length_out_of_range,HPAYNQR,amp_diffusion_train_eval
length_out_of_range,HPAYNQR,amp_diffusion_train_eval
length_out_of_range,HPAYNQR,amp_diffusion_train_eval
length_out_of_range,WQWR,amp_diffusion_train_eval
length_out_of_range,WQWR,amp_diffusion_train_eval
length_out_of_range,WQWR,amp_diffusion_train_eval
length_out_of_range,WQWR,amp_diffusion_train_eval
length_out_of_range,WQWR,amp_diffusion_train_eval
length_out_of_range,WQWR,amp_diffusion_train_eval
length_out_of_range,WQWR,amp_diffusion_train_eval
length_out_of_range,WQWR,amp_diffusion_train_eval
length_out_of_range,WQWR,amp_diffusion_train_eval
length_out_of_range,WQWR,amp_diffusion_train_eval
length_out_of_range,WQWR,amp_diffusion_train_eval
length_out_of_range,ANKYSY,amp_diffusion_train_eval
length_out_of_range,ANKYSY,amp_diffusion_train_eval
length_out_of_range,ANKYSY,amp_diffusion_train_eval
length_out_of_range,ANKYSY,amp_diffusion_train_eval
length_out_of_range,ANKYSY,amp_diffusion_train_eval
length_out_of_range,ANKYSY,amp_diffusion_train_eval
length_out_of_range,ANKYSY,amp_diffusion_train_eval
length_out_of_range,ANKYSY,amp_diffusion_train_eval
length_out_of_range,ANKYSY,amp_diffusion_train_eval
length_out_of_range,ANKYSY,amp_diffusion_train_eval
length_out_of_range,ANKYSY,amp_diffusion_train_eval
length_out_of_range,FYDPLV,amp_diffusion_train_eval
length_out_of_range,FYDPLV,amp_diffusion_train_eval
length_out_of_range,FYDPLV,amp_diffusion_train_eval
length_out_of_range,FYDPLV,amp_diffusion_train_eval
length_out_of_range,FYDPLV,amp_diffusion_train_eval
length_out_of_range,FYDPLV,amp_diffusion_train_eval
length_out_of_range,FYDPLV,amp_diffusion_train_eval
length_out_of_range,FYDPLV,amp_diffusion_train_eval
length_out_of_range,FYDPLV,amp_diffusion_train_eval
length_out_of_range,FYDPLV,amp_diffusion_train_eval
length_out_of_range,FYDPLV,amp_diffusion_train_eval
length_out_of_range,KLLK,amp_diffusion_train_eval
length_out_of_range,KLLK,amp_diffusion_train_eval
length_out_of_range,KLLK,amp_diffusion_train_eval
length_out_of_range,KLLK,amp_diffusion_train_eval
length_out_of_range,KLLK,amp_diffusion_train_eval
length_out_of_range,KLLK,amp_diffusion_train_eval
length_out_of_range,KLLK,amp_diffusion_train_eval
length_out_of_range,KLLK,amp_diffusion_train_eval
length_out_of_range,KLLK,amp_diffusion_train_eval
length_out_of_range,KLLK,amp_diffusion_train_eval
length_out_of_range,KLLK,amp_diffusion_train_eval
length_out_of_range,AEAMSQ,amp_diffusion_train_eval
length_out_of_range,AEAMSQ,amp_diffusion_train_eval
length_out_of_range,AEAMSQ,amp_diffusion_train_eval
length_out_of_range,AEAMSQ,amp_diffusion_train_eval
length_out_of_range,AEAMSQ,amp_diffusion_train_eval
length_out_of_range,AEAMSQ,amp_diffusion_train_eval
length_out_of_range,AEAMSQ,amp_diffusion_train_eval
length_out_of_range,AEAMSQ,amp_diffusion_train_eval
length_out_of_range,AEAMSQ,amp_diffusion_train_eval
length_out_of_range,AEAMSQ,amp_diffusion_train_eval
length_out_of_range,AEAMSQ,amp_diffusion_train_eval
length_out_of_range,LARIV,amp_diffusion_train_eval
length_out_of_range,LARIV,amp_diffusion_train_eval
length_out_of_range,LARIV,amp_diffusion_train_eval
length_out_of_range,LARIV,amp_diffusion_train_eval
length_out_of_range,LARIV,amp_diffusion_train_eval
length_out_of_range,LARIV,amp_diffusion_train_eval
length_out_of_range,LARIV,amp_diffusion_train_eval
length_out_of_range,LARIV,amp_diffusion_train_eval
length_out_of_range,LARIV,amp_diffusion_train_eval
length_out_of_range,LARIV,amp_diffusion_train_eval
length_out_of_range,LARIV,amp_diffusion_train_eval
length_out_of_range,KAAHVG,amp_diffusion_train_eval
length_out_of_range,KAAHVG,amp_diffusion_train_eval
length_out_of_range,KAAHVG,amp_diffusion_train_eval
length_out_of_range,KAAHVG,amp_diffusion_train_eval
length_out_of_range,KAAHVG,amp_diffusion_train_eval
length_out_of_range,KAAHVG,amp_diffusion_train_eval
length_out_of_range,KAAHVG,amp_diffusion_train_eval
length_out_of_range,KAAHVG,amp_diffusion_train_eval
length_out_of_range,KAAHVG,amp_diffusion_train_eval
length_out_of_range,KAAHVG,amp_diffusion_train_eval
length_out_of_range,KAAHVG,amp_diffusion_train_eval
length_out_of_range,PYPIFPI,amp_diffusion_train_eval
length_out_of_range,PYPIFPI,amp_diffusion_train_eval
length_out_of_range,PYPIFPI,amp_diffusion_train_eval
length_out_of_range,PYPIFPI,amp_diffusion_train_eval
length_out_of_range,PYPIFPI,amp_diffusion_train_eval
length_out_of_range,PYPIFPI,amp_diffusion_train_eval
length_out_of_range,PYPIFPI,amp_diffusion_train_eval
length_out_of_range,PYPIFPI,amp_diffusion_train_eval
length_out_of_range,PYPIFPI,amp_diffusion_train_eval
length_out_of_range,PYPIFPI,amp_diffusion_train_eval
length_out_of_range,PYPIFPI,amp_diffusion_train_eval
length_out_of_range,GGSGGS,amp_diffusion_train_eval
length_out_of_range,GGSGGS,amp_diffusion_train_eval
length_out_of_range,GGSGGS,amp_diffusion_train_eval
length_out_of_range,GGSGGS,amp_diffusion_train_eval
length_out_of_range,GGSGGS,amp_diffusion_train_eval
length_out_of_range,GGSGGS,amp_diffusion_train_eval
length_out_of_range,GGSGGS,amp_diffusion_train_eval
length_out_of_range,GGSGGS,amp_diffusion_train_eval
length_out_of_range,GGSGGS,amp_diffusion_train_eval
length_out_of_range,GGSGGS,amp_diffusion_train_eval
length_out_of_range,GGSGGS,amp_diffusion_train_eval
length_out_of_range,HWWW,amp_diffusion_train_eval
length_out_of_range,HWWW,amp_diffusion_train_eval
length_out_of_range,HWWW,amp_diffusion_train_eval
length_out_of_range,HWWW,amp_diffusion_train_eval
length_out_of_range,HWWW,amp_diffusion_train_eval
length_out_of_range,HWWW,amp_diffusion_train_eval
length_out_of_range,HWWW,amp_diffusion_train_eval
length_out_of_range,HWWW,amp_diffusion_train_eval
length_out_of_range,HWWW,amp_diffusion_train_eval
length_out_of_range,HWWW,amp_diffusion_train_eval
length_out_of_range,HWWW,amp_diffusion_train_eval
length_out_of_range,KRWSWKK,amp_diffusion_train_eval
length_out_of_range,KRWSWKK,amp_diffusion_train_eval
length_out_of_range,KRWSWKK,amp_diffusion_train_eval
length_out_of_range,KRWSWKK,amp_diffusion_train_eval
length_out_of_range,KRWSWKK,amp_diffusion_train_eval
length_out_of_range,KRWSWKK,amp_diffusion_train_eval
length_out_of_range,KRWSWKK,amp_diffusion_train_eval
length_out_of_range,KRWSWKK,amp_diffusion_train_eval
length_out_of_range,KRWSWKK,amp_diffusion_train_eval
length_out_of_range,KRWSWKK,amp_diffusion_train_eval
length_out_of_range,KRWSWKK,amp_diffusion_train_eval
length_out_of_range,IEGR,amp_diffusion_train_eval
length_out_of_range,IEGR,amp_diffusion_train_eval
length_out_of_range,IEGR,amp_diffusion_train_eval
length_out_of_range,IEGR,amp_diffusion_train_eval
length_out_of_range,IEGR,amp_diffusion_train_eval
length_out_of_range,IEGR,amp_diffusion_train_eval
length_out_of_range,IEGR,amp_diffusion_train_eval
length_out_of_range,IEGR,amp_diffusion_train_eval
length_out_of_range,IEGR,amp_diffusion_train_eval
length_out_of_range,IEGR,amp_diffusion_train_eval
length_out_of_range,IEGR,amp_diffusion_train_eval
length_out_of_range,YKDISY,amp_diffusion_train_eval
length_out_of_range,YKDISY,amp_diffusion_train_eval
length_out_of_range,YKDISY,amp_diffusion_train_eval
length_out_of_range,YKDISY,amp_diffusion_train_eval
length_out_of_range,YKDISY,amp_diffusion_train_eval
length_out_of_range,YKDISY,amp_diffusion_train_eval
length_out_of_range,YKDISY,amp_diffusion_train_eval
length_out_of_range,YKDISY,amp_diffusion_train_eval
length_out_of_range,YKDISY,amp_diffusion_train_eval
length_out_of_range,YKDISY,amp_diffusion_train_eval
length_out_of_range,YKDISY,amp_diffusion_train_eval
length_out_of_range,WWPWRR,amp_diffusion_train_eval
length_out_of_range,WWPWRR,amp_diffusion_train_eval
length_out_of_range,WWPWRR,amp_diffusion_train_eval
length_out_of_range,WWPWRR,amp_diffusion_train_eval
length_out_of_range,WWPWRR,amp_diffusion_train_eval
length_out_of_range,WWPWRR,amp_diffusion_train_eval
length_out_of_range,WWPWRR,amp_diffusion_train_eval
length_out_of_range,WWPWRR,amp_diffusion_train_eval
length_out_of_range,WWPWRR,amp_diffusion_train_eval
length_out_of_range,WWPWRR,amp_diffusion_train_eval
length_out_of_range,WWPWRR,amp_diffusion_train_eval
length_out_of_range,HF,amp_diffusion_train_eval
length_out_of_range,HF,amp_diffusion_train_eval
length_out_of_range,HF,amp_diffusion_train_eval
length_out_of_range,HF,amp_diffusion_train_eval
length_out_of_range,HF,amp_diffusion_train_eval
length_out_of_range,HF,amp_diffusion_train_eval
length_out_of_range,HF,amp_diffusion_train_eval
length_out_of_range,HF,amp_diffusion_train_eval
length_out_of_range,HF,amp_diffusion_train_eval
length_out_of_range,HF,amp_diffusion_train_eval
length_out_of_range,HF,amp_diffusion_train_eval
length_out_of_range,DYDD,amp_diffusion_train_eval
length_out_of_range,DYDD,amp_diffusion_train_eval
length_out_of_range,DYDD,amp_diffusion_train_eval
length_out_of_range,DYDD,amp_diffusion_train_eval
length_out_of_range,DYDD,amp_diffusion_train_eval
length_out_of_range,DYDD,amp_diffusion_train_eval
length_out_of_range,DYDD,amp_diffusion_train_eval
length_out_of_range,DYDD,amp_diffusion_train_eval
length_out_of_range,DYDD,amp_diffusion_train_eval
length_out_of_range,DYDD,amp_diffusion_train_eval
length_out_of_range,DYDD,amp_diffusion_train_eval
length_out_of_range,VWRHW,amp_diffusion_train_eval
length_out_of_range,VWRHW,amp_diffusion_train_eval
length_out_of_range,VWRHW,amp_diffusion_train_eval
length_out_of_range,VWRHW,amp_diffusion_train_eval
length_out_of_range,VWRHW,amp_diffusion_train_eval
length_out_of_range,VWRHW,amp_diffusion_train_eval
length_out_of_range,VWRHW,amp_diffusion_train_eval
length_out_of_range,VWRHW,amp_diffusion_train_eval
length_out_of_range,VWRHW,amp_diffusion_train_eval
length_out_of_range,VWRHW,amp_diffusion_train_eval
length_out_of_range,VWRHW,amp_diffusion_train_eval
length_out_of_range,RVMFKWA,amp_diffusion_train_eval
length_out_of_range,RVMFKWA,amp_diffusion_train_eval
length_out_of_range,RVMFKWA,amp_diffusion_train_eval
length_out_of_range,RVMFKWA,amp_diffusion_train_eval
length_out_of_range,RVMFKWA,amp_diffusion_train_eval
length_out_of_range,RVMFKWA,amp_diffusion_train_eval
length_out_of_range,RVMFKWA,amp_diffusion_train_eval
length_out_of_range,RVMFKWA,amp_diffusion_train_eval
length_out_of_range,RVMFKWA,amp_diffusion_train_eval
length_out_of_range,RVMFKWA,amp_diffusion_train_eval
length_out_of_range,RVMFKWA,amp_diffusion_train_eval
length_out_of_range,LKRKLQR,amp_diffusion_train_eval
length_out_of_range,LKRKLQR,amp_diffusion_train_eval
length_out_of_range,LKRKLQR,amp_diffusion_train_eval
length_out_of_range,LKRKLQR,amp_diffusion_train_eval
length_out_of_range,LKRKLQR,amp_diffusion_train_eval
length_out_of_range,LKRKLQR,amp_diffusion_train_eval
length_out_of_range,LKRKLQR,amp_diffusion_train_eval
length_out_of_range,LKRKLQR,amp_diffusion_train_eval
length_out_of_range,LKRKLQR,amp_diffusion_train_eval
length_out_of_range,LKRKLQR,amp_diffusion_train_eval
length_out_of_range,LKRKLQR,amp_diffusion_train_eval
length_out_of_range,GGGGG,amp_diffusion_train_eval
length_out_of_range,GGGGG,amp_diffusion_train_eval
length_out_of_range,GGGGG,amp_diffusion_train_eval
length_out_of_range,GGGGG,amp_diffusion_train_eval
length_out_of_range,GGGGG,amp_diffusion_train_eval
length_out_of_range,GGGGG,amp_diffusion_train_eval
length_out_of_range,GGGGG,amp_diffusion_train_eval
length_out_of_range,GGGGG,amp_diffusion_train_eval
length_out_of_range,GGGGG,amp_diffusion_train_eval
length_out_of_range,GGGGG,amp_diffusion_train_eval
length_out_of_range,GGGGG,amp_diffusion_train_eval
length_out_of_range,AG,amp_diffusion_train_eval
length_out_of_range,AG,amp_diffusion_train_eval
length_out_of_range,AG,amp_diffusion_train_eval
length_out_of_range,AG,amp_diffusion_train_eval
length_out_of_range,AG,amp_diffusion_train_eval
length_out_of_range,AG,amp_diffusion_train_eval
length_out_of_range,AG,amp_diffusion_train_eval
length_out_of_range,AG,amp_diffusion_train_eval
length_out_of_range,AG,amp_diffusion_train_eval
length_out_of_range,AG,amp_diffusion_train_eval
length_out_of_range,AG,amp_diffusion_train_eval
length_out_of_range,RFFKFRR,amp_diffusion_train_eval
length_out_of_range,RFFKFRR,amp_diffusion_train_eval
length_out_of_range,RFFKFRR,amp_diffusion_train_eval
length_out_of_range,RFFKFRR,amp_diffusion_train_eval
length_out_of_range,RFFKFRR,amp_diffusion_train_eval
length_out_of_range,RFFKFRR,amp_diffusion_train_eval
length_out_of_range,RFFKFRR,amp_diffusion_train_eval
length_out_of_range,RFFKFRR,amp_diffusion_train_eval
length_out_of_range,RFFKFRR,amp_diffusion_train_eval
length_out_of_range,RFFKFRR,amp_diffusion_train_eval
length_out_of_range,RFFKFRR,amp_diffusion_train_eval
length_out_of_range,ELLSRVD,amp_diffusion_train_eval
length_out_of_range,ELLSRVD,amp_diffusion_train_eval
length_out_of_range,ELLSRVD,amp_diffusion_train_eval
length_out_of_range,ELLSRVD,amp_diffusion_train_eval
length_out_of_range,ELLSRVD,amp_diffusion_train_eval
length_out_of_range,ELLSRVD,amp_diffusion_train_eval
length_out_of_range,ELLSRVD,amp_diffusion_train_eval
length_out_of_range,ELLSRVD,amp_diffusion_train_eval
length_out_of_range,ELLSRVD,amp_diffusion_train_eval
length_out_of_range,ELLSRVD,amp_diffusion_train_eval
length_out_of_range,ELLSRVD,amp_diffusion_train_eval
length_out_of_range,LLSRV,amp_diffusion_train_eval
length_out_of_range,LLSRV,amp_diffusion_train_eval
length_out_of_range,LLSRV,amp_diffusion_train_eval
length_out_of_range,LLSRV,amp_diffusion_train_eval
length_out_of_range,LLSRV,amp_diffusion_train_eval
length_out_of_range,LLSRV,amp_diffusion_train_eval
length_out_of_range,LLSRV,amp_diffusion_train_eval
length_out_of_range,LLSRV,amp_diffusion_train_eval
length_out_of_range,LLSRV,amp_diffusion_train_eval
length_out_of_range,LLSRV,amp_diffusion_train_eval
length_out_of_range,LLSRV,amp_diffusion_train_eval
length_out_of_range,RPLR,amp_diffusion_train_eval
length_out_of_range,RPLR,amp_diffusion_train_eval
length_out_of_range,RPLR,amp_diffusion_train_eval
length_out_of_range,RPLR,amp_diffusion_train_eval
length_out_of_range,RPLR,amp_diffusion_train_eval
length_out_of_range,RPLR,amp_diffusion_train_eval
length_out_of_range,RPLR,amp_diffusion_train_eval
length_out_of_range,RPLR,amp_diffusion_train_eval
length_out_of_range,RPLR,amp_diffusion_train_eval
length_out_of_range,RPLR,amp_diffusion_train_eval
length_out_of_range,RPLR,amp_diffusion_train_eval
length_out_of_range,SGS,amp_diffusion_train_eval
length_out_of_range,SGS,amp_diffusion_train_eval
length_out_of_range,SGS,amp_diffusion_train_eval
length_out_of_range,SGS,amp_diffusion_train_eval
length_out_of_range,SGS,amp_diffusion_train_eval
length_out_of_range,SGS,amp_diffusion_train_eval
length_out_of_range,SGS,amp_diffusion_train_eval
length_out_of_range,SGS,amp_diffusion_train_eval
length_out_of_range,SGS,amp_diffusion_train_eval
length_out_of_range,SGS,amp_diffusion_train_eval
length_out_of_range,SGS,amp_diffusion_train_eval
length_out_of_range,YPCYDPA,amp_diffusion_train_eval
length_out_of_range,YPCYDPA,amp_diffusion_train_eval
length_out_of_range,YPCYDPA,amp_diffusion_train_eval
length_out_of_range,YPCYDPA,amp_diffusion_train_eval
length_out_of_range,YPCYDPA,amp_diffusion_train_eval
length_out_of_range,YPCYDPA,amp_diffusion_train_eval
length_out_of_range,YPCYDPA,amp_diffusion_train_eval
length_out_of_range,YPCYDPA,amp_diffusion_train_eval
length_out_of_range,YPCYDPA,amp_diffusion_train_eval
length_out_of_range,YPCYDPA,amp_diffusion_train_eval
length_out_of_range,YPCYDPA,amp_diffusion_train_eval
length_out_of_range,LIKRK,amp_diffusion_train_eval
length_out_of_range,LIKRK,amp_diffusion_train_eval
length_out_of_range,LIKRK,amp_diffusion_train_eval
length_out_of_range,LIKRK,amp_diffusion_train_eval
length_out_of_range,LIKRK,amp_diffusion_train_eval
length_out_of_range,LIKRK,amp_diffusion_train_eval
length_out_of_range,LIKRK,amp_diffusion_train_eval
length_out_of_range,LIKRK,amp_diffusion_train_eval
length_out_of_range,LIKRK,amp_diffusion_train_eval
length_out_of_range,LIKRK,amp_diffusion_train_eval
length_out_of_range,LIKRK,amp_diffusion_train_eval
length_out_of_range,KKKKKKK,amp_diffusion_train_eval
length_out_of_range,KKKKKKK,amp_diffusion_train_eval
length_out_of_range,KKKKKKK,amp_diffusion_train_eval
length_out_of_range,KKKKKKK,amp_diffusion_train_eval
length_out_of_range,KKKKKKK,amp_diffusion_train_eval
length_out_of_range,KKKKKKK,amp_diffusion_train_eval
length_out_of_range,KKKKKKK,amp_diffusion_train_eval
length_out_of_range,KKKKKKK,amp_diffusion_train_eval
length_out_of_range,KKKKKKK,amp_diffusion_train_eval
length_out_of_range,KKKKKKK,amp_diffusion_train_eval
length_out_of_range,KKKKKKK,amp_diffusion_train_eval
length_out_of_range,GPGRRY,amp_diffusion_train_eval
length_out_of_range,GPGRRY,amp_diffusion_train_eval
length_out_of_range,GPGRRY,amp_diffusion_train_eval
length_out_of_range,GPGRRY,amp_diffusion_train_eval
length_out_of_range,GPGRRY,amp_diffusion_train_eval
length_out_of_range,GPGRRY,amp_diffusion_train_eval
length_out_of_range,GPGRRY,amp_diffusion_train_eval
length_out_of_range,GPGRRY,amp_diffusion_train_eval
length_out_of_range,GPGRRY,amp_diffusion_train_eval
length_out_of_range,GPGRRY,amp_diffusion_train_eval
length_out_of_range,GPGRRY,amp_diffusion_train_eval
length_out_of_range,CKYKAR,amp_diffusion_train_eval
length_out_of_range,CKYKAR,amp_diffusion_train_eval
length_out_of_range,CKYKAR,amp_diffusion_train_eval
length_out_of_range,CKYKAR,amp_diffusion_train_eval
length_out_of_range,CKYKAR,amp_diffusion_train_eval
length_out_of_range,CKYKAR,amp_diffusion_train_eval
length_out_of_range,CKYKAR,amp_diffusion_train_eval
length_out_of_range,CKYKAR,amp_diffusion_train_eval
length_out_of_range,CKYKAR,amp_diffusion_train_eval
length_out_of_range,CKYKAR,amp_diffusion_train_eval
length_out_of_range,CKYKAR,amp_diffusion_train_eval
length_out_of_range,RKVRGPP,amp_diffusion_train_eval
length_out_of_range,RKVRGPP,amp_diffusion_train_eval
length_out_of_range,RKVRGPP,amp_diffusion_train_eval
length_out_of_range,RKVRGPP,amp_diffusion_train_eval
length_out_of_range,RKVRGPP,amp_diffusion_train_eval
length_out_of_range,RKVRGPP,amp_diffusion_train_eval
length_out_of_range,RKVRGPP,amp_diffusion_train_eval
length_out_of_range,RKVRGPP,amp_diffusion_train_eval
length_out_of_range,RKVRGPP,amp_diffusion_train_eval
length_out_of_range,RKVRGPP,amp_diffusion_train_eval
length_out_of_range,RKVRGPP,amp_diffusion_train_eval
length_out_of_range,PY,amp_diffusion_train_eval
length_out_of_range,PY,amp_diffusion_train_eval
length_out_of_range,PY,amp_diffusion_train_eval
length_out_of_range,PY,amp_diffusion_train_eval
length_out_of_range,PY,amp_diffusion_train_eval
length_out_of_range,PY,amp_diffusion_train_eval
length_out_of_range,PY,amp_diffusion_train_eval
length_out_of_range,PY,amp_diffusion_train_eval
length_out_of_range,PY,amp_diffusion_train_eval
length_out_of_range,PY,amp_diffusion_train_eval
length_out_of_range,PY,amp_diffusion_train_eval
length_out_of_range,HPQFLSL,amp_diffusion_train_eval
length_out_of_range,HPQFLSL,amp_diffusion_train_eval
length_out_of_range,HPQFLSL,amp_diffusion_train_eval
length_out_of_range,HPQFLSL,amp_diffusion_train_eval
length_out_of_range,HPQFLSL,amp_diffusion_train_eval
length_out_of_range,HPQFLSL,amp_diffusion_train_eval
length_out_of_range,HPQFLSL,amp_diffusion_train_eval
length_out_of_range,HPQFLSL,amp_diffusion_train_eval
length_out_of_range,HPQFLSL,amp_diffusion_train_eval
length_out_of_range,HPQFLSL,amp_diffusion_train_eval
length_out_of_range,HPQFLSL,amp_diffusion_train_eval
length_out_of_range,FF,amp_diffusion_train_eval
length_out_of_range,FF,amp_diffusion_train_eval
length_out_of_range,FF,amp_diffusion_train_eval
length_out_of_range,FF,amp_diffusion_train_eval
length_out_of_range,FF,amp_diffusion_train_eval
length_out_of_range,FF,amp_diffusion_train_eval
length_out_of_range,FF,amp_diffusion_train_eval
length_out_of_range,FF,amp_diffusion_train_eval
length_out_of_range,FF,amp_diffusion_train_eval
length_out_of_range,FF,amp_diffusion_train_eval
length_out_of_range,FF,amp_diffusion_train_eval
length_out_of_range,RRWIVWI,amp_diffusion_train_eval
length_out_of_range,RRWIVWI,amp_diffusion_train_eval
length_out_of_range,RRWIVWI,amp_diffusion_train_eval
length_out_of_range,RRWIVWI,amp_diffusion_train_eval
length_out_of_range,RRWIVWI,amp_diffusion_train_eval
length_out_of_range,RRWIVWI,amp_diffusion_train_eval
length_out_of_range,RRWIVWI,amp_diffusion_train_eval
length_out_of_range,RRWIVWI,amp_diffusion_train_eval
length_out_of_range,RRWIVWI,amp_diffusion_train_eval
length_out_of_range,RRWIVWI,amp_diffusion_train_eval
length_out_of_range,RRWIVWI,amp_diffusion_train_eval
length_out_of_range,HYNLC,amp_diffusion_train_eval
length_out_of_range,HYNLC,amp_diffusion_train_eval
length_out_of_range,HYNLC,amp_diffusion_train_eval
length_out_of_range,HYNLC,amp_diffusion_train_eval
length_out_of_range,HYNLC,amp_diffusion_train_eval
length_out_of_range,HYNLC,amp_diffusion_train_eval
length_out_of_range,HYNLC,amp_diffusion_train_eval
length_out_of_range,HYNLC,amp_diffusion_train_eval
length_out_of_range,HYNLC,amp_diffusion_train_eval
length_out_of_range,HYNLC,amp_diffusion_train_eval
length_out_of_range,HYNLC,amp_diffusion_train_eval
length_out_of_range,DDEEE,amp_diffusion_train_eval
length_out_of_range,DDEEE,amp_diffusion_train_eval
length_out_of_range,DDEEE,amp_diffusion_train_eval
length_out_of_range,DDEEE,amp_diffusion_train_eval
length_out_of_range,DDEEE,amp_diffusion_train_eval
length_out_of_range,DDEEE,amp_diffusion_train_eval
length_out_of_range,DDEEE,amp_diffusion_train_eval
length_out_of_range,DDEEE,amp_diffusion_train_eval
length_out_of_range,DDEEE,amp_diffusion_train_eval
length_out_of_range,DDEEE,amp_diffusion_train_eval
length_out_of_range,DDEEE,amp_diffusion_train_eval
length_out_of_range,PVPMR,amp_diffusion_train_eval
length_out_of_range,PVPMR,amp_diffusion_train_eval
length_out_of_range,PVPMR,amp_diffusion_train_eval
length_out_of_range,PVPMR,amp_diffusion_train_eval
length_out_of_range,PVPMR,amp_diffusion_train_eval
length_out_of_range,PVPMR,amp_diffusion_train_eval
length_out_of_range,PVPMR,amp_diffusion_train_eval
length_out_of_range,PVPMR,amp_diffusion_train_eval
length_out_of_range,PVPMR,amp_diffusion_train_eval
length_out_of_range,PVPMR,amp_diffusion_train_eval
length_out_of_range,PVPMR,amp_diffusion_train_eval
length_out_of_range,SRVDELL,amp_diffusion_train_eval
length_out_of_range,SRVDELL,amp_diffusion_train_eval
length_out_of_range,SRVDELL,amp_diffusion_train_eval
length_out_of_range,SRVDELL,amp_diffusion_train_eval
length_out_of_range,SRVDELL,amp_diffusion_train_eval
length_out_of_range,SRVDELL,amp_diffusion_train_eval
length_out_of_range,SRVDELL,amp_diffusion_train_eval
length_out_of_range,SRVDELL,amp_diffusion_train_eval
length_out_of_range,SRVDELL,amp_diffusion_train_eval
length_out_of_range,SRVDELL,amp_diffusion_train_eval
length_out_of_range,SRVDELL,amp_diffusion_train_eval
length_out_of_range,VFPSIV,amp_diffusion_train_eval
length_out_of_range,VFPSIV,amp_diffusion_train_eval
length_out_of_range,VFPSIV,amp_diffusion_train_eval
length_out_of_range,VFPSIV,amp_diffusion_train_eval
length_out_of_range,VFPSIV,amp_diffusion_train_eval
length_out_of_range,VFPSIV,amp_diffusion_train_eval
length_out_of_range,VFPSIV,amp_diffusion_train_eval
length_out_of_range,VFPSIV,amp_diffusion_train_eval
length_out_of_range,VFPSIV,amp_diffusion_train_eval
length_out_of_range,VFPSIV,amp_diffusion_train_eval
length_out_of_range,VFPSIV,amp_diffusion_train_eval
length_out_of_range,WWWK,amp_diffusion_train_eval
length_out_of_range,WWWK,amp_diffusion_train_eval
length_out_of_range,WWWK,amp_diffusion_train_eval
length_out_of_range,WWWK,amp_diffusion_train_eval
length_out_of_range,WWWK,amp_diffusion_train_eval
length_out_of_range,WWWK,amp_diffusion_train_eval
length_out_of_range,WWWK,amp_diffusion_train_eval
length_out_of_range,WWWK,amp_diffusion_train_eval
length_out_of_range,WWWK,amp_diffusion_train_eval
length_out_of_range,WWWK,amp_diffusion_train_eval
length_out_of_range,WWWK,amp_diffusion_train_eval
length_out_of_range,FAR,amp_diffusion_train_eval
length_out_of_range,FAR,amp_diffusion_train_eval
length_out_of_range,FAR,amp_diffusion_train_eval
length_out_of_range,FAR,amp_diffusion_train_eval
length_out_of_range,FAR,amp_diffusion_train_eval
length_out_of_range,FAR,amp_diffusion_train_eval
length_out_of_range,FAR,amp_diffusion_train_eval
length_out_of_range,FAR,amp_diffusion_train_eval
length_out_of_range,FAR,amp_diffusion_train_eval
length_out_of_range,FAR,amp_diffusion_train_eval
length_out_of_range,FAR,amp_diffusion_train_eval
length_out_of_range,DDDDE,amp_diffusion_train_eval
length_out_of_range,DDDDE,amp_diffusion_train_eval
length_out_of_range,DDDDE,amp_diffusion_train_eval
length_out_of_range,DDDDE,amp_diffusion_train_eval
length_out_of_range,DDDDE,amp_diffusion_train_eval
length_out_of_range,DDDDE,amp_diffusion_train_eval
length_out_of_range,DDDDE,amp_diffusion_train_eval
length_out_of_range,DDDDE,amp_diffusion_train_eval
length_out_of_range,DDDDE,amp_diffusion_train_eval
length_out_of_range,DDDDE,amp_diffusion_train_eval
length_out_of_range,DDDDE,amp_diffusion_train_eval
length_out_of_range,HPDYNPD,amp_diffusion_train_eval
length_out_of_range,HPDYNPD,amp_diffusion_train_eval
length_out_of_range,HPDYNPD,amp_diffusion_train_eval
length_out_of_range,HPDYNPD,amp_diffusion_train_eval
length_out_of_range,HPDYNPD,amp_diffusion_train_eval
length_out_of_range,HPDYNPD,amp_diffusion_train_eval
length_out_of_range,HPDYNPD,amp_diffusion_train_eval
length_out_of_range,HPDYNPD,amp_diffusion_train_eval
length_out_of_range,HPDYNPD,amp_diffusion_train_eval
length_out_of_range,HPDYNPD,amp_diffusion_train_eval
length_out_of_range,HPDYNPD,amp_diffusion_train_eval
length_out_of_range,RRQWR,amp_diffusion_train_eval
length_out_of_range,RRQWR,amp_diffusion_train_eval
length_out_of_range,RRQWR,amp_diffusion_train_eval
length_out_of_range,RRQWR,amp_diffusion_train_eval
length_out_of_range,RRQWR,amp_diffusion_train_eval
length_out_of_range,RRQWR,amp_diffusion_train_eval
length_out_of_range,RRQWR,amp_diffusion_train_eval
length_out_of_range,RRQWR,amp_diffusion_train_eval
length_out_of_range,RRQWR,amp_diffusion_train_eval
length_out_of_range,RRQWR,amp_diffusion_train_eval
length_out_of_range,RRQWR,amp_diffusion_train_eval
length_out_of_range,RWWKWRR,amp_diffusion_train_eval
length_out_of_range,RWWKWRR,amp_diffusion_train_eval
length_out_of_range,RWWKWRR,amp_diffusion_train_eval
length_out_of_range,RWWKWRR,amp_diffusion_train_eval
length_out_of_range,RWWKWRR,amp_diffusion_train_eval
length_out_of_range,RWWKWRR,amp_diffusion_train_eval
length_out_of_range,RWWKWRR,amp_diffusion_train_eval
length_out_of_range,RWWKWRR,amp_diffusion_train_eval
length_out_of_range,RWWKWRR,amp_diffusion_train_eval
length_out_of_range,RWWKWRR,amp_diffusion_train_eval
length_out_of_range,RWWKWRR,amp_diffusion_train_eval
length_out_of_range,VIRVAR,amp_diffusion_train_eval
length_out_of_range,VIRVAR,amp_diffusion_train_eval
length_out_of_range,VIRVAR,amp_diffusion_train_eval
length_out_of_range,VIRVAR,amp_diffusion_train_eval
length_out_of_range,VIRVAR,amp_diffusion_train_eval
length_out_of_range,VIRVAR,amp_diffusion_train_eval
length_out_of_range,VIRVAR,amp_diffusion_train_eval
length_out_of_range,VIRVAR,amp_diffusion_train_eval
length_out_of_range,VIRVAR,amp_diffusion_train_eval
length_out_of_range,VIRVAR,amp_diffusion_train_eval
length_out_of_range,VIRVAR,amp_diffusion_train_eval
length_out_of_range,SGG,amp_diffusion_train_eval
length_out_of_range,SGG,amp_diffusion_train_eval
length_out_of_range,SGG,amp_diffusion_train_eval
length_out_of_range,SGG,amp_diffusion_train_eval
length_out_of_range,SGG,amp_diffusion_train_eval
length_out_of_range,SGG,amp_diffusion_train_eval
length_out_of_range,SGG,amp_diffusion_train_eval
length_out_of_range,SGG,amp_diffusion_train_eval
length_out_of_range,SGG,amp_diffusion_train_eval
length_out_of_range,SGG,amp_diffusion_train_eval
length_out_of_range,SGG,amp_diffusion_train_eval
length_out_of_range,PTEP,amp_diffusion_train_eval
length_out_of_range,PTEP,amp_diffusion_train_eval
length_out_of_range,PTEP,amp_diffusion_train_eval
length_out_of_range,PTEP,amp_diffusion_train_eval
length_out_of_range,PTEP,amp_diffusion_train_eval
length_out_of_range,PTEP,amp_diffusion_train_eval
length_out_of_range,PTEP,amp_diffusion_train_eval
length_out_of_range,PTEP,amp_diffusion_train_eval
length_out_of_range,PTEP,amp_diffusion_train_eval
length_out_of_range,PTEP,amp_diffusion_train_eval
length_out_of_range,PTEP,amp_diffusion_train_eval
length_out_of_range,AEAM,amp_diffusion_train_eval
length_out_of_range,AEAM,amp_diffusion_train_eval
length_out_of_range,AEAM,amp_diffusion_train_eval
length_out_of_range,AEAM,amp_diffusion_train_eval
length_out_of_range,AEAM,amp_diffusion_train_eval
length_out_of_range,AEAM,amp_diffusion_train_eval
length_out_of_range,AEAM,amp_diffusion_train_eval
length_out_of_range,AEAM,amp_diffusion_train_eval
length_out_of_range,AEAM,amp_diffusion_train_eval
length_out_of_range,AEAM,amp_diffusion_train_eval
length_out_of_range,AEAM,amp_diffusion_train_eval
length_out_of_range,PGTAVAK,amp_diffusion_train_eval
length_out_of_range,PGTAVAK,amp_diffusion_train_eval
length_out_of_range,PGTAVAK,amp_diffusion_train_eval
length_out_of_range,PGTAVAK,amp_diffusion_train_eval
length_out_of_range,PGTAVAK,amp_diffusion_train_eval
length_out_of_range,PGTAVAK,amp_diffusion_train_eval
length_out_of_range,PGTAVAK,amp_diffusion_train_eval
length_out_of_range,PGTAVAK,amp_diffusion_train_eval
length_out_of_range,PGTAVAK,amp_diffusion_train_eval
length_out_of_range,PGTAVAK,amp_diffusion_train_eval
length_out_of_range,PGTAVAK,amp_diffusion_train_eval
length_out_of_range,ELLSKVD,amp_diffusion_train_eval
length_out_of_range,ELLSKVD,amp_diffusion_train_eval
length_out_of_range,ELLSKVD,amp_diffusion_train_eval
length_out_of_range,ELLSKVD,amp_diffusion_train_eval
length_out_of_range,ELLSKVD,amp_diffusion_train_eval
length_out_of_range,ELLSKVD,amp_diffusion_train_eval
length_out_of_range,ELLSKVD,amp_diffusion_train_eval
length_out_of_range,ELLSKVD,amp_diffusion_train_eval
length_out_of_range,ELLSKVD,amp_diffusion_train_eval
length_out_of_range,ELLSKVD,amp_diffusion_train_eval
length_out_of_range,ELLSKVD,amp_diffusion_train_eval
length_out_of_range,LRLFLRF,amp_diffusion_train_eval
length_out_of_range,LRLFLRF,amp_diffusion_train_eval
length_out_of_range,LRLFLRF,amp_diffusion_train_eval
length_out_of_range,LRLFLRF,amp_diffusion_train_eval
length_out_of_range,LRLFLRF,amp_diffusion_train_eval
length_out_of_range,LRLFLRF,amp_diffusion_train_eval
length_out_of_range,LRLFLRF,amp_diffusion_train_eval
length_out_of_range,LRLFLRF,amp_diffusion_train_eval
length_out_of_range,LRLFLRF,amp_diffusion_train_eval
length_out_of_range,LRLFLRF,amp_diffusion_train_eval
length_out_of_range,LRLFLRF,amp_diffusion_train_eval
length_out_of_range,HDEF,amp_diffusion_train_eval
length_out_of_range,HDEF,amp_diffusion_train_eval
length_out_of_range,HDEF,amp_diffusion_train_eval
length_out_of_range,HDEF,amp_diffusion_train_eval
length_out_of_range,HDEF,amp_diffusion_train_eval
length_out_of_range,HDEF,amp_diffusion_train_eval
length_out_of_range,HDEF,amp_diffusion_train_eval
length_out_of_range,HDEF,amp_diffusion_train_eval
length_out_of_range,HDEF,amp_diffusion_train_eval
length_out_of_range,HDEF,amp_diffusion_train_eval
length_out_of_range,HDEF,amp_diffusion_train_eval
length_out_of_range,GPIPWQR,amp_diffusion_train_eval
length_out_of_range,GPIPWQR,amp_diffusion_train_eval
length_out_of_range,GPIPWQR,amp_diffusion_train_eval
length_out_of_range,GPIPWQR,amp_diffusion_train_eval
length_out_of_range,GPIPWQR,amp_diffusion_train_eval
length_out_of_range,GPIPWQR,amp_diffusion_train_eval
length_out_of_range,GPIPWQR,amp_diffusion_train_eval
length_out_of_range,GPIPWQR,amp_diffusion_train_eval
length_out_of_range,GPIPWQR,amp_diffusion_train_eval
length_out_of_range,GPIPWQR,amp_diffusion_train_eval
length_out_of_range,GPIPWQR,amp_diffusion_train_eval
length_out_of_range,TWWRWW,amp_diffusion_train_eval
length_out_of_range,TWWRWW,amp_diffusion_train_eval
length_out_of_range,TWWRWW,amp_diffusion_train_eval
length_out_of_range,TWWRWW,amp_diffusion_train_eval
length_out_of_range,TWWRWW,amp_diffusion_train_eval
length_out_of_range,TWWRWW,amp_diffusion_train_eval
length_out_of_range,TWWRWW,amp_diffusion_train_eval
length_out_of_range,TWWRWW,amp_diffusion_train_eval
length_out_of_range,TWWRWW,amp_diffusion_train_eval
length_out_of_range,TWWRWW,amp_diffusion_train_eval
length_out_of_range,TWWRWW,amp_diffusion_train_eval
length_out_of_range,HGVSGHG,amp_diffusion_train_eval
length_out_of_range,HGVSGHG,amp_diffusion_train_eval
length_out_of_range,HGVSGHG,amp_diffusion_train_eval
length_out_of_range,HGVSGHG,amp_diffusion_train_eval
length_out_of_range,HGVSGHG,amp_diffusion_train_eval
length_out_of_range,HGVSGHG,amp_diffusion_train_eval
length_out_of_range,HGVSGHG,amp_diffusion_train_eval
length_out_of_range,HGVSGHG,amp_diffusion_train_eval
length_out_of_range,HGVSGHG,amp_diffusion_train_eval
length_out_of_range,HGVSGHG,amp_diffusion_train_eval
length_out_of_range,HGVSGHG,amp_diffusion_train_eval
length_out_of_range,WGNVLL,amp_diffusion_train_eval
length_out_of_range,WGNVLL,amp_diffusion_train_eval
length_out_of_range,WGNVLL,amp_diffusion_train_eval
length_out_of_range,WGNVLL,amp_diffusion_train_eval
length_out_of_range,WGNVLL,amp_diffusion_train_eval
length_out_of_range,WGNVLL,amp_diffusion_train_eval
length_out_of_range,WGNVLL,amp_diffusion_train_eval
length_out_of_range,WGNVLL,amp_diffusion_train_eval
length_out_of_range,WGNVLL,amp_diffusion_train_eval
length_out_of_range,WGNVLL,amp_diffusion_train_eval
length_out_of_range,WGNVLL,amp_diffusion_train_eval
length_out_of_range,LHLLHHL,amp_diffusion_train_eval
length_out_of_range,LHLLHHL,amp_diffusion_train_eval
length_out_of_range,LHLLHHL,amp_diffusion_train_eval
length_out_of_range,LHLLHHL,amp_diffusion_train_eval
length_out_of_range,LHLLHHL,amp_diffusion_train_eval
length_out_of_range,LHLLHHL,amp_diffusion_train_eval
length_out_of_range,LHLLHHL,amp_diffusion_train_eval
length_out_of_range,LHLLHHL,amp_diffusion_train_eval
length_out_of_range,LHLLHHL,amp_diffusion_train_eval
length_out_of_range,LHLLHHL,amp_diffusion_train_eval
length_out_of_range,LHLLHHL,amp_diffusion_train_eval
length_out_of_range,RGFARR,amp_diffusion_train_eval
length_out_of_range,RGFARR,amp_diffusion_train_eval
length_out_of_range,RGFARR,amp_diffusion_train_eval
length_out_of_range,RGFARR,amp_diffusion_train_eval
length_out_of_range,RGFARR,amp_diffusion_train_eval
length_out_of_range,RGFARR,amp_diffusion_train_eval
length_out_of_range,RGFARR,amp_diffusion_train_eval
length_out_of_range,RGFARR,amp_diffusion_train_eval
length_out_of_range,RGFARR,amp_diffusion_train_eval
length_out_of_range,RGFARR,amp_diffusion_train_eval
length_out_of_range,RGFARR,amp_diffusion_train_eval
length_out_of_range,PWWPKRR,amp_diffusion_train_eval
length_out_of_range,PWWPKRR,amp_diffusion_train_eval
length_out_of_range,PWWPKRR,amp_diffusion_train_eval
length_out_of_range,PWWPKRR,amp_diffusion_train_eval
length_out_of_range,PWWPKRR,amp_diffusion_train_eval
length_out_of_range,PWWPKRR,amp_diffusion_train_eval
length_out_of_range,PWWPKRR,amp_diffusion_train_eval
length_out_of_range,PWWPKRR,amp_diffusion_train_eval
length_out_of_range,PWWPKRR,amp_diffusion_train_eval
length_out_of_range,PWWPKRR,amp_diffusion_train_eval
length_out_of_range,PWWPKRR,amp_diffusion_train_eval
length_out_of_range,CVHAYRA,amp_diffusion_train_eval
length_out_of_range,CVHAYRA,amp_diffusion_train_eval
length_out_of_range,CVHAYRA,amp_diffusion_train_eval
length_out_of_range,CVHAYRA,amp_diffusion_train_eval
length_out_of_range,CVHAYRA,amp_diffusion_train_eval
length_out_of_range,CVHAYRA,amp_diffusion_train_eval
length_out_of_range,CVHAYRA,amp_diffusion_train_eval
length_out_of_range,CVHAYRA,amp_diffusion_train_eval
length_out_of_range,CVHAYRA,amp_diffusion_train_eval
length_out_of_range,CVHAYRA,amp_diffusion_train_eval
length_out_of_range,CVHAYRA,amp_diffusion_train_eval
length_out_of_range,ELLVDLL,amp_diffusion_train_eval
length_out_of_range,ELLVDLL,amp_diffusion_train_eval
length_out_of_range,ELLVDLL,amp_diffusion_train_eval
length_out_of_range,ELLVDLL,amp_diffusion_train_eval
length_out_of_range,ELLVDLL,amp_diffusion_train_eval
length_out_of_range,ELLVDLL,amp_diffusion_train_eval
length_out_of_range,ELLVDLL,amp_diffusion_train_eval
length_out_of_range,ELLVDLL,amp_diffusion_train_eval
length_out_of_range,ELLVDLL,amp_diffusion_train_eval
length_out_of_range,ELLVDLL,amp_diffusion_train_eval
length_out_of_range,ELLVDLL,amp_diffusion_train_eval
length_out_of_range,IEDGR,amp_diffusion_train_eval
length_out_of_range,IEDGR,amp_diffusion_train_eval
length_out_of_range,IEDGR,amp_diffusion_train_eval
length_out_of_range,IEDGR,amp_diffusion_train_eval
length_out_of_range,IEDGR,amp_diffusion_train_eval
length_out_of_range,IEDGR,amp_diffusion_train_eval
length_out_of_range,IEDGR,amp_diffusion_train_eval
length_out_of_range,IEDGR,amp_diffusion_train_eval
length_out_of_range,IEDGR,amp_diffusion_train_eval
length_out_of_range,IEDGR,amp_diffusion_train_eval
length_out_of_range,IEDGR,amp_diffusion_train_eval
length_out_of_range,RGFRRR,amp_diffusion_train_eval
length_out_of_range,RGFRRR,amp_diffusion_train_eval
length_out_of_range,RGFRRR,amp_diffusion_train_eval
length_out_of_range,RGFRRR,amp_diffusion_train_eval
length_out_of_range,RGFRRR,amp_diffusion_train_eval
length_out_of_range,RGFRRR,amp_diffusion_train_eval
length_out_of_range,RGFRRR,amp_diffusion_train_eval
length_out_of_range,RGFRRR,amp_diffusion_train_eval
length_out_of_range,RGFRRR,amp_diffusion_train_eval
length_out_of_range,RGFRRR,amp_diffusion_train_eval
length_out_of_range,RGFRRR,amp_diffusion_train_eval
length_out_of_range,CKAAFC,amp_diffusion_train_eval
length_out_of_range,CKAAFC,amp_diffusion_train_eval
length_out_of_range,CKAAFC,amp_diffusion_train_eval
length_out_of_range,CKAAFC,amp_diffusion_train_eval
length_out_of_range,CKAAFC,amp_diffusion_train_eval
length_out_of_range,CKAAFC,amp_diffusion_train_eval
length_out_of_range,CKAAFC,amp_diffusion_train_eval
length_out_of_range,CKAAFC,amp_diffusion_train_eval
length_out_of_range,CKAAFC,amp_diffusion_train_eval
length_out_of_range,CKAAFC,amp_diffusion_train_eval
length_out_of_range,CKAAFC,amp_diffusion_train_eval
length_out_of_range,QWQR,amp_diffusion_train_eval
length_out_of_range,QWQR,amp_diffusion_train_eval
length_out_of_range,QWQR,amp_diffusion_train_eval
length_out_of_range,QWQR,amp_diffusion_train_eval
length_out_of_range,QWQR,amp_diffusion_train_eval
length_out_of_range,QWQR,amp_diffusion_train_eval
length_out_of_range,QWQR,amp_diffusion_train_eval
length_out_of_range,QWQR,amp_diffusion_train_eval
length_out_of_range,QWQR,amp_diffusion_train_eval
length_out_of_range,QWQR,amp_diffusion_train_eval
length_out_of_range,QWQR,amp_diffusion_train_eval
length_out_of_range,RH,amp_diffusion_train_eval
length_out_of_range,RH,amp_diffusion_train_eval
length_out_of_range,RH,amp_diffusion_train_eval
length_out_of_range,RH,amp_diffusion_train_eval
length_out_of_range,RH,amp_diffusion_train_eval
length_out_of_range,RH,amp_diffusion_train_eval
length_out_of_range,RH,amp_diffusion_train_eval
length_out_of_range,RH,amp_diffusion_train_eval
length_out_of_range,RH,amp_diffusion_train_eval
length_out_of_range,RH,amp_diffusion_train_eval
length_out_of_range,RH,amp_diffusion_train_eval
length_out_of_range,EEEEEDP,amp_diffusion_train_eval
length_out_of_range,EEEEEDP,amp_diffusion_train_eval
length_out_of_range,EEEEEDP,amp_diffusion_train_eval
length_out_of_range,EEEEEDP,amp_diffusion_train_eval
length_out_of_range,EEEEEDP,amp_diffusion_train_eval
length_out_of_range,EEEEEDP,amp_diffusion_train_eval
length_out_of_range,EEEEEDP,amp_diffusion_train_eval
length_out_of_range,EEEEEDP,amp_diffusion_train_eval
length_out_of_range,EEEEEDP,amp_diffusion_train_eval
length_out_of_range,EEEEEDP,amp_diffusion_train_eval
length_out_of_range,EEEEEDP,amp_diffusion_train_eval
length_out_of_range,LPYGSKH,amp_diffusion_train_eval
length_out_of_range,LPYGSKH,amp_diffusion_train_eval
length_out_of_range,LPYGSKH,amp_diffusion_train_eval
length_out_of_range,LPYGSKH,amp_diffusion_train_eval
length_out_of_range,LPYGSKH,amp_diffusion_train_eval
length_out_of_range,LPYGSKH,amp_diffusion_train_eval
length_out_of_range,LPYGSKH,amp_diffusion_train_eval
length_out_of_range,LPYGSKH,amp_diffusion_train_eval
length_out_of_range,LPYGSKH,amp_diffusion_train_eval
length_out_of_range,LPYGSKH,amp_diffusion_train_eval
length_out_of_range,LPYGSKH,amp_diffusion_train_eval
length_out_of_range,LPLP,amp_diffusion_train_eval
length_out_of_range,LPLP,amp_diffusion_train_eval
length_out_of_range,LPLP,amp_diffusion_train_eval
length_out_of_range,LPLP,amp_diffusion_train_eval
length_out_of_range,LPLP,amp_diffusion_train_eval
length_out_of_range,LPLP,amp_diffusion_train_eval
length_out_of_range,LPLP,amp_diffusion_train_eval
length_out_of_range,LPLP,amp_diffusion_train_eval
length_out_of_range,LPLP,amp_diffusion_train_eval
length_out_of_range,LPLP,amp_diffusion_train_eval
length_out_of_range,LPLP,amp_diffusion_train_eval
length_out_of_range,DELLSRV,amp_diffusion_train_eval
length_out_of_range,DELLSRV,amp_diffusion_train_eval
length_out_of_range,DELLSRV,amp_diffusion_train_eval
length_out_of_range,DELLSRV,amp_diffusion_train_eval
length_out_of_range,DELLSRV,amp_diffusion_train_eval
length_out_of_range,DELLSRV,amp_diffusion_train_eval
length_out_of_range,DELLSRV,amp_diffusion_train_eval
length_out_of_range,DELLSRV,amp_diffusion_train_eval
length_out_of_range,DELLSRV,amp_diffusion_train_eval
length_out_of_range,DELLSRV,amp_diffusion_train_eval
length_out_of_range,DELLSRV,amp_diffusion_train_eval
length_out_of_range,CKYKAQ,amp_diffusion_train_eval
length_out_of_range,CKYKAQ,amp_diffusion_train_eval
length_out_of_range,CKYKAQ,amp_diffusion_train_eval
length_out_of_range,CKYKAQ,amp_diffusion_train_eval
length_out_of_range,CKYKAQ,amp_diffusion_train_eval
length_out_of_range,CKYKAQ,amp_diffusion_train_eval
length_out_of_range,CKYKAQ,amp_diffusion_train_eval
length_out_of_range,CKYKAQ,amp_diffusion_train_eval
length_out_of_range,CKYKAQ,amp_diffusion_train_eval
length_out_of_range,CKYKAQ,amp_diffusion_train_eval
length_out_of_range,CKYKAQ,amp_diffusion_train_eval
length_out_of_range,RWQEK,amp_diffusion_train_eval
length_out_of_range,RWQEK,amp_diffusion_train_eval
length_out_of_range,RWQEK,amp_diffusion_train_eval
length_out_of_range,RWQEK,amp_diffusion_train_eval
length_out_of_range,RWQEK,amp_diffusion_train_eval
length_out_of_range,RWQEK,amp_diffusion_train_eval
length_out_of_range,RWQEK,amp_diffusion_train_eval
length_out_of_range,RWQEK,amp_diffusion_train_eval
length_out_of_range,RWQEK,amp_diffusion_train_eval
length_out_of_range,RWQEK,amp_diffusion_train_eval
length_out_of_range,RWQEK,amp_diffusion_train_eval
length_out_of_range,RWQWR,amp_diffusion_train_eval
length_out_of_range,RWQWR,amp_diffusion_train_eval
length_out_of_range,RWQWR,amp_diffusion_train_eval
length_out_of_range,RWQWR,amp_diffusion_train_eval
length_out_of_range,RWQWR,amp_diffusion_train_eval
length_out_of_range,RWQWR,amp_diffusion_train_eval
length_out_of_range,RWQWR,amp_diffusion_train_eval
length_out_of_range,RWQWR,amp_diffusion_train_eval
length_out_of_range,RWQWR,amp_diffusion_train_eval
length_out_of_range,RWQWR,amp_diffusion_train_eval
length_out_of_range,RWQWR,amp_diffusion_train_eval
length_out_of_range,QGGQANQ,amp_diffusion_train_eval
length_out_of_range,QGGQANQ,amp_diffusion_train_eval
length_out_of_range,QGGQANQ,amp_diffusion_train_eval
length_out_of_range,QGGQANQ,amp_diffusion_train_eval
length_out_of_range,QGGQANQ,amp_diffusion_train_eval
length_out_of_range,QGGQANQ,amp_diffusion_train_eval
length_out_of_range,QGGQANQ,amp_diffusion_train_eval
length_out_of_range,QGGQANQ,amp_diffusion_train_eval
length_out_of_range,QGGQANQ,amp_diffusion_train_eval
length_out_of_range,QGGQANQ,amp_diffusion_train_eval
length_out_of_range,QGGQANQ,amp_diffusion_train_eval
length_out_of_range,SWGYYLG,amp_diffusion_train_eval
length_out_of_range,SWGYYLG,amp_diffusion_train_eval
length_out_of_range,SWGYYLG,amp_diffusion_train_eval
length_out_of_range,SWGYYLG,amp_diffusion_train_eval
length_out_of_range,SWGYYLG,amp_diffusion_train_eval
length_out_of_range,SWGYYLG,amp_diffusion_train_eval
length_out_of_range,SWGYYLG,amp_diffusion_train_eval
length_out_of_range,SWGYYLG,amp_diffusion_train_eval
length_out_of_range,SWGYYLG,amp_diffusion_train_eval
length_out_of_range,SWGYYLG,amp_diffusion_train_eval
length_out_of_range,SWGYYLG,amp_diffusion_train_eval
length_out_of_range,LKKLLKL,amp_diffusion_train_eval
length_out_of_range,LKKLLKL,amp_diffusion_train_eval
length_out_of_range,LKKLLKL,amp_diffusion_train_eval
length_out_of_range,LKKLLKL,amp_diffusion_train_eval
length_out_of_range,LKKLLKL,amp_diffusion_train_eval
length_out_of_range,LKKLLKL,amp_diffusion_train_eval
length_out_of_range,LKKLLKL,amp_diffusion_train_eval
length_out_of_range,LKKLLKL,amp_diffusion_train_eval
length_out_of_range,LKKLLKL,amp_diffusion_train_eval
length_out_of_range,LKKLLKL,amp_diffusion_train_eval
length_out_of_range,LKKLLKL,amp_diffusion_train_eval
length_out_of_range,YP,amp_diffusion_train_eval
length_out_of_range,YP,amp_diffusion_train_eval
length_out_of_range,YP,amp_diffusion_train_eval
length_out_of_range,YP,amp_diffusion_train_eval
length_out_of_range,YP,amp_diffusion_train_eval
length_out_of_range,YP,amp_diffusion_train_eval
length_out_of_range,YP,amp_diffusion_train_eval
length_out_of_range,YP,amp_diffusion_train_eval
length_out_of_range,YP,amp_diffusion_train_eval
length_out_of_range,YP,amp_diffusion_train_eval
length_out_of_range,YP,amp_diffusion_train_eval
length_out_of_range,KWIKWR,amp_diffusion_train_eval
length_out_of_range,KWIKWR,amp_diffusion_train_eval
length_out_of_range,KWIKWR,amp_diffusion_train_eval
length_out_of_range,KWIKWR,amp_diffusion_train_eval
length_out_of_range,KWIKWR,amp_diffusion_train_eval
length_out_of_range,KWIKWR,amp_diffusion_train_eval
length_out_of_range,KWIKWR,amp_diffusion_train_eval
length_out_of_range,KWIKWR,amp_diffusion_train_eval
length_out_of_range,KWIKWR,amp_diffusion_train_eval
length_out_of_range,KWIKWR,amp_diffusion_train_eval
length_out_of_range,KWIKWR,amp_diffusion_train_eval
length_out_of_range,FPPWE,amp_diffusion_train_eval
length_out_of_range,FPPWE,amp_diffusion_train_eval
length_out_of_range,FPPWE,amp_diffusion_train_eval
length_out_of_range,FPPWE,amp_diffusion_train_eval
length_out_of_range,FPPWE,amp_diffusion_train_eval
length_out_of_range,FPPWE,amp_diffusion_train_eval
length_out_of_range,FPPWE,amp_diffusion_train_eval
length_out_of_range,FPPWE,amp_diffusion_train_eval
length_out_of_range,FPPWE,amp_diffusion_train_eval
length_out_of_range,FPPWE,amp_diffusion_train_eval
length_out_of_range,FPPWE,amp_diffusion_train_eval
length_out_of_range,CAEKA,amp_diffusion_train_eval
length_out_of_range,CAEKA,amp_diffusion_train_eval
length_out_of_range,CAEKA,amp_diffusion_train_eval
length_out_of_range,CAEKA,amp_diffusion_train_eval
length_out_of_range,CAEKA,amp_diffusion_train_eval
length_out_of_range,CAEKA,amp_diffusion_train_eval
length_out_of_range,CAEKA,amp_diffusion_train_eval
length_out_of_range,CAEKA,amp_diffusion_train_eval
length_out_of_range,CAEKA,amp_diffusion_train_eval
length_out_of_range,CAEKA,amp_diffusion_train_eval
length_out_of_range,CAEKA,amp_diffusion_train_eval
length_out_of_range,GQHGVHG,amp_diffusion_train_eval
length_out_of_range,GQHGVHG,amp_diffusion_train_eval
length_out_of_range,GQHGVHG,amp_diffusion_train_eval
length_out_of_range,GQHGVHG,amp_diffusion_train_eval
length_out_of_range,GQHGVHG,amp_diffusion_train_eval
length_out_of_range,GQHGVHG,amp_diffusion_train_eval
length_out_of_range,GQHGVHG,amp_diffusion_train_eval
length_out_of_range,GQHGVHG,amp_diffusion_train_eval
length_out_of_range,GQHGVHG,amp_diffusion_train_eval
length_out_of_range,GQHGVHG,amp_diffusion_train_eval
length_out_of_range,GQHGVHG,amp_diffusion_train_eval
length_out_of_range,HPAFDRK,amp_diffusion_train_eval
length_out_of_range,HPAFDRK,amp_diffusion_train_eval
length_out_of_range,HPAFDRK,amp_diffusion_train_eval
length_out_of_range,HPAFDRK,amp_diffusion_train_eval
length_out_of_range,HPAFDRK,amp_diffusion_train_eval
length_out_of_range,HPAFDRK,amp_diffusion_train_eval
length_out_of_range,HPAFDRK,amp_diffusion_train_eval
length_out_of_range,HPAFDRK,amp_diffusion_train_eval
length_out_of_range,HPAFDRK,amp_diffusion_train_eval
length_out_of_range,HPAFDRK,amp_diffusion_train_eval
length_out_of_range,HPAFDRK,amp_diffusion_train_eval
length_out_of_range,FWRWRR,amp_diffusion_train_eval
length_out_of_range,FWRWRR,amp_diffusion_train_eval
length_out_of_range,FWRWRR,amp_diffusion_train_eval
length_out_of_range,FWRWRR,amp_diffusion_train_eval
length_out_of_range,FWRWRR,amp_diffusion_train_eval
length_out_of_range,FWRWRR,amp_diffusion_train_eval
length_out_of_range,FWRWRR,amp_diffusion_train_eval
length_out_of_range,FWRWRR,amp_diffusion_train_eval
length_out_of_range,FWRWRR,amp_diffusion_train_eval
length_out_of_range,FWRWRR,amp_diffusion_train_eval
length_out_of_range,FWRWRR,amp_diffusion_train_eval
length_out_of_range,LYRLCCR,amp_diffusion_train_eval
length_out_of_range,LYRLCCR,amp_diffusion_train_eval
length_out_of_range,LYRLCCR,amp_diffusion_train_eval
length_out_of_range,LYRLCCR,amp_diffusion_train_eval
length_out_of_range,LYRLCCR,amp_diffusion_train_eval
length_out_of_range,LYRLCCR,amp_diffusion_train_eval
length_out_of_range,LYRLCCR,amp_diffusion_train_eval
length_out_of_range,LYRLCCR,amp_diffusion_train_eval
length_out_of_range,LYRLCCR,amp_diffusion_train_eval
length_out_of_range,LYRLCCR,amp_diffusion_train_eval
length_out_of_range,LYRLCCR,amp_diffusion_train_eval
length_out_of_range,NNLLRA,amp_diffusion_train_eval
length_out_of_range,NNLLRA,amp_diffusion_train_eval
length_out_of_range,NNLLRA,amp_diffusion_train_eval
length_out_of_range,NNLLRA,amp_diffusion_train_eval
length_out_of_range,NNLLRA,amp_diffusion_train_eval
length_out_of_range,NNLLRA,amp_diffusion_train_eval
length_out_of_range,NNLLRA,amp_diffusion_train_eval
length_out_of_range,NNLLRA,amp_diffusion_train_eval
length_out_of_range,NNLLRA,amp_diffusion_train_eval
length_out_of_range,NNLLRA,amp_diffusion_train_eval
length_out_of_range,NNLLRA,amp_diffusion_train_eval
length_out_of_range,ELLSAVD,amp_diffusion_train_eval
length_out_of_range,ELLSAVD,amp_diffusion_train_eval
length_out_of_range,ELLSAVD,amp_diffusion_train_eval
length_out_of_range,ELLSAVD,amp_diffusion_train_eval
length_out_of_range,ELLSAVD,amp_diffusion_train_eval
length_out_of_range,ELLSAVD,amp_diffusion_train_eval
length_out_of_range,ELLSAVD,amp_diffusion_train_eval
length_out_of_range,ELLSAVD,amp_diffusion_train_eval
length_out_of_range,ELLSAVD,amp_diffusion_train_eval
length_out_of_range,ELLSAVD,amp_diffusion_train_eval
length_out_of_range,ELLSAVD,amp_diffusion_train_eval
length_out_of_range,RRMKWKK,amp_diffusion_train_eval
length_out_of_range,RRMKWKK,amp_diffusion_train_eval
length_out_of_range,RRMKWKK,amp_diffusion_train_eval
length_out_of_range,RRMKWKK,amp_diffusion_train_eval
length_out_of_range,RRMKWKK,amp_diffusion_train_eval
length_out_of_range,RRMKWKK,amp_diffusion_train_eval
length_out_of_range,RRMKWKK,amp_diffusion_train_eval
length_out_of_range,RRMKWKK,amp_diffusion_train_eval
length_out_of_range,RRMKWKK,amp_diffusion_train_eval
length_out_of_range,RRMKWKK,amp_diffusion_train_eval
length_out_of_range,RRMKWKK,amp_diffusion_train_eval
length_out_of_range,MCAGIRP,amp_diffusion_train_eval
length_out_of_range,MCAGIRP,amp_diffusion_train_eval
length_out_of_range,MCAGIRP,amp_diffusion_train_eval
length_out_of_range,MCAGIRP,amp_diffusion_train_eval
length_out_of_range,MCAGIRP,amp_diffusion_train_eval
length_out_of_range,MCAGIRP,amp_diffusion_train_eval
length_out_of_range,MCAGIRP,amp_diffusion_train_eval
length_out_of_range,MCAGIRP,amp_diffusion_train_eval
length_out_of_range,MCAGIRP,amp_diffusion_train_eval
length_out_of_range,MCAGIRP,amp_diffusion_train_eval
length_out_of_range,MCAGIRP,amp_diffusion_train_eval
length_out_of_range,GNLWFA,amp_diffusion_train_eval
length_out_of_range,GNLWFA,amp_diffusion_train_eval
length_out_of_range,GNLWFA,amp_diffusion_train_eval
length_out_of_range,GNLWFA,amp_diffusion_train_eval
length_out_of_range,GNLWFA,amp_diffusion_train_eval
length_out_of_range,GNLWFA,amp_diffusion_train_eval
length_out_of_range,GNLWFA,amp_diffusion_train_eval
length_out_of_range,GNLWFA,amp_diffusion_train_eval
length_out_of_range,GNLWFA,amp_diffusion_train_eval
length_out_of_range,GNLWFA,amp_diffusion_train_eval
length_out_of_range,GNLWFA,amp_diffusion_train_eval
length_out_of_range,KRKIKRK,amp_diffusion_train_eval
length_out_of_range,KRKIKRK,amp_diffusion_train_eval
length_out_of_range,KRKIKRK,amp_diffusion_train_eval
length_out_of_range,KRKIKRK,amp_diffusion_train_eval
length_out_of_range,KRKIKRK,amp_diffusion_train_eval
length_out_of_range,KRKIKRK,amp_diffusion_train_eval
length_out_of_range,KRKIKRK,amp_diffusion_train_eval
length_out_of_range,KRKIKRK,amp_diffusion_train_eval
length_out_of_range,KRKIKRK,amp_diffusion_train_eval
length_out_of_range,KRKIKRK,amp_diffusion_train_eval
length_out_of_range,KRKIKRK,amp_diffusion_train_eval
length_out_of_range,RRVRVR,amp_diffusion_train_eval
length_out_of_range,RRVRVR,amp_diffusion_train_eval
length_out_of_range,RRVRVR,amp_diffusion_train_eval
length_out_of_range,RRVRVR,amp_diffusion_train_eval
length_out_of_range,RRVRVR,amp_diffusion_train_eval
length_out_of_range,RRVRVR,amp_diffusion_train_eval
length_out_of_range,RRVRVR,amp_diffusion_train_eval
length_out_of_range,RRVRVR,amp_diffusion_train_eval
length_out_of_range,RRVRVR,amp_diffusion_train_eval
length_out_of_range,RRVRVR,amp_diffusion_train_eval
length_out_of_range,RRVRVR,amp_diffusion_train_eval
length_out_of_range,AHKCIC,amp_diffusion_train_eval
length_out_of_range,AHKCIC,amp_diffusion_train_eval
length_out_of_range,AHKCIC,amp_diffusion_train_eval
length_out_of_range,AHKCIC,amp_diffusion_train_eval
length_out_of_range,AHKCIC,amp_diffusion_train_eval
length_out_of_range,AHKCIC,amp_diffusion_train_eval
length_out_of_range,AHKCIC,amp_diffusion_train_eval
length_out_of_range,AHKCIC,amp_diffusion_train_eval
length_out_of_range,AHKCIC,amp_diffusion_train_eval
length_out_of_range,AHKCIC,amp_diffusion_train_eval
length_out_of_range,AHKCIC,amp_diffusion_train_eval
length_out_of_range,KPFVFLM,amp_diffusion_train_eval
length_out_of_range,KPFVFLM,amp_diffusion_train_eval
length_out_of_range,KPFVFLM,amp_diffusion_train_eval
length_out_of_range,KPFVFLM,amp_diffusion_train_eval
length_out_of_range,KPFVFLM,amp_diffusion_train_eval
length_out_of_range,KPFVFLM,amp_diffusion_train_eval
length_out_of_range,KPFVFLM,amp_diffusion_train_eval
length_out_of_range,KPFVFLM,amp_diffusion_train_eval
length_out_of_range,KPFVFLM,amp_diffusion_train_eval
length_out_of_range,KPFVFLM,amp_diffusion_train_eval
length_out_of_range,KPFVFLM,amp_diffusion_train_eval
length_out_of_range,ASLWNWF,amp_diffusion_train_eval
length_out_of_range,ASLWNWF,amp_diffusion_train_eval
length_out_of_range,ASLWNWF,amp_diffusion_train_eval
length_out_of_range,ASLWNWF,amp_diffusion_train_eval
length_out_of_range,ASLWNWF,amp_diffusion_train_eval
length_out_of_range,ASLWNWF,amp_diffusion_train_eval
length_out_of_range,ASLWNWF,amp_diffusion_train_eval
length_out_of_range,ASLWNWF,amp_diffusion_train_eval
length_out_of_range,ASLWNWF,amp_diffusion_train_eval
length_out_of_range,ASLWNWF,amp_diffusion_train_eval
length_out_of_range,ASLWNWF,amp_diffusion_train_eval
length_out_of_range,ALGVATS,amp_diffusion_train_eval
length_out_of_range,ALGVATS,amp_diffusion_train_eval
length_out_of_range,ALGVATS,amp_diffusion_train_eval
length_out_of_range,ALGVATS,amp_diffusion_train_eval
length_out_of_range,ALGVATS,amp_diffusion_train_eval
length_out_of_range,ALGVATS,amp_diffusion_train_eval
length_out_of_range,ALGVATS,amp_diffusion_train_eval
length_out_of_range,ALGVATS,amp_diffusion_train_eval
length_out_of_range,ALGVATS,amp_diffusion_train_eval
length_out_of_range,ALGVATS,amp_diffusion_train_eval
length_out_of_range,ALGVATS,amp_diffusion_train_eval
length_out_of_range,RRSMKRK,amp_diffusion_train_eval
length_out_of_range,RRSMKRK,amp_diffusion_train_eval
length_out_of_range,RRSMKRK,amp_diffusion_train_eval
length_out_of_range,RRSMKRK,amp_diffusion_train_eval
length_out_of_range,RRSMKRK,amp_diffusion_train_eval
length_out_of_range,RRSMKRK,amp_diffusion_train_eval
length_out_of_range,RRSMKRK,amp_diffusion_train_eval
length_out_of_range,RRSMKRK,amp_diffusion_train_eval
length_out_of_range,RRSMKRK,amp_diffusion_train_eval
length_out_of_range,RRSMKRK,amp_diffusion_train_eval
length_out_of_range,RRSMKRK,amp_diffusion_train_eval
length_out_of_range,GENERAL,amp_diffusion_train_eval
length_out_of_range,GENERAL,amp_diffusion_train_eval
length_out_of_range,GENERAL,amp_diffusion_train_eval
length_out_of_range,GENERAL,amp_diffusion_train_eval
length_out_of_range,GENERAL,amp_diffusion_train_eval
length_out_of_range,GENERAL,amp_diffusion_train_eval
length_out_of_range,GENERAL,amp_diffusion_train_eval
length_out_of_range,GENERAL,amp_diffusion_train_eval
length_out_of_range,GENERAL,amp_diffusion_train_eval
length_out_of_range,GENERAL,amp_diffusion_train_eval
length_out_of_range,GENERAL,amp_diffusion_train_eval
length_out_of_range,RNMRK,amp_diffusion_train_eval
length_out_of_range,RNMRK,amp_diffusion_train_eval
length_out_of_range,RNMRK,amp_diffusion_train_eval
length_out_of_range,RNMRK,amp_diffusion_train_eval
length_out_of_range,RNMRK,amp_diffusion_train_eval
length_out_of_range,RNMRK,amp_diffusion_train_eval
length_out_of_range,RNMRK,amp_diffusion_train_eval
length_out_of_range,RNMRK,amp_diffusion_train_eval
length_out_of_range,RNMRK,amp_diffusion_train_eval
length_out_of_range,RNMRK,amp_diffusion_train_eval
length_out_of_range,RNMRK,amp_diffusion_train_eval
length_out_of_range,RRVVR,amp_diffusion_train_eval
length_out_of_range,RRVVR,amp_diffusion_train_eval
length_out_of_range,RRVVR,amp_diffusion_train_eval
length_out_of_range,RRVVR,amp_diffusion_train_eval
length_out_of_range,RRVVR,amp_diffusion_train_eval
length_out_of_range,RRVVR,amp_diffusion_train_eval
length_out_of_range,RRVVR,amp_diffusion_train_eval
length_out_of_range,RRVVR,amp_diffusion_train_eval
length_out_of_range,RRVVR,amp_diffusion_train_eval
length_out_of_range,RRVVR,amp_diffusion_train_eval
length_out_of_range,RRVVR,amp_diffusion_train_eval
length_out_of_range,KWVKWI,amp_diffusion_train_eval
length_out_of_range,KWVKWI,amp_diffusion_train_eval
length_out_of_range,KWVKWI,amp_diffusion_train_eval
length_out_of_range,KWVKWI,amp_diffusion_train_eval
length_out_of_range,KWVKWI,amp_diffusion_train_eval
length_out_of_range,KWVKWI,amp_diffusion_train_eval
length_out_of_range,KWVKWI,amp_diffusion_train_eval
length_out_of_range,KWVKWI,amp_diffusion_train_eval
length_out_of_range,KWVKWI,amp_diffusion_train_eval
length_out_of_range,KWVKWI,amp_diffusion_train_eval
length_out_of_range,KWVKWI,amp_diffusion_train_eval
length_out_of_range,RHRH,amp_diffusion_train_eval
length_out_of_range,RHRH,amp_diffusion_train_eval
length_out_of_range,RHRH,amp_diffusion_train_eval
length_out_of_range,RHRH,amp_diffusion_train_eval
length_out_of_range,RHRH,amp_diffusion_train_eval
length_out_of_range,RHRH,amp_diffusion_train_eval
length_out_of_range,RHRH,amp_diffusion_train_eval
length_out_of_range,RHRH,amp_diffusion_train_eval
length_out_of_range,RHRH,amp_diffusion_train_eval
length_out_of_range,RHRH,amp_diffusion_train_eval
length_out_of_range,RHRH,amp_diffusion_train_eval
length_out_of_range,EFVFLM,amp_diffusion_train_eval
length_out_of_range,EFVFLM,amp_diffusion_train_eval
length_out_of_range,EFVFLM,amp_diffusion_train_eval
length_out_of_range,EFVFLM,amp_diffusion_train_eval
length_out_of_range,EFVFLM,amp_diffusion_train_eval
length_out_of_range,EFVFLM,amp_diffusion_train_eval
length_out_of_range,EFVFLM,amp_diffusion_train_eval
length_out_of_range,EFVFLM,amp_diffusion_train_eval
length_out_of_range,EFVFLM,amp_diffusion_train_eval
length_out_of_range,EFVFLM,amp_diffusion_train_eval
length_out_of_range,EFVFLM,amp_diffusion_train_eval
length_out_of_range,IYEPEIA,amp_diffusion_train_eval
length_out_of_range,IYEPEIA,amp_diffusion_train_eval
length_out_of_range,IYEPEIA,amp_diffusion_train_eval
length_out_of_range,IYEPEIA,amp_diffusion_train_eval
length_out_of_range,IYEPEIA,amp_diffusion_train_eval
length_out_of_range,IYEPEIA,amp_diffusion_train_eval
length_out_of_range,IYEPEIA,amp_diffusion_train_eval
length_out_of_range,IYEPEIA,amp_diffusion_train_eval
length_out_of_range,IYEPEIA,amp_diffusion_train_eval
length_out_of_range,IYEPEIA,amp_diffusion_train_eval
length_out_of_range,IYEPEIA,amp_diffusion_train_eval
length_out_of_range,RRRRRRR,amp_diffusion_train_eval
length_out_of_range,RRRRRRR,amp_diffusion_train_eval
length_out_of_range,RRRRRRR,amp_diffusion_train_eval
length_out_of_range,RRRRRRR,amp_diffusion_train_eval
length_out_of_range,RRRRRRR,amp_diffusion_train_eval
length_out_of_range,RRRRRRR,amp_diffusion_train_eval
length_out_of_range,RRRRRRR,amp_diffusion_train_eval
length_out_of_range,RRRRRRR,amp_diffusion_train_eval
length_out_of_range,RRRRRRR,amp_diffusion_train_eval
length_out_of_range,RRRRRRR,amp_diffusion_train_eval
length_out_of_range,RRRRRRR,amp_diffusion_train_eval
length_out_of_range,HPDYNPK,amp_diffusion_train_eval
length_out_of_range,HPDYNPK,amp_diffusion_train_eval
length_out_of_range,HPDYNPK,amp_diffusion_train_eval
length_out_of_range,HPDYNPK,amp_diffusion_train_eval
length_out_of_range,HPDYNPK,amp_diffusion_train_eval
length_out_of_range,HPDYNPK,amp_diffusion_train_eval
length_out_of_range,HPDYNPK,amp_diffusion_train_eval
length_out_of_range,HPDYNPK,amp_diffusion_train_eval
length_out_of_range,HPDYNPK,amp_diffusion_train_eval
length_out_of_range,HPDYNPK,amp_diffusion_train_eval
length_out_of_range,HPDYNPK,amp_diffusion_train_eval
length_out_of_range,RIRVAV,amp_diffusion_train_eval
length_out_of_range,RIRVAV,amp_diffusion_train_eval
length_out_of_range,RIRVAV,amp_diffusion_train_eval
length_out_of_range,RIRVAV,amp_diffusion_train_eval
length_out_of_range,RIRVAV,amp_diffusion_train_eval
length_out_of_range,RIRVAV,amp_diffusion_train_eval
length_out_of_range,RIRVAV,amp_diffusion_train_eval
length_out_of_range,RIRVAV,amp_diffusion_train_eval
length_out_of_range,RIRVAV,amp_diffusion_train_eval
length_out_of_range,RIRVAV,amp_diffusion_train_eval
length_out_of_range,RIRVAV,amp_diffusion_train_eval
length_out_of_range,LRWQ,amp_diffusion_train_eval
length_out_of_range,LRWQ,amp_diffusion_train_eval
length_out_of_range,LRWQ,amp_diffusion_train_eval
length_out_of_range,LRWQ,amp_diffusion_train_eval
length_out_of_range,LRWQ,amp_diffusion_train_eval
length_out_of_range,LRWQ,amp_diffusion_train_eval
length_out_of_range,LRWQ,amp_diffusion_train_eval
length_out_of_range,LRWQ,amp_diffusion_train_eval
length_out_of_range,LRWQ,amp_diffusion_train_eval
length_out_of_range,LRWQ,amp_diffusion_train_eval
length_out_of_range,LRWQ,amp_diffusion_train_eval
length_out_of_range,FPPWF,amp_diffusion_train_eval
length_out_of_range,FPPWF,amp_diffusion_train_eval
length_out_of_range,FPPWF,amp_diffusion_train_eval
length_out_of_range,FPPWF,amp_diffusion_train_eval
length_out_of_range,FPPWF,amp_diffusion_train_eval
length_out_of_range,FPPWF,amp_diffusion_train_eval
length_out_of_range,FPPWF,amp_diffusion_train_eval
length_out_of_range,FPPWF,amp_diffusion_train_eval
length_out_of_range,FPPWF,amp_diffusion_train_eval
length_out_of_range,FPPWF,amp_diffusion_train_eval
length_out_of_range,FPPWF,amp_diffusion_train_eval
length_out_of_range,FWRWRWR,amp_diffusion_train_eval
length_out_of_range,FWRWRWR,amp_diffusion_train_eval
length_out_of_range,FWRWRWR,amp_diffusion_train_eval
length_out_of_range,FWRWRWR,amp_diffusion_train_eval
length_out_of_range,FWRWRWR,amp_diffusion_train_eval
length_out_of_range,FWRWRWR,amp_diffusion_train_eval
length_out_of_range,FWRWRWR,amp_diffusion_train_eval
length_out_of_range,FWRWRWR,amp_diffusion_train_eval
length_out_of_range,FWRWRWR,amp_diffusion_train_eval
length_out_of_range,FWRWRWR,amp_diffusion_train_eval
length_out_of_range,FWRWRWR,amp_diffusion_train_eval
length_out_of_range,RWWRWRR,amp_diffusion_train_eval
length_out_of_range,RWWRWRR,amp_diffusion_train_eval
length_out_of_range,RWWRWRR,amp_diffusion_train_eval
length_out_of_range,RWWRWRR,amp_diffusion_train_eval
length_out_of_range,RWWRWRR,amp_diffusion_train_eval
length_out_of_range,RWWRWRR,amp_diffusion_train_eval
length_out_of_range,RWWRWRR,amp_diffusion_train_eval
length_out_of_range,RWWRWRR,amp_diffusion_train_eval
length_out_of_range,RWWRWRR,amp_diffusion_train_eval
length_out_of_range,RWWRWRR,amp_diffusion_train_eval
length_out_of_range,RWWRWRR,amp_diffusion_train_eval
length_out_of_range,TPEP,amp_diffusion_train_eval
length_out_of_range,TPEP,amp_diffusion_train_eval
length_out_of_range,TPEP,amp_diffusion_train_eval
length_out_of_range,TPEP,amp_diffusion_train_eval
length_out_of_range,TPEP,amp_diffusion_train_eval
length_out_of_range,TPEP,amp_diffusion_train_eval
length_out_of_range,TPEP,amp_diffusion_train_eval
length_out_of_range,TPEP,amp_diffusion_train_eval
length_out_of_range,TPEP,amp_diffusion_train_eval
length_out_of_range,TPEP,amp_diffusion_train_eval
length_out_of_range,TPEP,amp_diffusion_train_eval
length_out_of_range,WRRFWRR,amp_diffusion_train_eval
length_out_of_range,WRRFWRR,amp_diffusion_train_eval
length_out_of_range,WRRFWRR,amp_diffusion_train_eval
length_out_of_range,WRRFWRR,amp_diffusion_train_eval
length_out_of_range,WRRFWRR,amp_diffusion_train_eval
length_out_of_range,WRRFWRR,amp_diffusion_train_eval
length_out_of_range,WRRFWRR,amp_diffusion_train_eval
length_out_of_range,WRRFWRR,amp_diffusion_train_eval
length_out_of_range,WRRFWRR,amp_diffusion_train_eval
length_out_of_range,WRRFWRR,amp_diffusion_train_eval
length_out_of_range,WRRFWRR,amp_diffusion_train_eval
length_out_of_range,AMVSS,amp_diffusion_train_eval
length_out_of_range,AMVSS,amp_diffusion_train_eval
length_out_of_range,AMVSS,amp_diffusion_train_eval
length_out_of_range,AMVSS,amp_diffusion_train_eval
length_out_of_range,AMVSS,amp_diffusion_train_eval
length_out_of_range,AMVSS,amp_diffusion_train_eval
length_out_of_range,AMVSS,amp_diffusion_train_eval
length_out_of_range,AMVSS,amp_diffusion_train_eval
length_out_of_range,AMVSS,amp_diffusion_train_eval
length_out_of_range,AMVSS,amp_diffusion_train_eval
length_out_of_range,AMVSS,amp_diffusion_train_eval
length_out_of_range,KLLSHSL,amp_diffusion_train_eval
length_out_of_range,KLLSHSL,amp_diffusion_train_eval
length_out_of_range,KLLSHSL,amp_diffusion_train_eval
length_out_of_range,KLLSHSL,amp_diffusion_train_eval
length_out_of_range,KLLSHSL,amp_diffusion_train_eval
length_out_of_range,KLLSHSL,amp_diffusion_train_eval
length_out_of_range,KLLSHSL,amp_diffusion_train_eval
length_out_of_range,KLLSHSL,amp_diffusion_train_eval
length_out_of_range,KLLSHSL,amp_diffusion_train_eval
length_out_of_range,KLLSHSL,amp_diffusion_train_eval
length_out_of_range,KLLSHSL,amp_diffusion_train_eval
length_out_of_range,GGGGS,amp_diffusion_train_eval
length_out_of_range,GGGGS,amp_diffusion_train_eval
length_out_of_range,GGGGS,amp_diffusion_train_eval
length_out_of_range,GGGGS,amp_diffusion_train_eval
length_out_of_range,GGGGS,amp_diffusion_train_eval
length_out_of_range,GGGGS,amp_diffusion_train_eval
length_out_of_range,GGGGS,amp_diffusion_train_eval
length_out_of_range,GGGGS,amp_diffusion_train_eval
length_out_of_range,GGGGS,amp_diffusion_train_eval
length_out_of_range,GGGGS,amp_diffusion_train_eval
length_out_of_range,GGGGS,amp_diffusion_train_eval
length_out_of_range,PA,amp_diffusion_train_eval
length_out_of_range,PA,amp_diffusion_train_eval
length_out_of_range,PA,amp_diffusion_train_eval
length_out_of_range,PA,amp_diffusion_train_eval
length_out_of_range,PA,amp_diffusion_train_eval
length_out_of_range,PA,amp_diffusion_train_eval
length_out_of_range,PA,amp_diffusion_train_eval
length_out_of_range,PA,amp_diffusion_train_eval
length_out_of_range,PA,amp_diffusion_train_eval
length_out_of_range,PA,amp_diffusion_train_eval
length_out_of_range,PA,amp_diffusion_train_eval
length_out_of_range,PWWKASS,amp_diffusion_train_eval
length_out_of_range,PWWKASS,amp_diffusion_train_eval
length_out_of_range,PWWKASS,amp_diffusion_train_eval
length_out_of_range,PWWKASS,amp_diffusion_train_eval
length_out_of_range,PWWKASS,amp_diffusion_train_eval
length_out_of_range,PWWKASS,amp_diffusion_train_eval
length_out_of_range,PWWKASS,amp_diffusion_train_eval
length_out_of_range,PWWKASS,amp_diffusion_train_eval
length_out_of_range,PWWKASS,amp_diffusion_train_eval
length_out_of_range,PWWKASS,amp_diffusion_train_eval
length_out_of_range,PWWKASS,amp_diffusion_train_eval
length_out_of_range,FWC,amp_diffusion_train_eval
length_out_of_range,FWC,amp_diffusion_train_eval
length_out_of_range,FWC,amp_diffusion_train_eval
length_out_of_range,FWC,amp_diffusion_train_eval
length_out_of_range,FWC,amp_diffusion_train_eval
length_out_of_range,FWC,amp_diffusion_train_eval
length_out_of_range,FWC,amp_diffusion_train_eval
length_out_of_range,FWC,amp_diffusion_train_eval
length_out_of_range,FWC,amp_diffusion_train_eval
length_out_of_range,FWC,amp_diffusion_train_eval
length_out_of_range,FWC,amp_diffusion_train_eval
length_out_of_range,KRFCFKK,amp_diffusion_train_eval
length_out_of_range,KRFCFKK,amp_diffusion_train_eval
length_out_of_range,KRFCFKK,amp_diffusion_train_eval
length_out_of_range,KRFCFKK,amp_diffusion_train_eval
length_out_of_range,KRFCFKK,amp_diffusion_train_eval
length_out_of_range,KRFCFKK,amp_diffusion_train_eval
length_out_of_range,KRFCFKK,amp_diffusion_train_eval
length_out_of_range,KRFCFKK,amp_diffusion_train_eval
length_out_of_range,KRFCFKK,amp_diffusion_train_eval
length_out_of_range,KRFCFKK,amp_diffusion_train_eval
length_out_of_range,KRFCFKK,amp_diffusion_train_eval
length_out_of_range,GKHWWW,amp_diffusion_train_eval
length_out_of_range,GKHWWW,amp_diffusion_train_eval
length_out_of_range,GKHWWW,amp_diffusion_train_eval
length_out_of_range,GKHWWW,amp_diffusion_train_eval
length_out_of_range,GKHWWW,amp_diffusion_train_eval
length_out_of_range,GKHWWW,amp_diffusion_train_eval
length_out_of_range,GKHWWW,amp_diffusion_train_eval
length_out_of_range,GKHWWW,amp_diffusion_train_eval
length_out_of_range,GKHWWW,amp_diffusion_train_eval
length_out_of_range,GKHWWW,amp_diffusion_train_eval
length_out_of_range,GKHWWW,amp_diffusion_train_eval
length_out_of_range,YLEQLLR,amp_diffusion_train_eval
length_out_of_range,YLEQLLR,amp_diffusion_train_eval
length_out_of_range,YLEQLLR,amp_diffusion_train_eval
length_out_of_range,YLEQLLR,amp_diffusion_train_eval
length_out_of_range,YLEQLLR,amp_diffusion_train_eval
length_out_of_range,YLEQLLR,amp_diffusion_train_eval
length_out_of_range,YLEQLLR,amp_diffusion_train_eval
length_out_of_range,YLEQLLR,amp_diffusion_train_eval
length_out_of_range,YLEQLLR,amp_diffusion_train_eval
length_out_of_range,YLEQLLR,amp_diffusion_train_eval
length_out_of_range,YLEQLLR,amp_diffusion_train_eval
length_out_of_range,LLEYSI,amp_diffusion_train_eval
length_out_of_range,LLEYSI,amp_diffusion_train_eval
length_out_of_range,LLEYSI,amp_diffusion_train_eval
length_out_of_range,LLEYSI,amp_diffusion_train_eval
length_out_of_range,LLEYSI,amp_diffusion_train_eval
length_out_of_range,LLEYSI,amp_diffusion_train_eval
length_out_of_range,LLEYSI,amp_diffusion_train_eval
length_out_of_range,LLEYSI,amp_diffusion_train_eval
length_out_of_range,LLEYSI,amp_diffusion_train_eval
length_out_of_range,LLEYSI,amp_diffusion_train_eval
length_out_of_range,LLEYSI,amp_diffusion_train_eval
length_out_of_range,KKVAVVR,amp_diffusion_train_eval
length_out_of_range,KKVAVVR,amp_diffusion_train_eval
length_out_of_range,KKVAVVR,amp_diffusion_train_eval
length_out_of_range,KKVAVVR,amp_diffusion_train_eval
length_out_of_range,KKVAVVR,amp_diffusion_train_eval
length_out_of_range,KKVAVVR,amp_diffusion_train_eval
length_out_of_range,KKVAVVR,amp_diffusion_train_eval
length_out_of_range,KKVAVVR,amp_diffusion_train_eval
length_out_of_range,KKVAVVR,amp_diffusion_train_eval
length_out_of_range,KKVAVVR,amp_diffusion_train_eval
length_out_of_range,KKVAVVR,amp_diffusion_train_eval
length_out_of_range,GRSRW,amp_diffusion_train_eval
length_out_of_range,GRSRW,amp_diffusion_train_eval
length_out_of_range,GRSRW,amp_diffusion_train_eval
length_out_of_range,GRSRW,amp_diffusion_train_eval
length_out_of_range,GRSRW,amp_diffusion_train_eval
length_out_of_range,GRSRW,amp_diffusion_train_eval
length_out_of_range,GRSRW,amp_diffusion_train_eval
length_out_of_range,GRSRW,amp_diffusion_train_eval
length_out_of_range,GRSRW,amp_diffusion_train_eval
length_out_of_range,GRSRW,amp_diffusion_train_eval
length_out_of_range,GRSRW,amp_diffusion_train_eval
length_out_of_range,GQSQW,amp_diffusion_train_eval
length_out_of_range,GQSQW,amp_diffusion_train_eval
length_out_of_range,GQSQW,amp_diffusion_train_eval
length_out_of_range,GQSQW,amp_diffusion_train_eval
length_out_of_range,GQSQW,amp_diffusion_train_eval
length_out_of_range,GQSQW,amp_diffusion_train_eval
length_out_of_range,GQSQW,amp_diffusion_train_eval
length_out_of_range,GQSQW,amp_diffusion_train_eval
length_out_of_range,GQSQW,amp_diffusion_train_eval
length_out_of_range,GQSQW,amp_diffusion_train_eval
length_out_of_range,GQSQW,amp_diffusion_train_eval
length_out_of_range,FITVH,amp_diffusion_train_eval
length_out_of_range,FITVH,amp_diffusion_train_eval
length_out_of_range,FITVH,amp_diffusion_train_eval
length_out_of_range,FITVH,amp_diffusion_train_eval
length_out_of_range,FITVH,amp_diffusion_train_eval
length_out_of_range,FITVH,amp_diffusion_train_eval
length_out_of_range,FITVH,amp_diffusion_train_eval
length_out_of_range,FITVH,amp_diffusion_train_eval
length_out_of_range,FITVH,amp_diffusion_train_eval
length_out_of_range,FITVH,amp_diffusion_train_eval
length_out_of_range,FITVH,amp_diffusion_train_eval
length_out_of_range,WS,amp_diffusion_train_eval
length_out_of_range,WS,amp_diffusion_train_eval
length_out_of_range,WS,amp_diffusion_train_eval
length_out_of_range,WS,amp_diffusion_train_eval
length_out_of_range,WS,amp_diffusion_train_eval
length_out_of_range,WS,amp_diffusion_train_eval
length_out_of_range,WS,amp_diffusion_train_eval
length_out_of_range,WS,amp_diffusion_train_eval
length_out_of_range,WS,amp_diffusion_train_eval
length_out_of_range,WS,amp_diffusion_train_eval
length_out_of_range,WS,amp_diffusion_train_eval
length_out_of_range,CCGG,amp_diffusion_train_eval
length_out_of_range,CCGG,amp_diffusion_train_eval
length_out_of_range,CCGG,amp_diffusion_train_eval
length_out_of_range,CCGG,amp_diffusion_train_eval
length_out_of_range,CCGG,amp_diffusion_train_eval
length_out_of_range,CCGG,amp_diffusion_train_eval
length_out_of_range,CCGG,amp_diffusion_train_eval
length_out_of_range,CCGG,amp_diffusion_train_eval
length_out_of_range,CCGG,amp_diffusion_train_eval
length_out_of_range,CCGG,amp_diffusion_train_eval
length_out_of_range,CCGG,amp_diffusion_train_eval
length_out_of_range,QAK,amp_diffusion_train_eval
length_out_of_range,QAK,amp_diffusion_train_eval
length_out_of_range,QAK,amp_diffusion_train_eval
length_out_of_range,QAK,amp_diffusion_train_eval
length_out_of_range,QAK,amp_diffusion_train_eval
length_out_of_range,QAK,amp_diffusion_train_eval
length_out_of_range,QAK,amp_diffusion_train_eval
length_out_of_range,QAK,amp_diffusion_train_eval
length_out_of_range,QAK,amp_diffusion_train_eval
length_out_of_range,QAK,amp_diffusion_train_eval
length_out_of_range,QAK,amp_diffusion_train_eval
length_out_of_range,NGWLLI,amp_diffusion_train_eval
length_out_of_range,NGWLLI,amp_diffusion_train_eval
length_out_of_range,NGWLLI,amp_diffusion_train_eval
length_out_of_range,NGWLLI,amp_diffusion_train_eval
length_out_of_range,NGWLLI,amp_diffusion_train_eval
length_out_of_range,NGWLLI,amp_diffusion_train_eval
length_out_of_range,NGWLLI,amp_diffusion_train_eval
length_out_of_range,NGWLLI,amp_diffusion_train_eval
length_out_of_range,NGWLLI,amp_diffusion_train_eval
length_out_of_range,NGWLLI,amp_diffusion_train_eval
length_out_of_range,NGWLLI,amp_diffusion_train_eval
length_out_of_range,RRWRWRR,amp_diffusion_train_eval
length_out_of_range,RRWRWRR,amp_diffusion_train_eval
length_out_of_range,RRWRWRR,amp_diffusion_train_eval
length_out_of_range,RRWRWRR,amp_diffusion_train_eval
length_out_of_range,RRWRWRR,amp_diffusion_train_eval
length_out_of_range,RRWRWRR,amp_diffusion_train_eval
length_out_of_range,RRWRWRR,amp_diffusion_train_eval
length_out_of_range,RRWRWRR,amp_diffusion_train_eval
length_out_of_range,RRWRWRR,amp_diffusion_train_eval
length_out_of_range,RRWRWRR,amp_diffusion_train_eval
length_out_of_range,RRWRWRR,amp_diffusion_train_eval
length_out_of_range,KAKRQR,amp_diffusion_train_eval
length_out_of_range,KAKRQR,amp_diffusion_train_eval
length_out_of_range,KAKRQR,amp_diffusion_train_eval
length_out_of_range,KAKRQR,amp_diffusion_train_eval
length_out_of_range,KAKRQR,amp_diffusion_train_eval
length_out_of_range,KAKRQR,amp_diffusion_train_eval
length_out_of_range,KAKRQR,amp_diffusion_train_eval
length_out_of_range,KAKRQR,amp_diffusion_train_eval
length_out_of_range,KAKRQR,amp_diffusion_train_eval
length_out_of_range,KAKRQR,amp_diffusion_train_eval
length_out_of_range,KAKRQR,amp_diffusion_train_eval
length_out_of_range,HY,amp_diffusion_train_eval
length_out_of_range,HY,amp_diffusion_train_eval
length_out_of_range,HY,amp_diffusion_train_eval
length_out_of_range,HY,amp_diffusion_train_eval
length_out_of_range,HY,amp_diffusion_train_eval
length_out_of_range,HY,amp_diffusion_train_eval
length_out_of_range,HY,amp_diffusion_train_eval
length_out_of_range,HY,amp_diffusion_train_eval
length_out_of_range,HY,amp_diffusion_train_eval
length_out_of_range,HY,amp_diffusion_train_eval
length_out_of_range,HY,amp_diffusion_train_eval
length_out_of_range,RKKWFW,amp_diffusion_train_eval
length_out_of_range,RKKWFW,amp_diffusion_train_eval
length_out_of_range,RKKWFW,amp_diffusion_train_eval
length_out_of_range,RKKWFW,amp_diffusion_train_eval
length_out_of_range,RKKWFW,amp_diffusion_train_eval
length_out_of_range,RKKWFW,amp_diffusion_train_eval
length_out_of_range,RKKWFW,amp_diffusion_train_eval
length_out_of_range,RKKWFW,amp_diffusion_train_eval
length_out_of_range,RKKWFW,amp_diffusion_train_eval
length_out_of_range,RKKWFW,amp_diffusion_train_eval
length_out_of_range,RKKWFW,amp_diffusion_train_eval
length_out_of_range,LYLGAV,amp_diffusion_train_eval
length_out_of_range,LYLGAV,amp_diffusion_train_eval
length_out_of_range,LYLGAV,amp_diffusion_train_eval
length_out_of_range,LYLGAV,amp_diffusion_train_eval
length_out_of_range,LYLGAV,amp_diffusion_train_eval
length_out_of_range,LYLGAV,amp_diffusion_train_eval
length_out_of_range,LYLGAV,amp_diffusion_train_eval
length_out_of_range,LYLGAV,amp_diffusion_train_eval
length_out_of_range,LYLGAV,amp_diffusion_train_eval
length_out_of_range,LYLGAV,amp_diffusion_train_eval
length_out_of_range,LYLGAV,amp_diffusion_train_eval
length_out_of_range,WLVING,amp_diffusion_train_eval
length_out_of_range,WLVING,amp_diffusion_train_eval
length_out_of_range,WLVING,amp_diffusion_train_eval
length_out_of_range,WLVING,amp_diffusion_train_eval
length_out_of_range,WLVING,amp_diffusion_train_eval
length_out_of_range,WLVING,amp_diffusion_train_eval
length_out_of_range,WLVING,amp_diffusion_train_eval
length_out_of_range,WLVING,amp_diffusion_train_eval
length_out_of_range,WLVING,amp_diffusion_train_eval
length_out_of_range,WLVING,amp_diffusion_train_eval
length_out_of_range,WLVING,amp_diffusion_train_eval
length_out_of_range,FYPFG,amp_diffusion_train_eval
length_out_of_range,FYPFG,amp_diffusion_train_eval
length_out_of_range,FYPFG,amp_diffusion_train_eval
length_out_of_range,FYPFG,amp_diffusion_train_eval
length_out_of_range,FYPFG,amp_diffusion_train_eval
length_out_of_range,FYPFG,amp_diffusion_train_eval
length_out_of_range,FYPFG,amp_diffusion_train_eval
length_out_of_range,FYPFG,amp_diffusion_train_eval
length_out_of_range,FYPFG,amp_diffusion_train_eval
length_out_of_range,FYPFG,amp_diffusion_train_eval
length_out_of_range,FYPFG,amp_diffusion_train_eval
length_out_of_range,PGTAAFK,amp_diffusion_train_eval
length_out_of_range,PGTAAFK,amp_diffusion_train_eval
length_out_of_range,PGTAAFK,amp_diffusion_train_eval
length_out_of_range,PGTAAFK,amp_diffusion_train_eval
length_out_of_range,PGTAAFK,amp_diffusion_train_eval
length_out_of_range,PGTAAFK,amp_diffusion_train_eval
length_out_of_range,PGTAAFK,amp_diffusion_train_eval
length_out_of_range,PGTAAFK,amp_diffusion_train_eval
length_out_of_range,PGTAAFK,amp_diffusion_train_eval
length_out_of_range,PGTAAFK,amp_diffusion_train_eval
length_out_of_range,PGTAAFK,amp_diffusion_train_eval
length_out_of_range,VEVE,amp_diffusion_train_eval
length_out_of_range,VEVE,amp_diffusion_train_eval
length_out_of_range,VEVE,amp_diffusion_train_eval
length_out_of_range,VEVE,amp_diffusion_train_eval
length_out_of_range,VEVE,amp_diffusion_train_eval
length_out_of_range,VEVE,amp_diffusion_train_eval
length_out_of_range,VEVE,amp_diffusion_train_eval
length_out_of_range,VEVE,amp_diffusion_train_eval
length_out_of_range,VEVE,amp_diffusion_train_eval
length_out_of_range,VEVE,amp_diffusion_train_eval
length_out_of_range,VEVE,amp_diffusion_train_eval
length_out_of_range,IVVIRVA,amp_diffusion_train_eval
length_out_of_range,IVVIRVA,amp_diffusion_train_eval
length_out_of_range,IVVIRVA,amp_diffusion_train_eval
length_out_of_range,IVVIRVA,amp_diffusion_train_eval
length_out_of_range,IVVIRVA,amp_diffusion_train_eval
length_out_of_range,IVVIRVA,amp_diffusion_train_eval
length_out_of_range,IVVIRVA,amp_diffusion_train_eval
length_out_of_range,IVVIRVA,amp_diffusion_train_eval
length_out_of_range,IVVIRVA,amp_diffusion_train_eval
length_out_of_range,IVVIRVA,amp_diffusion_train_eval
length_out_of_range,IVVIRVA,amp_diffusion_train_eval
length_out_of_range,LLDVLLE,amp_diffusion_train_eval
length_out_of_range,LLDVLLE,amp_diffusion_train_eval
length_out_of_range,LLDVLLE,amp_diffusion_train_eval
length_out_of_range,LLDVLLE,amp_diffusion_train_eval
length_out_of_range,LLDVLLE,amp_diffusion_train_eval
length_out_of_range,LLDVLLE,amp_diffusion_train_eval
length_out_of_range,LLDVLLE,amp_diffusion_train_eval
length_out_of_range,LLDVLLE,amp_diffusion_train_eval
length_out_of_range,LLDVLLE,amp_diffusion_train_eval
length_out_of_range,LLDVLLE,amp_diffusion_train_eval
length_out_of_range,LLDVLLE,amp_diffusion_train_eval
length_out_of_range,KWWPWRR,amp_diffusion_train_eval
length_out_of_range,KWWPWRR,amp_diffusion_train_eval
length_out_of_range,KWWPWRR,amp_diffusion_train_eval
length_out_of_range,KWWPWRR,amp_diffusion_train_eval
length_out_of_range,KWWPWRR,amp_diffusion_train_eval
length_out_of_range,KWWPWRR,amp_diffusion_train_eval
length_out_of_range,KWWPWRR,amp_diffusion_train_eval
length_out_of_range,KWWPWRR,amp_diffusion_train_eval
length_out_of_range,KWWPWRR,amp_diffusion_train_eval
length_out_of_range,KWWPWRR,amp_diffusion_train_eval
length_out_of_range,KWWPWRR,amp_diffusion_train_eval
length_out_of_range,AIQRCC,amp_diffusion_train_eval
length_out_of_range,AIQRCC,amp_diffusion_train_eval
length_out_of_range,AIQRCC,amp_diffusion_train_eval
length_out_of_range,AIQRCC,amp_diffusion_train_eval
length_out_of_range,AIQRCC,amp_diffusion_train_eval
length_out_of_range,AIQRCC,amp_diffusion_train_eval
length_out_of_range,AIQRCC,amp_diffusion_train_eval
length_out_of_range,AIQRCC,amp_diffusion_train_eval
length_out_of_range,AIQRCC,amp_diffusion_train_eval
length_out_of_range,AIQRCC,amp_diffusion_train_eval
length_out_of_range,AIQRCC,amp_diffusion_train_eval
length_out_of_range,KRKIL,amp_diffusion_train_eval
length_out_of_range,KRKIL,amp_diffusion_train_eval
length_out_of_range,KRKIL,amp_diffusion_train_eval
length_out_of_range,KRKIL,amp_diffusion_train_eval
length_out_of_range,KRKIL,amp_diffusion_train_eval
length_out_of_range,KRKIL,amp_diffusion_train_eval
length_out_of_range,KRKIL,amp_diffusion_train_eval
length_out_of_range,KRKIL,amp_diffusion_train_eval
length_out_of_range,KRKIL,amp_diffusion_train_eval
length_out_of_range,KRKIL,amp_diffusion_train_eval
length_out_of_range,KRKIL,amp_diffusion_train_eval
length_out_of_range,SSLLE,amp_diffusion_train_eval
length_out_of_range,SSLLE,amp_diffusion_train_eval
length_out_of_range,SSLLE,amp_diffusion_train_eval
length_out_of_range,SSLLE,amp_diffusion_train_eval
length_out_of_range,SSLLE,amp_diffusion_train_eval
length_out_of_range,SSLLE,amp_diffusion_train_eval
length_out_of_range,SSLLE,amp_diffusion_train_eval
length_out_of_range,SSLLE,amp_diffusion_train_eval
length_out_of_range,SSLLE,amp_diffusion_train_eval
length_out_of_range,SSLLE,amp_diffusion_train_eval
length_out_of_range,SSLLE,amp_diffusion_train_eval
length_out_of_range,LCQRPS,amp_diffusion_train_eval
length_out_of_range,LCQRPS,amp_diffusion_train_eval
length_out_of_range,LCQRPS,amp_diffusion_train_eval
length_out_of_range,LCQRPS,amp_diffusion_train_eval
length_out_of_range,LCQRPS,amp_diffusion_train_eval
length_out_of_range,LCQRPS,amp_diffusion_train_eval
length_out_of_range,LCQRPS,amp_diffusion_train_eval
length_out_of_range,LCQRPS,amp_diffusion_train_eval
length_out_of_range,LCQRPS,amp_diffusion_train_eval
length_out_of_range,LCQRPS,amp_diffusion_train_eval
length_out_of_range,LCQRPS,amp_diffusion_train_eval
length_out_of_range,WNWSKSF,amp_diffusion_train_eval
length_out_of_range,WNWSKSF,amp_diffusion_train_eval
length_out_of_range,WNWSKSF,amp_diffusion_train_eval
length_out_of_range,WNWSKSF,amp_diffusion_train_eval
length_out_of_range,WNWSKSF,amp_diffusion_train_eval
length_out_of_range,WNWSKSF,amp_diffusion_train_eval
length_out_of_range,WNWSKSF,amp_diffusion_train_eval
length_out_of_range,WNWSKSF,amp_diffusion_train_eval
length_out_of_range,WNWSKSF,amp_diffusion_train_eval
length_out_of_range,WNWSKSF,amp_diffusion_train_eval
length_out_of_range,WNWSKSF,amp_diffusion_train_eval
length_out_of_range,YTSVIT,amp_diffusion_train_eval
length_out_of_range,YTSVIT,amp_diffusion_train_eval
length_out_of_range,YTSVIT,amp_diffusion_train_eval
length_out_of_range,YTSVIT,amp_diffusion_train_eval
length_out_of_range,YTSVIT,amp_diffusion_train_eval
length_out_of_range,YTSVIT,amp_diffusion_train_eval
length_out_of_range,YTSVIT,amp_diffusion_train_eval
length_out_of_range,YTSVIT,amp_diffusion_train_eval
length_out_of_range,YTSVIT,amp_diffusion_train_eval
length_out_of_range,YTSVIT,amp_diffusion_train_eval
length_out_of_range,YTSVIT,amp_diffusion_train_eval
length_out_of_range,KTVSWR,amp_diffusion_train_eval
length_out_of_range,KTVSWR,amp_diffusion_train_eval
length_out_of_range,KTVSWR,amp_diffusion_train_eval
length_out_of_range,KTVSWR,amp_diffusion_train_eval
length_out_of_range,KTVSWR,amp_diffusion_train_eval
length_out_of_range,KTVSWR,amp_diffusion_train_eval
length_out_of_range,KTVSWR,amp_diffusion_train_eval
length_out_of_range,KTVSWR,amp_diffusion_train_eval
length_out_of_range,KTVSWR,amp_diffusion_train_eval
length_out_of_range,KTVSWR,amp_diffusion_train_eval
length_out_of_range,KTVSWR,amp_diffusion_train_eval
length_out_of_range,TTMPLW,amp_diffusion_train_eval
length_out_of_range,TTMPLW,amp_diffusion_train_eval
length_out_of_range,TTMPLW,amp_diffusion_train_eval
length_out_of_range,TTMPLW,amp_diffusion_train_eval
length_out_of_range,TTMPLW,amp_diffusion_train_eval
length_out_of_range,TTMPLW,amp_diffusion_train_eval
length_out_of_range,TTMPLW,amp_diffusion_train_eval
length_out_of_range,TTMPLW,amp_diffusion_train_eval
length_out_of_range,TTMPLW,amp_diffusion_train_eval
length_out_of_range,TTMPLW,amp_diffusion_train_eval
length_out_of_range,TTMPLW,amp_diffusion_train_eval
length_out_of_range,TFF,amp_diffusion_train_eval
length_out_of_range,TFF,amp_diffusion_train_eval
length_out_of_range,TFF,amp_diffusion_train_eval
length_out_of_range,TFF,amp_diffusion_train_eval
length_out_of_range,TFF,amp_diffusion_train_eval
length_out_of_range,TFF,amp_diffusion_train_eval
length_out_of_range,TFF,amp_diffusion_train_eval
length_out_of_range,TFF,amp_diffusion_train_eval
length_out_of_range,TFF,amp_diffusion_train_eval
length_out_of_range,TFF,amp_diffusion_train_eval
length_out_of_range,TFF,amp_diffusion_train_eval
length_out_of_range,KWWWWW,amp_diffusion_train_eval
length_out_of_range,KWWWWW,amp_diffusion_train_eval
length_out_of_range,KWWWWW,amp_diffusion_train_eval
length_out_of_range,KWWWWW,amp_diffusion_train_eval
length_out_of_range,KWWWWW,amp_diffusion_train_eval
length_out_of_range,KWWWWW,amp_diffusion_train_eval
length_out_of_range,KWWWWW,amp_diffusion_train_eval
length_out_of_range,KWWWWW,amp_diffusion_train_eval
length_out_of_range,KWWWWW,amp_diffusion_train_eval
length_out_of_range,KWWWWW,amp_diffusion_train_eval
length_out_of_range,KWWWWW,amp_diffusion_train_eval
length_out_of_range,EPEAEP,amp_diffusion_train_eval
length_out_of_range,EPEAEP,amp_diffusion_train_eval
length_out_of_range,EPEAEP,amp_diffusion_train_eval
length_out_of_range,EPEAEP,amp_diffusion_train_eval
length_out_of_range,EPEAEP,amp_diffusion_train_eval
length_out_of_range,EPEAEP,amp_diffusion_train_eval
length_out_of_range,EPEAEP,amp_diffusion_train_eval
length_out_of_range,EPEAEP,amp_diffusion_train_eval
length_out_of_range,EPEAEP,amp_diffusion_train_eval
length_out_of_range,EPEAEP,amp_diffusion_train_eval
length_out_of_range,EPEAEP,amp_diffusion_train_eval
length_out_of_range,LILIKRK,amp_diffusion_train_eval
length_out_of_range,LILIKRK,amp_diffusion_train_eval
length_out_of_range,LILIKRK,amp_diffusion_train_eval
length_out_of_range,LILIKRK,amp_diffusion_train_eval
length_out_of_range,LILIKRK,amp_diffusion_train_eval
length_out_of_range,LILIKRK,amp_diffusion_train_eval
length_out_of_range,LILIKRK,amp_diffusion_train_eval
length_out_of_range,LILIKRK,amp_diffusion_train_eval
length_out_of_range,LILIKRK,amp_diffusion_train_eval
length_out_of_range,LILIKRK,amp_diffusion_train_eval
length_out_of_range,LILIKRK,amp_diffusion_train_eval
length_out_of_range,HSPGGA,amp_diffusion_train_eval
length_out_of_range,HSPGGA,amp_diffusion_train_eval
length_out_of_range,HSPGGA,amp_diffusion_train_eval
length_out_of_range,HSPGGA,amp_diffusion_train_eval
length_out_of_range,HSPGGA,amp_diffusion_train_eval
length_out_of_range,HSPGGA,amp_diffusion_train_eval
length_out_of_range,HSPGGA,amp_diffusion_train_eval
length_out_of_range,HSPGGA,amp_diffusion_train_eval
length_out_of_range,HSPGGA,amp_diffusion_train_eval
length_out_of_range,HSPGGA,amp_diffusion_train_eval
length_out_of_range,HSPGGA,amp_diffusion_train_eval
length_out_of_range,ASA,amp_diffusion_train_eval
length_out_of_range,ASA,amp_diffusion_train_eval
length_out_of_range,ASA,amp_diffusion_train_eval
length_out_of_range,ASA,amp_diffusion_train_eval
length_out_of_range,ASA,amp_diffusion_train_eval
length_out_of_range,ASA,amp_diffusion_train_eval
length_out_of_range,ASA,amp_diffusion_train_eval
length_out_of_range,ASA,amp_diffusion_train_eval
length_out_of_range,ASA,amp_diffusion_train_eval
length_out_of_range,ASA,amp_diffusion_train_eval
length_out_of_range,ASA,amp_diffusion_train_eval
length_out_of_range,KWRWIW,amp_diffusion_train_eval
length_out_of_range,KWRWIW,amp_diffusion_train_eval
length_out_of_range,KWRWIW,amp_diffusion_train_eval
length_out_of_range,KWRWIW,amp_diffusion_train_eval
length_out_of_range,KWRWIW,amp_diffusion_train_eval
length_out_of_range,KWRWIW,amp_diffusion_train_eval
length_out_of_range,KWRWIW,amp_diffusion_train_eval
length_out_of_range,KWRWIW,amp_diffusion_train_eval
length_out_of_range,KWRWIW,amp_diffusion_train_eval
length_out_of_range,KWRWIW,amp_diffusion_train_eval
length_out_of_range,KWRWIW,amp_diffusion_train_eval
length_out_of_range,IIGGR,amp_diffusion_train_eval
length_out_of_range,IIGGR,amp_diffusion_train_eval
length_out_of_range,IIGGR,amp_diffusion_train_eval
length_out_of_range,IIGGR,amp_diffusion_train_eval
length_out_of_range,IIGGR,amp_diffusion_train_eval
length_out_of_range,IIGGR,amp_diffusion_train_eval
length_out_of_range,IIGGR,amp_diffusion_train_eval
length_out_of_range,IIGGR,amp_diffusion_train_eval
length_out_of_range,IIGGR,amp_diffusion_train_eval
length_out_of_range,IIGGR,amp_diffusion_train_eval
length_out_of_range,IIGGR,amp_diffusion_train_eval
length_out_of_range,PKKARED,amp_diffusion_train_eval
length_out_of_range,PKKARED,amp_diffusion_train_eval
length_out_of_range,PKKARED,amp_diffusion_train_eval
length_out_of_range,PKKARED,amp_diffusion_train_eval
length_out_of_range,PKKARED,amp_diffusion_train_eval
length_out_of_range,PKKARED,amp_diffusion_train_eval
length_out_of_range,PKKARED,amp_diffusion_train_eval
length_out_of_range,PKKARED,amp_diffusion_train_eval
length_out_of_range,PKKARED,amp_diffusion_train_eval
length_out_of_range,PKKARED,amp_diffusion_train_eval
length_out_of_range,PKKARED,amp_diffusion_train_eval
length_out_of_range,RKRR,amp_diffusion_train_eval
length_out_of_range,RKRR,amp_diffusion_train_eval
length_out_of_range,RKRR,amp_diffusion_train_eval
length_out_of_range,RKRR,amp_diffusion_train_eval
length_out_of_range,RKRR,amp_diffusion_train_eval
length_out_of_range,RKRR,amp_diffusion_train_eval
length_out_of_range,RKRR,amp_diffusion_train_eval
length_out_of_range,RKRR,amp_diffusion_train_eval
length_out_of_range,RKRR,amp_diffusion_train_eval
length_out_of_range,RKRR,amp_diffusion_train_eval
length_out_of_range,RKRR,amp_diffusion_train_eval
length_out_of_range,ARIVV,amp_diffusion_train_eval
length_out_of_range,ARIVV,amp_diffusion_train_eval
length_out_of_range,ARIVV,amp_diffusion_train_eval
length_out_of_range,ARIVV,amp_diffusion_train_eval
length_out_of_range,ARIVV,amp_diffusion_train_eval
length_out_of_range,ARIVV,amp_diffusion_train_eval
length_out_of_range,ARIVV,amp_diffusion_train_eval
length_out_of_range,ARIVV,amp_diffusion_train_eval
length_out_of_range,ARIVV,amp_diffusion_train_eval
length_out_of_range,ARIVV,amp_diffusion_train_eval
length_out_of_range,ARIVV,amp_diffusion_train_eval
length_out_of_range,HRGL,amp_diffusion_train_eval
length_out_of_range,HRGL,amp_diffusion_train_eval
length_out_of_range,HRGL,amp_diffusion_train_eval
length_out_of_range,HRGL,amp_diffusion_train_eval
length_out_of_range,HRGL,amp_diffusion_train_eval
length_out_of_range,HRGL,amp_diffusion_train_eval
length_out_of_range,HRGL,amp_diffusion_train_eval
length_out_of_range,HRGL,amp_diffusion_train_eval
length_out_of_range,HRGL,amp_diffusion_train_eval
length_out_of_range,HRGL,amp_diffusion_train_eval
length_out_of_range,HRGL,amp_diffusion_train_eval
length_out_of_range,WW,amp_diffusion_train_eval
length_out_of_range,WW,amp_diffusion_train_eval
length_out_of_range,WW,amp_diffusion_train_eval
length_out_of_range,WW,amp_diffusion_train_eval
length_out_of_range,WW,amp_diffusion_train_eval
length_out_of_range,WW,amp_diffusion_train_eval
length_out_of_range,WW,amp_diffusion_train_eval
length_out_of_range,WW,amp_diffusion_train_eval
length_out_of_range,WW,amp_diffusion_train_eval
length_out_of_range,WW,amp_diffusion_train_eval
length_out_of_range,WW,amp_diffusion_train_eval
length_out_of_range,WQR,amp_diffusion_train_eval
length_out_of_range,WQR,amp_diffusion_train_eval
length_out_of_range,WQR,amp_diffusion_train_eval
length_out_of_range,WQR,amp_diffusion_train_eval
length_out_of_range,WQR,amp_diffusion_train_eval
length_out_of_range,WQR,amp_diffusion_train_eval
length_out_of_range,WQR,amp_diffusion_train_eval
length_out_of_range,WQR,amp_diffusion_train_eval
length_out_of_range,WQR,amp_diffusion_train_eval
length_out_of_range,WQR,amp_diffusion_train_eval
length_out_of_range,WQR,amp_diffusion_train_eval
length_out_of_range,IDMR,amp_diffusion_train_eval
length_out_of_range,IDMR,amp_diffusion_train_eval
length_out_of_range,IDMR,amp_diffusion_train_eval
length_out_of_range,IDMR,amp_diffusion_train_eval
length_out_of_range,IDMR,amp_diffusion_train_eval
length_out_of_range,IDMR,amp_diffusion_train_eval
length_out_of_range,IDMR,amp_diffusion_train_eval
length_out_of_range,IDMR,amp_diffusion_train_eval
length_out_of_range,IDMR,amp_diffusion_train_eval
length_out_of_range,IDMR,amp_diffusion_train_eval
length_out_of_range,IDMR,amp_diffusion_train_eval
length_out_of_range,KWLKKWL,amp_diffusion_train_eval
length_out_of_range,KWLKKWL,amp_diffusion_train_eval
length_out_of_range,KWLKKWL,amp_diffusion_train_eval
length_out_of_range,KWLKKWL,amp_diffusion_train_eval
length_out_of_range,KWLKKWL,amp_diffusion_train_eval
length_out_of_range,KWLKKWL,amp_diffusion_train_eval
length_out_of_range,KWLKKWL,amp_diffusion_train_eval
length_out_of_range,KWLKKWL,amp_diffusion_train_eval
length_out_of_range,KWLKKWL,amp_diffusion_train_eval
length_out_of_range,KWLKKWL,amp_diffusion_train_eval
length_out_of_range,KWLKKWL,amp_diffusion_train_eval
length_out_of_range,SKYR,amp_diffusion_train_eval
length_out_of_range,SKYR,amp_diffusion_train_eval
length_out_of_range,SKYR,amp_diffusion_train_eval
length_out_of_range,SKYR,amp_diffusion_train_eval
length_out_of_range,SKYR,amp_diffusion_train_eval
length_out_of_range,SKYR,amp_diffusion_train_eval
length_out_of_range,SKYR,amp_diffusion_train_eval
length_out_of_range,SKYR,amp_diffusion_train_eval
length_out_of_range,SKYR,amp_diffusion_train_eval
length_out_of_range,SKYR,amp_diffusion_train_eval
length_out_of_range,SKYR,amp_diffusion_train_eval
length_out_of_range,KGRWLER,amp_diffusion_train_eval
length_out_of_range,KGRWLER,amp_diffusion_train_eval
length_out_of_range,KGRWLER,amp_diffusion_train_eval
length_out_of_range,KGRWLER,amp_diffusion_train_eval
length_out_of_range,KGRWLER,amp_diffusion_train_eval
length_out_of_range,KGRWLER,amp_diffusion_train_eval
length_out_of_range,KGRWLER,amp_diffusion_train_eval
length_out_of_range,KGRWLER,amp_diffusion_train_eval
length_out_of_range,KGRWLER,amp_diffusion_train_eval
length_out_of_range,KGRWLER,amp_diffusion_train_eval
length_out_of_range,KGRWLER,amp_diffusion_train_eval
length_out_of_range,VTN,amp_diffusion_train_eval
length_out_of_range,VTN,amp_diffusion_train_eval
length_out_of_range,VTN,amp_diffusion_train_eval
length_out_of_range,VTN,amp_diffusion_train_eval
length_out_of_range,VTN,amp_diffusion_train_eval
length_out_of_range,VTN,amp_diffusion_train_eval
length_out_of_range,VTN,amp_diffusion_train_eval
length_out_of_range,VTN,amp_diffusion_train_eval
length_out_of_range,VTN,amp_diffusion_train_eval
length_out_of_range,VTN,amp_diffusion_train_eval
length_out_of_range,VTN,amp_diffusion_train_eval
length_out_of_range,HPDYNQR,amp_diffusion_train_eval
length_out_of_range,HPDYNQR,amp_diffusion_train_eval
length_out_of_range,HPDYNQR,amp_diffusion_train_eval
length_out_of_range,HPDYNQR,amp_diffusion_train_eval
length_out_of_range,HPDYNQR,amp_diffusion_train_eval
length_out_of_range,HPDYNQR,amp_diffusion_train_eval
length_out_of_range,HPDYNQR,amp_diffusion_train_eval
length_out_of_range,HPDYNQR,amp_diffusion_train_eval
length_out_of_range,HPDYNQR,amp_diffusion_train_eval
length_out_of_range,HPDYNQR,amp_diffusion_train_eval
length_out_of_range,HPDYNQR,amp_diffusion_train_eval
length_out_of_range,FV,amp_diffusion_train_eval
length_out_of_range,FV,amp_diffusion_train_eval
length_out_of_range,FV,amp_diffusion_train_eval
length_out_of_range,FV,amp_diffusion_train_eval
length_out_of_range,FV,amp_diffusion_train_eval
length_out_of_range,FV,amp_diffusion_train_eval
length_out_of_range,FV,amp_diffusion_train_eval
length_out_of_range,FV,amp_diffusion_train_eval
length_out_of_range,FV,amp_diffusion_train_eval
length_out_of_range,FV,amp_diffusion_train_eval
length_out_of_range,FV,amp_diffusion_train_eval
length_out_of_range,HPAYDDK,amp_diffusion_train_eval
length_out_of_range,HPAYDDK,amp_diffusion_train_eval
length_out_of_range,HPAYDDK,amp_diffusion_train_eval
length_out_of_range,HPAYDDK,amp_diffusion_train_eval
length_out_of_range,HPAYDDK,amp_diffusion_train_eval
length_out_of_range,HPAYDDK,amp_diffusion_train_eval
length_out_of_range,HPAYDDK,amp_diffusion_train_eval
length_out_of_range,HPAYDDK,amp_diffusion_train_eval
length_out_of_range,HPAYDDK,amp_diffusion_train_eval
length_out_of_range,HPAYDDK,amp_diffusion_train_eval
length_out_of_range,HPAYDDK,amp_diffusion_train_eval
length_out_of_range,RRAARF,amp_diffusion_train_eval
length_out_of_range,RRAARF,amp_diffusion_train_eval
length_out_of_range,RRAARF,amp_diffusion_train_eval
length_out_of_range,RRAARF,amp_diffusion_train_eval
length_out_of_range,RRAARF,amp_diffusion_train_eval
length_out_of_range,RRAARF,amp_diffusion_train_eval
length_out_of_range,RRAARF,amp_diffusion_train_eval
length_out_of_range,RRAARF,amp_diffusion_train_eval
length_out_of_range,RRAARF,amp_diffusion_train_eval
length_out_of_range,RRAARF,amp_diffusion_train_eval
length_out_of_range,RRAARF,amp_diffusion_train_eval
length_out_of_range,KKKKWWW,amp_diffusion_train_eval
length_out_of_range,KKKKWWW,amp_diffusion_train_eval
length_out_of_range,KKKKWWW,amp_diffusion_train_eval
length_out_of_range,KKKKWWW,amp_diffusion_train_eval
length_out_of_range,KKKKWWW,amp_diffusion_train_eval
length_out_of_range,KKKKWWW,amp_diffusion_train_eval
length_out_of_range,KKKKWWW,amp_diffusion_train_eval
length_out_of_range,KKKKWWW,amp_diffusion_train_eval
length_out_of_range,KKKKWWW,amp_diffusion_train_eval
length_out_of_range,KKKKWWW,amp_diffusion_train_eval
length_out_of_range,KKKKWWW,amp_diffusion_train_eval
length_out_of_range,LYPYYPS,amp_diffusion_train_eval
length_out_of_range,LYPYYPS,amp_diffusion_train_eval
length_out_of_range,LYPYYPS,amp_diffusion_train_eval
length_out_of_range,LYPYYPS,amp_diffusion_train_eval
length_out_of_range,LYPYYPS,amp_diffusion_train_eval
length_out_of_range,LYPYYPS,amp_diffusion_train_eval
length_out_of_range,LYPYYPS,amp_diffusion_train_eval
length_out_of_range,LYPYYPS,amp_diffusion_train_eval
length_out_of_range,LYPYYPS,amp_diffusion_train_eval
length_out_of_range,LYPYYPS,amp_diffusion_train_eval
length_out_of_range,LYPYYPS,amp_diffusion_train_eval
length_out_of_range,YPLPFIP,amp_diffusion_train_eval
length_out_of_range,YPLPFIP,amp_diffusion_train_eval
length_out_of_range,YPLPFIP,amp_diffusion_train_eval
length_out_of_range,YPLPFIP,amp_diffusion_train_eval
length_out_of_range,YPLPFIP,amp_diffusion_train_eval
length_out_of_range,YPLPFIP,amp_diffusion_train_eval
length_out_of_range,YPLPFIP,amp_diffusion_train_eval
length_out_of_range,YPLPFIP,amp_diffusion_train_eval
length_out_of_range,YPLPFIP,amp_diffusion_train_eval
length_out_of_range,YPLPFIP,amp_diffusion_train_eval
length_out_of_range,YPLPFIP,amp_diffusion_train_eval
length_out_of_range,PRTE,amp_diffusion_train_eval
length_out_of_range,PRTE,amp_diffusion_train_eval
length_out_of_range,PRTE,amp_diffusion_train_eval
length_out_of_range,PRTE,amp_diffusion_train_eval
length_out_of_range,PRTE,amp_diffusion_train_eval
length_out_of_range,PRTE,amp_diffusion_train_eval
length_out_of_range,PRTE,amp_diffusion_train_eval
length_out_of_range,PRTE,amp_diffusion_train_eval
length_out_of_range,PRTE,amp_diffusion_train_eval
length_out_of_range,PRTE,amp_diffusion_train_eval
length_out_of_range,PRTE,amp_diffusion_train_eval
length_out_of_range,KKPTSAK,amp_diffusion_train_eval
length_out_of_range,KKPTSAK,amp_diffusion_train_eval
length_out_of_range,KKPTSAK,amp_diffusion_train_eval
length_out_of_range,KKPTSAK,amp_diffusion_train_eval
length_out_of_range,KKPTSAK,amp_diffusion_train_eval
length_out_of_range,KKPTSAK,amp_diffusion_train_eval
length_out_of_range,KKPTSAK,amp_diffusion_train_eval
length_out_of_range,KKPTSAK,amp_diffusion_train_eval
length_out_of_range,KKPTSAK,amp_diffusion_train_eval
length_out_of_range,KKPTSAK,amp_diffusion_train_eval
length_out_of_range,KKPTSAK,amp_diffusion_train_eval
length_out_of_range,AVERYLK,amp_diffusion_train_eval
length_out_of_range,AVERYLK,amp_diffusion_train_eval
length_out_of_range,AVERYLK,amp_diffusion_train_eval
length_out_of_range,AVERYLK,amp_diffusion_train_eval
length_out_of_range,AVERYLK,amp_diffusion_train_eval
length_out_of_range,AVERYLK,amp_diffusion_train_eval
length_out_of_range,AVERYLK,amp_diffusion_train_eval
length_out_of_range,AVERYLK,amp_diffusion_train_eval
length_out_of_range,AVERYLK,amp_diffusion_train_eval
length_out_of_range,AVERYLK,amp_diffusion_train_eval
length_out_of_range,AVERYLK,amp_diffusion_train_eval
length_out_of_range,HPQYNPR,amp_diffusion_train_eval
length_out_of_range,HPQYNPR,amp_diffusion_train_eval
length_out_of_range,HPQYNPR,amp_diffusion_train_eval
length_out_of_range,HPQYNPR,amp_diffusion_train_eval
length_out_of_range,HPQYNPR,amp_diffusion_train_eval
length_out_of_range,HPQYNPR,amp_diffusion_train_eval
length_out_of_range,HPQYNPR,amp_diffusion_train_eval
length_out_of_range,HPQYNPR,amp_diffusion_train_eval
length_out_of_range,HPQYNPR,amp_diffusion_train_eval
length_out_of_range,HPQYNPR,amp_diffusion_train_eval
length_out_of_range,HPQYNPR,amp_diffusion_train_eval
length_out_of_range,ARIVVI,amp_diffusion_train_eval
length_out_of_range,ARIVVI,amp_diffusion_train_eval
length_out_of_range,ARIVVI,amp_diffusion_train_eval
length_out_of_range,ARIVVI,amp_diffusion_train_eval
length_out_of_range,ARIVVI,amp_diffusion_train_eval
length_out_of_range,ARIVVI,amp_diffusion_train_eval
length_out_of_range,ARIVVI,amp_diffusion_train_eval
length_out_of_range,ARIVVI,amp_diffusion_train_eval
length_out_of_range,ARIVVI,amp_diffusion_train_eval
length_out_of_range,ARIVVI,amp_diffusion_train_eval
length_out_of_range,ARIVVI,amp_diffusion_train_eval
length_out_of_range,LRWQND,amp_diffusion_train_eval
length_out_of_range,LRWQND,amp_diffusion_train_eval
length_out_of_range,LRWQND,amp_diffusion_train_eval
length_out_of_range,LRWQND,amp_diffusion_train_eval
length_out_of_range,LRWQND,amp_diffusion_train_eval
length_out_of_range,LRWQND,amp_diffusion_train_eval
length_out_of_range,LRWQND,amp_diffusion_train_eval
length_out_of_range,LRWQND,amp_diffusion_train_eval
length_out_of_range,LRWQND,amp_diffusion_train_eval
length_out_of_range,LRWQND,amp_diffusion_train_eval
length_out_of_range,LRWQND,amp_diffusion_train_eval
length_out_of_range,EDEDE,amp_diffusion_train_eval
length_out_of_range,EDEDE,amp_diffusion_train_eval
length_out_of_range,EDEDE,amp_diffusion_train_eval
length_out_of_range,EDEDE,amp_diffusion_train_eval
length_out_of_range,EDEDE,amp_diffusion_train_eval
length_out_of_range,EDEDE,amp_diffusion_train_eval
length_out_of_range,EDEDE,amp_diffusion_train_eval
length_out_of_range,EDEDE,amp_diffusion_train_eval
length_out_of_range,EDEDE,amp_diffusion_train_eval
length_out_of_range,EDEDE,amp_diffusion_train_eval
length_out_of_range,EDEDE,amp_diffusion_train_eval
length_out_of_range,DILRG,amp_diffusion_train_eval
length_out_of_range,DILRG,amp_diffusion_train_eval
length_out_of_range,DILRG,amp_diffusion_train_eval
length_out_of_range,DILRG,amp_diffusion_train_eval
length_out_of_range,DILRG,amp_diffusion_train_eval
length_out_of_range,DILRG,amp_diffusion_train_eval
length_out_of_range,DILRG,amp_diffusion_train_eval
length_out_of_range,DILRG,amp_diffusion_train_eval
length_out_of_range,DILRG,amp_diffusion_train_eval
length_out_of_range,DILRG,amp_diffusion_train_eval
length_out_of_range,DILRG,amp_diffusion_train_eval
length_out_of_range,SP,amp_diffusion_train_eval
length_out_of_range,SP,amp_diffusion_train_eval
length_out_of_range,SP,amp_diffusion_train_eval
length_out_of_range,SP,amp_diffusion_train_eval
length_out_of_range,SP,amp_diffusion_train_eval
length_out_of_range,SP,amp_diffusion_train_eval
length_out_of_range,SP,amp_diffusion_train_eval
length_out_of_range,SP,amp_diffusion_train_eval
length_out_of_range,SP,amp_diffusion_train_eval
length_out_of_range,SP,amp_diffusion_train_eval
length_out_of_range,SP,amp_diffusion_train_eval
length_out_of_range,RRRFWWR,amp_diffusion_train_eval
length_out_of_range,RRRFWWR,amp_diffusion_train_eval
length_out_of_range,RRRFWWR,amp_diffusion_train_eval
length_out_of_range,RRRFWWR,amp_diffusion_train_eval
length_out_of_range,RRRFWWR,amp_diffusion_train_eval
length_out_of_range,RRRFWWR,amp_diffusion_train_eval
length_out_of_range,RRRFWWR,amp_diffusion_train_eval
length_out_of_range,RRRFWWR,amp_diffusion_train_eval
length_out_of_range,RRRFWWR,amp_diffusion_train_eval
length_out_of_range,RRRFWWR,amp_diffusion_train_eval
length_out_of_range,RRRFWWR,amp_diffusion_train_eval
length_out_of_range,LLKWLKK,amp_diffusion_train_eval
length_out_of_range,LLKWLKK,amp_diffusion_train_eval
length_out_of_range,LLKWLKK,amp_diffusion_train_eval
length_out_of_range,LLKWLKK,amp_diffusion_train_eval
length_out_of_range,LLKWLKK,amp_diffusion_train_eval
length_out_of_range,LLKWLKK,amp_diffusion_train_eval
length_out_of_range,LLKWLKK,amp_diffusion_train_eval
length_out_of_range,LLKWLKK,amp_diffusion_train_eval
length_out_of_range,LLKWLKK,amp_diffusion_train_eval
length_out_of_range,LLKWLKK,amp_diffusion_train_eval
length_out_of_range,LLKWLKK,amp_diffusion_train_eval
length_out_of_range,PP,amp_diffusion_train_eval
length_out_of_range,PP,amp_diffusion_train_eval
length_out_of_range,PP,amp_diffusion_train_eval
length_out_of_range,PP,amp_diffusion_train_eval
length_out_of_range,PP,amp_diffusion_train_eval
length_out_of_range,PP,amp_diffusion_train_eval
length_out_of_range,PP,amp_diffusion_train_eval
length_out_of_range,PP,amp_diffusion_train_eval
length_out_of_range,PP,amp_diffusion_train_eval
length_out_of_range,PP,amp_diffusion_train_eval
length_out_of_range,PP,amp_diffusion_train_eval
length_out_of_range,CVHAFRS,amp_diffusion_train_eval
length_out_of_range,CVHAFRS,amp_diffusion_train_eval
length_out_of_range,CVHAFRS,amp_diffusion_train_eval
length_out_of_range,CVHAFRS,amp_diffusion_train_eval
length_out_of_range,CVHAFRS,amp_diffusion_train_eval
length_out_of_range,CVHAFRS,amp_diffusion_train_eval
length_out_of_range,CVHAFRS,amp_diffusion_train_eval
length_out_of_range,CVHAFRS,amp_diffusion_train_eval
length_out_of_range,CVHAFRS,amp_diffusion_train_eval
length_out_of_range,CVHAFRS,amp_diffusion_train_eval
length_out_of_range,CVHAFRS,amp_diffusion_train_eval
length_out_of_range,RIVVIR,amp_diffusion_train_eval
length_out_of_range,RIVVIR,amp_diffusion_train_eval
length_out_of_range,RIVVIR,amp_diffusion_train_eval
length_out_of_range,RIVVIR,amp_diffusion_train_eval
length_out_of_range,RIVVIR,amp_diffusion_train_eval
length_out_of_range,RIVVIR,amp_diffusion_train_eval
length_out_of_range,RIVVIR,amp_diffusion_train_eval
length_out_of_range,RIVVIR,amp_diffusion_train_eval
length_out_of_range,RIVVIR,amp_diffusion_train_eval
length_out_of_range,RIVVIR,amp_diffusion_train_eval
length_out_of_range,RIVVIR,amp_diffusion_train_eval
length_out_of_range,KEAIRD,amp_diffusion_train_eval
length_out_of_range,KEAIRD,amp_diffusion_train_eval
length_out_of_range,KEAIRD,amp_diffusion_train_eval
length_out_of_range,KEAIRD,amp_diffusion_train_eval
length_out_of_range,KEAIRD,amp_diffusion_train_eval
length_out_of_range,KEAIRD,amp_diffusion_train_eval
length_out_of_range,KEAIRD,amp_diffusion_train_eval
length_out_of_range,KEAIRD,amp_diffusion_train_eval
length_out_of_range,KEAIRD,amp_diffusion_train_eval
length_out_of_range,KEAIRD,amp_diffusion_train_eval
length_out_of_range,KEAIRD,amp_diffusion_train_eval
length_out_of_range,ILGDKVG,amp_diffusion_train_eval
length_out_of_range,ILGDKVG,amp_diffusion_train_eval
length_out_of_range,ILGDKVG,amp_diffusion_train_eval
length_out_of_range,ILGDKVG,amp_diffusion_train_eval
length_out_of_range,ILGDKVG,amp_diffusion_train_eval
length_out_of_range,ILGDKVG,amp_diffusion_train_eval
length_out_of_range,ILGDKVG,amp_diffusion_train_eval
length_out_of_range,ILGDKVG,amp_diffusion_train_eval
length_out_of_range,ILGDKVG,amp_diffusion_train_eval
length_out_of_range,ILGDKVG,amp_diffusion_train_eval
length_out_of_range,ILGDKVG,amp_diffusion_train_eval
length_out_of_range,ACSAG,amp_diffusion_train_eval
length_out_of_range,ACSAG,amp_diffusion_train_eval
length_out_of_range,ACSAG,amp_diffusion_train_eval
length_out_of_range,ACSAG,amp_diffusion_train_eval
length_out_of_range,ACSAG,amp_diffusion_train_eval
length_out_of_range,ACSAG,amp_diffusion_train_eval
length_out_of_range,ACSAG,amp_diffusion_train_eval
length_out_of_range,ACSAG,amp_diffusion_train_eval
length_out_of_range,ACSAG,amp_diffusion_train_eval
length_out_of_range,ACSAG,amp_diffusion_train_eval
length_out_of_range,ACSAG,amp_diffusion_train_eval
length_out_of_range,PLGG,amp_diffusion_train_eval
length_out_of_range,PLGG,amp_diffusion_train_eval
length_out_of_range,PLGG,amp_diffusion_train_eval
length_out_of_range,PLGG,amp_diffusion_train_eval
length_out_of_range,PLGG,amp_diffusion_train_eval
length_out_of_range,PLGG,amp_diffusion_train_eval
length_out_of_range,PLGG,amp_diffusion_train_eval
length_out_of_range,PLGG,amp_diffusion_train_eval
length_out_of_range,PLGG,amp_diffusion_train_eval
length_out_of_range,PLGG,amp_diffusion_train_eval
length_out_of_range,PLGG,amp_diffusion_train_eval
length_out_of_range,AAVLNA,amp_diffusion_train_eval
length_out_of_range,AAVLNA,amp_diffusion_train_eval
length_out_of_range,AAVLNA,amp_diffusion_train_eval
length_out_of_range,AAVLNA,amp_diffusion_train_eval
length_out_of_range,AAVLNA,amp_diffusion_train_eval
length_out_of_range,AAVLNA,amp_diffusion_train_eval
length_out_of_range,AAVLNA,amp_diffusion_train_eval
length_out_of_range,AAVLNA,amp_diffusion_train_eval
length_out_of_range,AAVLNA,amp_diffusion_train_eval
length_out_of_range,AAVLNA,amp_diffusion_train_eval
length_out_of_range,AAVLNA,amp_diffusion_train_eval
length_out_of_range,KEWIRRS,amp_diffusion_train_eval
length_out_of_range,KEWIRRS,amp_diffusion_train_eval
length_out_of_range,KEWIRRS,amp_diffusion_train_eval
length_out_of_range,KEWIRRS,amp_diffusion_train_eval
length_out_of_range,KEWIRRS,amp_diffusion_train_eval
length_out_of_range,KEWIRRS,amp_diffusion_train_eval
length_out_of_range,KEWIRRS,amp_diffusion_train_eval
length_out_of_range,KEWIRRS,amp_diffusion_train_eval
length_out_of_range,KEWIRRS,amp_diffusion_train_eval
length_out_of_range,KEWIRRS,amp_diffusion_train_eval
length_out_of_range,KEWIRRS,amp_diffusion_train_eval
length_out_of_range,HPAYNPK,amp_diffusion_train_eval
length_out_of_range,HPAYNPK,amp_diffusion_train_eval
length_out_of_range,HPAYNPK,amp_diffusion_train_eval
length_out_of_range,HPAYNPK,amp_diffusion_train_eval
length_out_of_range,HPAYNPK,amp_diffusion_train_eval
length_out_of_range,HPAYNPK,amp_diffusion_train_eval
length_out_of_range,HPAYNPK,amp_diffusion_train_eval
length_out_of_range,HPAYNPK,amp_diffusion_train_eval
length_out_of_range,HPAYNPK,amp_diffusion_train_eval
length_out_of_range,HPAYNPK,amp_diffusion_train_eval
length_out_of_range,HPAYNPK,amp_diffusion_train_eval
length_out_of_range,DDEED,amp_diffusion_train_eval
length_out_of_range,DDEED,amp_diffusion_train_eval
length_out_of_range,DDEED,amp_diffusion_train_eval
length_out_of_range,DDEED,amp_diffusion_train_eval
length_out_of_range,DDEED,amp_diffusion_train_eval
length_out_of_range,DDEED,amp_diffusion_train_eval
length_out_of_range,DDEED,amp_diffusion_train_eval
length_out_of_range,DDEED,amp_diffusion_train_eval
length_out_of_range,DDEED,amp_diffusion_train_eval
length_out_of_range,DDEED,amp_diffusion_train_eval
length_out_of_range,DDEED,amp_diffusion_train_eval
length_out_of_range,RKRKWLR,amp_diffusion_train_eval
length_out_of_range,RKRKWLR,amp_diffusion_train_eval
length_out_of_range,RKRKWLR,amp_diffusion_train_eval
length_out_of_range,RKRKWLR,amp_diffusion_train_eval
length_out_of_range,RKRKWLR,amp_diffusion_train_eval
length_out_of_range,RKRKWLR,amp_diffusion_train_eval
length_out_of_range,RKRKWLR,amp_diffusion_train_eval
length_out_of_range,RKRKWLR,amp_diffusion_train_eval
length_out_of_range,RKRKWLR,amp_diffusion_train_eval
length_out_of_range,RKRKWLR,amp_diffusion_train_eval
length_out_of_range,RKRKWLR,amp_diffusion_train_eval
length_out_of_range,WWW,amp_diffusion_train_eval
length_out_of_range,WWW,amp_diffusion_train_eval
length_out_of_range,WWW,amp_diffusion_train_eval
length_out_of_range,WWW,amp_diffusion_train_eval
length_out_of_range,WWW,amp_diffusion_train_eval
length_out_of_range,WWW,amp_diffusion_train_eval
length_out_of_range,WWW,amp_diffusion_train_eval
length_out_of_range,WWW,amp_diffusion_train_eval
length_out_of_range,WWW,amp_diffusion_train_eval
length_out_of_range,WWW,amp_diffusion_train_eval
length_out_of_range,WWW,amp_diffusion_train_eval
length_out_of_range,YR,amp_diffusion_train_eval
length_out_of_range,YR,amp_diffusion_train_eval
length_out_of_range,YR,amp_diffusion_train_eval
length_out_of_range,YR,amp_diffusion_train_eval
length_out_of_range,YR,amp_diffusion_train_eval
length_out_of_range,YR,amp_diffusion_train_eval
length_out_of_range,YR,amp_diffusion_train_eval
length_out_of_range,YR,amp_diffusion_train_eval
length_out_of_range,YR,amp_diffusion_train_eval
length_out_of_range,YR,amp_diffusion_train_eval
length_out_of_range,YR,amp_diffusion_train_eval
length_out_of_range,KFFKFKK,amp_diffusion_train_eval
length_out_of_range,KFFKFKK,amp_diffusion_train_eval
length_out_of_range,KFFKFKK,amp_diffusion_train_eval
length_out_of_range,KFFKFKK,amp_diffusion_train_eval
length_out_of_range,KFFKFKK,amp_diffusion_train_eval
length_out_of_range,KFFKFKK,amp_diffusion_train_eval
length_out_of_range,KFFKFKK,amp_diffusion_train_eval
length_out_of_range,KFFKFKK,amp_diffusion_train_eval
length_out_of_range,KFFKFKK,amp_diffusion_train_eval
length_out_of_range,KFFKFKK,amp_diffusion_train_eval
length_out_of_range,KFFKFKK,amp_diffusion_train_eval
length_out_of_range,HPQTNQR,amp_diffusion_train_eval
length_out_of_range,HPQTNQR,amp_diffusion_train_eval
length_out_of_range,HPQTNQR,amp_diffusion_train_eval
length_out_of_range,HPQTNQR,amp_diffusion_train_eval
length_out_of_range,HPQTNQR,amp_diffusion_train_eval
length_out_of_range,HPQTNQR,amp_diffusion_train_eval
length_out_of_range,HPQTNQR,amp_diffusion_train_eval
length_out_of_range,HPQTNQR,amp_diffusion_train_eval
length_out_of_range,HPQTNQR,amp_diffusion_train_eval
length_out_of_range,HPQTNQR,amp_diffusion_train_eval
length_out_of_range,HPQTNQR,amp_diffusion_train_eval
length_out_of_range,LARIVVI,amp_diffusion_train_eval
length_out_of_range,LARIVVI,amp_diffusion_train_eval
length_out_of_range,LARIVVI,amp_diffusion_train_eval
length_out_of_range,LARIVVI,amp_diffusion_train_eval
length_out_of_range,LARIVVI,amp_diffusion_train_eval
length_out_of_range,LARIVVI,amp_diffusion_train_eval
length_out_of_range,LARIVVI,amp_diffusion_train_eval
length_out_of_range,LARIVVI,amp_diffusion_train_eval
length_out_of_range,LARIVVI,amp_diffusion_train_eval
length_out_of_range,LARIVVI,amp_diffusion_train_eval
length_out_of_range,LARIVVI,amp_diffusion_train_eval
length_out_of_range,WLKKW,amp_diffusion_train_eval
length_out_of_range,WLKKW,amp_diffusion_train_eval
length_out_of_range,WLKKW,amp_diffusion_train_eval
length_out_of_range,WLKKW,amp_diffusion_train_eval
length_out_of_range,WLKKW,amp_diffusion_train_eval
length_out_of_range,WLKKW,amp_diffusion_train_eval
length_out_of_range,WLKKW,amp_diffusion_train_eval
length_out_of_range,WLKKW,amp_diffusion_train_eval
length_out_of_range,WLKKW,amp_diffusion_train_eval
length_out_of_range,WLKKW,amp_diffusion_train_eval
length_out_of_range,WLKKW,amp_diffusion_train_eval
length_out_of_range,YKDNSY,amp_diffusion_train_eval
length_out_of_range,YKDNSY,amp_diffusion_train_eval
length_out_of_range,YKDNSY,amp_diffusion_train_eval
length_out_of_range,YKDNSY,amp_diffusion_train_eval
length_out_of_range,YKDNSY,amp_diffusion_train_eval
length_out_of_range,YKDNSY,amp_diffusion_train_eval
length_out_of_range,YKDNSY,amp_diffusion_train_eval
length_out_of_range,YKDNSY,amp_diffusion_train_eval
length_out_of_range,YKDNSY,amp_diffusion_train_eval
length_out_of_range,YKDNSY,amp_diffusion_train_eval
length_out_of_range,YKDNSY,amp_diffusion_train_eval
length_out_of_range,LVTLVFV,amp_diffusion_train_eval
length_out_of_range,LVTLVFV,amp_diffusion_train_eval
length_out_of_range,LVTLVFV,amp_diffusion_train_eval
length_out_of_range,LVTLVFV,amp_diffusion_train_eval
length_out_of_range,LVTLVFV,amp_diffusion_train_eval
length_out_of_range,LVTLVFV,amp_diffusion_train_eval
length_out_of_range,LVTLVFV,amp_diffusion_train_eval
length_out_of_range,LVTLVFV,amp_diffusion_train_eval
length_out_of_range,LVTLVFV,amp_diffusion_train_eval
length_out_of_range,LVTLVFV,amp_diffusion_train_eval
length_out_of_range,LVTLVFV,amp_diffusion_train_eval
length_out_of_range,RRKKAA,amp_diffusion_train_eval
length_out_of_range,RRKKAA,amp_diffusion_train_eval
length_out_of_range,RRKKAA,amp_diffusion_train_eval
length_out_of_range,RRKKAA,amp_diffusion_train_eval
length_out_of_range,RRKKAA,amp_diffusion_train_eval
length_out_of_range,RRKKAA,amp_diffusion_train_eval
length_out_of_range,RRKKAA,amp_diffusion_train_eval
length_out_of_range,RRKKAA,amp_diffusion_train_eval
length_out_of_range,RRKKAA,amp_diffusion_train_eval
length_out_of_range,RRKKAA,amp_diffusion_train_eval
length_out_of_range,RRKKAA,amp_diffusion_train_eval
length_out_of_range,IPLA,amp_diffusion_train_eval
length_out_of_range,IPLA,amp_diffusion_train_eval
length_out_of_range,IPLA,amp_diffusion_train_eval
length_out_of_range,IPLA,amp_diffusion_train_eval
length_out_of_range,IPLA,amp_diffusion_train_eval
length_out_of_range,IPLA,amp_diffusion_train_eval
length_out_of_range,IPLA,amp_diffusion_train_eval
length_out_of_range,IPLA,amp_diffusion_train_eval
length_out_of_range,IPLA,amp_diffusion_train_eval
length_out_of_range,IPLA,amp_diffusion_train_eval
length_out_of_range,IPLA,amp_diffusion_train_eval
length_out_of_range,WT,amp_diffusion_train_eval
length_out_of_range,WT,amp_diffusion_train_eval
length_out_of_range,WT,amp_diffusion_train_eval
length_out_of_range,WT,amp_diffusion_train_eval
length_out_of_range,WT,amp_diffusion_train_eval
length_out_of_range,WT,amp_diffusion_train_eval
length_out_of_range,WT,amp_diffusion_train_eval
length_out_of_range,WT,amp_diffusion_train_eval
length_out_of_range,WT,amp_diffusion_train_eval
length_out_of_range,WT,amp_diffusion_train_eval
length_out_of_range,WT,amp_diffusion_train_eval
length_out_of_range,LKWLKWG,amp_diffusion_train_eval
length_out_of_range,LKWLKWG,amp_diffusion_train_eval
length_out_of_range,LKWLKWG,amp_diffusion_train_eval
length_out_of_range,LKWLKWG,amp_diffusion_train_eval
length_out_of_range,LKWLKWG,amp_diffusion_train_eval
length_out_of_range,LKWLKWG,amp_diffusion_train_eval
length_out_of_range,LKWLKWG,amp_diffusion_train_eval
length_out_of_range,LKWLKWG,amp_diffusion_train_eval
length_out_of_range,LKWLKWG,amp_diffusion_train_eval
length_out_of_range,LKWLKWG,amp_diffusion_train_eval
length_out_of_range,LKWLKWG,amp_diffusion_train_eval
length_out_of_range,HPEYNQR,amp_diffusion_train_eval
length_out_of_range,HPEYNQR,amp_diffusion_train_eval
length_out_of_range,HPEYNQR,amp_diffusion_train_eval
length_out_of_range,HPEYNQR,amp_diffusion_train_eval
length_out_of_range,HPEYNQR,amp_diffusion_train_eval
length_out_of_range,HPEYNQR,amp_diffusion_train_eval
length_out_of_range,HPEYNQR,amp_diffusion_train_eval
length_out_of_range,HPEYNQR,amp_diffusion_train_eval
length_out_of_range,HPEYNQR,amp_diffusion_train_eval
length_out_of_range,HPEYNQR,amp_diffusion_train_eval
length_out_of_range,HPEYNQR,amp_diffusion_train_eval
length_out_of_range,QKLCQR,amp_diffusion_train_eval
length_out_of_range,QKLCQR,amp_diffusion_train_eval
length_out_of_range,QKLCQR,amp_diffusion_train_eval
length_out_of_range,QKLCQR,amp_diffusion_train_eval
length_out_of_range,QKLCQR,amp_diffusion_train_eval
length_out_of_range,QKLCQR,amp_diffusion_train_eval
length_out_of_range,QKLCQR,amp_diffusion_train_eval
length_out_of_range,QKLCQR,amp_diffusion_train_eval
length_out_of_range,QKLCQR,amp_diffusion_train_eval
length_out_of_range,QKLCQR,amp_diffusion_train_eval
length_out_of_range,QKLCQR,amp_diffusion_train_eval
length_out_of_range,HSSHL,amp_diffusion_train_eval
length_out_of_range,HSSHL,amp_diffusion_train_eval
length_out_of_range,HSSHL,amp_diffusion_train_eval
length_out_of_range,HSSHL,amp_diffusion_train_eval
length_out_of_range,HSSHL,amp_diffusion_train_eval
length_out_of_range,HSSHL,amp_diffusion_train_eval
length_out_of_range,HSSHL,amp_diffusion_train_eval
length_out_of_range,HSSHL,amp_diffusion_train_eval
length_out_of_range,HSSHL,amp_diffusion_train_eval
length_out_of_range,HSSHL,amp_diffusion_train_eval
length_out_of_range,HSSHL,amp_diffusion_train_eval
length_out_of_range,KRKKRK,amp_diffusion_train_eval
length_out_of_range,KRKKRK,amp_diffusion_train_eval
length_out_of_range,KRKKRK,amp_diffusion_train_eval
length_out_of_range,KRKKRK,amp_diffusion_train_eval
length_out_of_range,KRKKRK,amp_diffusion_train_eval
length_out_of_range,KRKKRK,amp_diffusion_train_eval
length_out_of_range,KRKKRK,amp_diffusion_train_eval
length_out_of_range,KRKKRK,amp_diffusion_train_eval
length_out_of_range,KRKKRK,amp_diffusion_train_eval
length_out_of_range,KRKKRK,amp_diffusion_train_eval
length_out_of_range,KRKKRK,amp_diffusion_train_eval
length_out_of_range,EYPFIPP,amp_diffusion_train_eval
length_out_of_range,EYPFIPP,amp_diffusion_train_eval
length_out_of_range,EYPFIPP,amp_diffusion_train_eval
length_out_of_range,EYPFIPP,amp_diffusion_train_eval
length_out_of_range,EYPFIPP,amp_diffusion_train_eval
length_out_of_range,EYPFIPP,amp_diffusion_train_eval
length_out_of_range,EYPFIPP,amp_diffusion_train_eval
length_out_of_range,EYPFIPP,amp_diffusion_train_eval
length_out_of_range,EYPFIPP,amp_diffusion_train_eval
length_out_of_range,EYPFIPP,amp_diffusion_train_eval
length_out_of_range,EYPFIPP,amp_diffusion_train_eval
length_out_of_range,PFVFLR,amp_diffusion_train_eval
length_out_of_range,PFVFLR,amp_diffusion_train_eval
length_out_of_range,PFVFLR,amp_diffusion_train_eval
length_out_of_range,PFVFLR,amp_diffusion_train_eval
length_out_of_range,PFVFLR,amp_diffusion_train_eval
length_out_of_range,PFVFLR,amp_diffusion_train_eval
length_out_of_range,PFVFLR,amp_diffusion_train_eval
length_out_of_range,PFVFLR,amp_diffusion_train_eval
length_out_of_range,PFVFLR,amp_diffusion_train_eval
length_out_of_range,PFVFLR,amp_diffusion_train_eval
length_out_of_range,PFVFLR,amp_diffusion_train_eval
length_out_of_range,APTWWKS,amp_diffusion_train_eval
length_out_of_range,APTWWKS,amp_diffusion_train_eval
length_out_of_range,APTWWKS,amp_diffusion_train_eval
length_out_of_range,APTWWKS,amp_diffusion_train_eval
length_out_of_range,APTWWKS,amp_diffusion_train_eval
length_out_of_range,APTWWKS,amp_diffusion_train_eval
length_out_of_range,APTWWKS,amp_diffusion_train_eval
length_out_of_range,APTWWKS,amp_diffusion_train_eval
length_out_of_range,APTWWKS,amp_diffusion_train_eval
length_out_of_range,APTWWKS,amp_diffusion_train_eval
length_out_of_range,APTWWKS,amp_diffusion_train_eval
length_out_of_range,LSQKSVK,amp_diffusion_train_eval
length_out_of_range,LSQKSVK,amp_diffusion_train_eval
length_out_of_range,LSQKSVK,amp_diffusion_train_eval
length_out_of_range,LSQKSVK,amp_diffusion_train_eval
length_out_of_range,LSQKSVK,amp_diffusion_train_eval
length_out_of_range,LSQKSVK,amp_diffusion_train_eval
length_out_of_range,LSQKSVK,amp_diffusion_train_eval
length_out_of_range,LSQKSVK,amp_diffusion_train_eval
length_out_of_range,LSQKSVK,amp_diffusion_train_eval
length_out_of_range,LSQKSVK,amp_diffusion_train_eval
length_out_of_range,LSQKSVK,amp_diffusion_train_eval
length_out_of_range,RFWKWRR,amp_diffusion_train_eval
length_out_of_range,RFWKWRR,amp_diffusion_train_eval
length_out_of_range,RFWKWRR,amp_diffusion_train_eval
length_out_of_range,RFWKWRR,amp_diffusion_train_eval
length_out_of_range,RFWKWRR,amp_diffusion_train_eval
length_out_of_range,RFWKWRR,amp_diffusion_train_eval
length_out_of_range,RFWKWRR,amp_diffusion_train_eval
length_out_of_range,RFWKWRR,amp_diffusion_train_eval
length_out_of_range,RFWKWRR,amp_diffusion_train_eval
length_out_of_range,RFWKWRR,amp_diffusion_train_eval
length_out_of_range,RFWKWRR,amp_diffusion_train_eval
length_out_of_range,EDLFYQ,amp_diffusion_train_eval
length_out_of_range,EDLFYQ,amp_diffusion_train_eval
length_out_of_range,EDLFYQ,amp_diffusion_train_eval
length_out_of_range,EDLFYQ,amp_diffusion_train_eval
length_out_of_range,EDLFYQ,amp_diffusion_train_eval
length_out_of_range,EDLFYQ,amp_diffusion_train_eval
length_out_of_range,EDLFYQ,amp_diffusion_train_eval
length_out_of_range,EDLFYQ,amp_diffusion_train_eval
length_out_of_range,EDLFYQ,amp_diffusion_train_eval
length_out_of_range,EDLFYQ,amp_diffusion_train_eval
length_out_of_range,EDLFYQ,amp_diffusion_train_eval
length_out_of_range,LSRVDEL,amp_diffusion_train_eval
length_out_of_range,LSRVDEL,amp_diffusion_train_eval
length_out_of_range,LSRVDEL,amp_diffusion_train_eval
length_out_of_range,LSRVDEL,amp_diffusion_train_eval
length_out_of_range,LSRVDEL,amp_diffusion_train_eval
length_out_of_range,LSRVDEL,amp_diffusion_train_eval
length_out_of_range,LSRVDEL,amp_diffusion_train_eval
length_out_of_range,LSRVDEL,amp_diffusion_train_eval
length_out_of_range,LSRVDEL,amp_diffusion_train_eval
length_out_of_range,LSRVDEL,amp_diffusion_train_eval
length_out_of_range,LSRVDEL,amp_diffusion_train_eval
length_out_of_range,LEYS,amp_diffusion_train_eval
length_out_of_range,LEYS,amp_diffusion_train_eval
length_out_of_range,LEYS,amp_diffusion_train_eval
length_out_of_range,LEYS,amp_diffusion_train_eval
length_out_of_range,LEYS,amp_diffusion_train_eval
length_out_of_range,LEYS,amp_diffusion_train_eval
length_out_of_range,LEYS,amp_diffusion_train_eval
length_out_of_range,LEYS,amp_diffusion_train_eval
length_out_of_range,LEYS,amp_diffusion_train_eval
length_out_of_range,LEYS,amp_diffusion_train_eval
length_out_of_range,LEYS,amp_diffusion_train_eval
length_out_of_range,GKKRSKA,amp_diffusion_train_eval
length_out_of_range,GKKRSKA,amp_diffusion_train_eval
length_out_of_range,GKKRSKA,amp_diffusion_train_eval
length_out_of_range,GKKRSKA,amp_diffusion_train_eval
length_out_of_range,GKKRSKA,amp_diffusion_train_eval
length_out_of_range,GKKRSKA,amp_diffusion_train_eval
length_out_of_range,GKKRSKA,amp_diffusion_train_eval
length_out_of_range,GKKRSKA,amp_diffusion_train_eval
length_out_of_range,GKKRSKA,amp_diffusion_train_eval
length_out_of_range,GKKRSKA,amp_diffusion_train_eval
length_out_of_range,GKKRSKA,amp_diffusion_train_eval
length_out_of_range,ILGYKVG,amp_diffusion_train_eval
length_out_of_range,ILGYKVG,amp_diffusion_train_eval
length_out_of_range,ILGYKVG,amp_diffusion_train_eval
length_out_of_range,ILGYKVG,amp_diffusion_train_eval
length_out_of_range,ILGYKVG,amp_diffusion_train_eval
length_out_of_range,ILGYKVG,amp_diffusion_train_eval
length_out_of_range,ILGYKVG,amp_diffusion_train_eval
length_out_of_range,ILGYKVG,amp_diffusion_train_eval
length_out_of_range,ILGYKVG,amp_diffusion_train_eval
length_out_of_range,ILGYKVG,amp_diffusion_train_eval
length_out_of_range,ILGYKVG,amp_diffusion_train_eval
length_out_of_range,RRWWRF,amp_diffusion_train_eval
length_out_of_range,RRWWRF,amp_diffusion_train_eval
length_out_of_range,RRWWRF,amp_diffusion_train_eval
length_out_of_range,RRWWRF,amp_diffusion_train_eval
length_out_of_range,RRWWRF,amp_diffusion_train_eval
length_out_of_range,RRWWRF,amp_diffusion_train_eval
length_out_of_range,RRWWRF,amp_diffusion_train_eval
length_out_of_range,RRWWRF,amp_diffusion_train_eval
length_out_of_range,RRWWRF,amp_diffusion_train_eval
length_out_of_range,RRWWRF,amp_diffusion_train_eval
length_out_of_range,RRWWRF,amp_diffusion_train_eval
length_out_of_range,RLYRK,amp_diffusion_train_eval
length_out_of_range,RLYRK,amp_diffusion_train_eval
length_out_of_range,RLYRK,amp_diffusion_train_eval
length_out_of_range,RLYRK,amp_diffusion_train_eval
length_out_of_range,RLYRK,amp_diffusion_train_eval
length_out_of_range,RLYRK,amp_diffusion_train_eval
length_out_of_range,RLYRK,amp_diffusion_train_eval
length_out_of_range,RLYRK,amp_diffusion_train_eval
length_out_of_range,RLYRK,amp_diffusion_train_eval
length_out_of_range,RLYRK,amp_diffusion_train_eval
length_out_of_range,RLYRK,amp_diffusion_train_eval
length_out_of_range,QWR,amp_diffusion_train_eval
length_out_of_range,QWR,amp_diffusion_train_eval
length_out_of_range,QWR,amp_diffusion_train_eval
length_out_of_range,QWR,amp_diffusion_train_eval
length_out_of_range,QWR,amp_diffusion_train_eval
length_out_of_range,QWR,amp_diffusion_train_eval
length_out_of_range,QWR,amp_diffusion_train_eval
length_out_of_range,QWR,amp_diffusion_train_eval
length_out_of_range,QWR,amp_diffusion_train_eval
length_out_of_range,QWR,amp_diffusion_train_eval
length_out_of_range,QWR,amp_diffusion_train_eval
length_out_of_range,TCLV,amp_diffusion_train_eval
length_out_of_range,TCLV,amp_diffusion_train_eval
length_out_of_range,TCLV,amp_diffusion_train_eval
length_out_of_range,TCLV,amp_diffusion_train_eval
length_out_of_range,TCLV,amp_diffusion_train_eval
length_out_of_range,TCLV,amp_diffusion_train_eval
length_out_of_range,TCLV,amp_diffusion_train_eval
length_out_of_range,TCLV,amp_diffusion_train_eval
length_out_of_range,TCLV,amp_diffusion_train_eval
length_out_of_range,TCLV,amp_diffusion_train_eval
length_out_of_range,TCLV,amp_diffusion_train_eval
length_out_of_range,RPPHPRL,amp_diffusion_train_eval
length_out_of_range,RPPHPRL,amp_diffusion_train_eval
length_out_of_range,RPPHPRL,amp_diffusion_train_eval
length_out_of_range,RPPHPRL,amp_diffusion_train_eval
length_out_of_range,RPPHPRL,amp_diffusion_train_eval
length_out_of_range,RPPHPRL,amp_diffusion_train_eval
length_out_of_range,RPPHPRL,amp_diffusion_train_eval
length_out_of_range,RPPHPRL,amp_diffusion_train_eval
length_out_of_range,RPPHPRL,amp_diffusion_train_eval
length_out_of_range,RPPHPRL,amp_diffusion_train_eval
length_out_of_range,RPPHPRL,amp_diffusion_train_eval
length_out_of_range,LLMQST,amp_diffusion_train_eval
length_out_of_range,LLMQST,amp_diffusion_train_eval
length_out_of_range,LLMQST,amp_diffusion_train_eval
length_out_of_range,LLMQST,amp_diffusion_train_eval
length_out_of_range,LLMQST,amp_diffusion_train_eval
length_out_of_range,LLMQST,amp_diffusion_train_eval
length_out_of_range,LLMQST,amp_diffusion_train_eval
length_out_of_range,LLMQST,amp_diffusion_train_eval
length_out_of_range,LLMQST,amp_diffusion_train_eval
length_out_of_range,LLMQST,amp_diffusion_train_eval
length_out_of_range,LLMQST,amp_diffusion_train_eval
length_out_of_range,IEKKIEE,amp_diffusion_train_eval
length_out_of_range,IEKKIEE,amp_diffusion_train_eval
length_out_of_range,IEKKIEE,amp_diffusion_train_eval
length_out_of_range,IEKKIEE,amp_diffusion_train_eval
length_out_of_range,IEKKIEE,amp_diffusion_train_eval
length_out_of_range,IEKKIEE,amp_diffusion_train_eval
length_out_of_range,IEKKIEE,amp_diffusion_train_eval
length_out_of_range,IEKKIEE,amp_diffusion_train_eval
length_out_of_range,IEKKIEE,amp_diffusion_train_eval
length_out_of_range,IEKKIEE,amp_diffusion_train_eval
length_out_of_range,IEKKIEE,amp_diffusion_train_eval
length_out_of_range,GDDDDDD,amp_diffusion_train_eval
length_out_of_range,GDDDDDD,amp_diffusion_train_eval
length_out_of_range,GDDDDDD,amp_diffusion_train_eval
length_out_of_range,GDDDDDD,amp_diffusion_train_eval
length_out_of_range,GDDDDDD,amp_diffusion_train_eval
length_out_of_range,GDDDDDD,amp_diffusion_train_eval
length_out_of_range,GDDDDDD,amp_diffusion_train_eval
length_out_of_range,GDDDDDD,amp_diffusion_train_eval
length_out_of_range,GDDDDDD,amp_diffusion_train_eval
length_out_of_range,GDDDDDD,amp_diffusion_train_eval
length_out_of_range,GDDDDDD,amp_diffusion_train_eval
length_out_of_range,TPTWWRT,amp_diffusion_train_eval
length_out_of_range,TPTWWRT,amp_diffusion_train_eval
length_out_of_range,TPTWWRT,amp_diffusion_train_eval
length_out_of_range,TPTWWRT,amp_diffusion_train_eval
length_out_of_range,TPTWWRT,amp_diffusion_train_eval
length_out_of_range,TPTWWRT,amp_diffusion_train_eval
length_out_of_range,TPTWWRT,amp_diffusion_train_eval
length_out_of_range,TPTWWRT,amp_diffusion_train_eval
length_out_of_range,TPTWWRT,amp_diffusion_train_eval
length_out_of_range,TPTWWRT,amp_diffusion_train_eval
length_out_of_range,TPTWWRT,amp_diffusion_train_eval
length_out_of_range,WFKIIKK,amp_diffusion_train_eval
length_out_of_range,WFKIIKK,amp_diffusion_train_eval
length_out_of_range,WFKIIKK,amp_diffusion_train_eval
length_out_of_range,WFKIIKK,amp_diffusion_train_eval
length_out_of_range,WFKIIKK,amp_diffusion_train_eval
length_out_of_range,WFKIIKK,amp_diffusion_train_eval
length_out_of_range,WFKIIKK,amp_diffusion_train_eval
length_out_of_range,WFKIIKK,amp_diffusion_train_eval
length_out_of_range,WFKIIKK,amp_diffusion_train_eval
length_out_of_range,WFKIIKK,amp_diffusion_train_eval
length_out_of_range,WFKIIKK,amp_diffusion_train_eval
length_out_of_range,ERYLKDQ,amp_diffusion_train_eval
length_out_of_range,ERYLKDQ,amp_diffusion_train_eval
length_out_of_range,ERYLKDQ,amp_diffusion_train_eval
length_out_of_range,ERYLKDQ,amp_diffusion_train_eval
length_out_of_range,ERYLKDQ,amp_diffusion_train_eval
length_out_of_range,ERYLKDQ,amp_diffusion_train_eval
length_out_of_range,ERYLKDQ,amp_diffusion_train_eval
length_out_of_range,ERYLKDQ,amp_diffusion_train_eval
length_out_of_range,ERYLKDQ,amp_diffusion_train_eval
length_out_of_range,ERYLKDQ,amp_diffusion_train_eval
length_out_of_range,ERYLKDQ,amp_diffusion_train_eval
length_out_of_range,RLARI,amp_diffusion_train_eval
length_out_of_range,RLARI,amp_diffusion_train_eval
length_out_of_range,RLARI,amp_diffusion_train_eval
length_out_of_range,RLARI,amp_diffusion_train_eval
length_out_of_range,RLARI,amp_diffusion_train_eval
length_out_of_range,RLARI,amp_diffusion_train_eval
length_out_of_range,RLARI,amp_diffusion_train_eval
length_out_of_range,RLARI,amp_diffusion_train_eval
length_out_of_range,RLARI,amp_diffusion_train_eval
length_out_of_range,RLARI,amp_diffusion_train_eval
length_out_of_range,RLARI,amp_diffusion_train_eval
length_out_of_range,AELR,amp_diffusion_train_eval
length_out_of_range,AELR,amp_diffusion_train_eval
length_out_of_range,AELR,amp_diffusion_train_eval
length_out_of_range,AELR,amp_diffusion_train_eval
length_out_of_range,AELR,amp_diffusion_train_eval
length_out_of_range,AELR,amp_diffusion_train_eval
length_out_of_range,AELR,amp_diffusion_train_eval
length_out_of_range,AELR,amp_diffusion_train_eval
length_out_of_range,AELR,amp_diffusion_train_eval
length_out_of_range,AELR,amp_diffusion_train_eval
length_out_of_range,AELR,amp_diffusion_train_eval
length_out_of_range,FRWWHR,amp_diffusion_train_eval
length_out_of_range,FRWWHR,amp_diffusion_train_eval
length_out_of_range,FRWWHR,amp_diffusion_train_eval
length_out_of_range,FRWWHR,amp_diffusion_train_eval
length_out_of_range,FRWWHR,amp_diffusion_train_eval
length_out_of_range,FRWWHR,amp_diffusion_train_eval
length_out_of_range,FRWWHR,amp_diffusion_train_eval
length_out_of_range,FRWWHR,amp_diffusion_train_eval
length_out_of_range,FRWWHR,amp_diffusion_train_eval
length_out_of_range,FRWWHR,amp_diffusion_train_eval
length_out_of_range,FRWWHR,amp_diffusion_train_eval
length_out_of_range,GMMPNN,amp_diffusion_train_eval
length_out_of_range,GMMPNN,amp_diffusion_train_eval
length_out_of_range,GMMPNN,amp_diffusion_train_eval
length_out_of_range,GMMPNN,amp_diffusion_train_eval
length_out_of_range,GMMPNN,amp_diffusion_train_eval
length_out_of_range,GMMPNN,amp_diffusion_train_eval
length_out_of_range,GMMPNN,amp_diffusion_train_eval
length_out_of_range,GMMPNN,amp_diffusion_train_eval
length_out_of_range,GMMPNN,amp_diffusion_train_eval
length_out_of_range,GMMPNN,amp_diffusion_train_eval
length_out_of_range,GMMPNN,amp_diffusion_train_eval
length_out_of_range,LE,amp_diffusion_train_eval
length_out_of_range,LE,amp_diffusion_train_eval
length_out_of_range,LE,amp_diffusion_train_eval
length_out_of_range,LE,amp_diffusion_train_eval
length_out_of_range,LE,amp_diffusion_train_eval
length_out_of_range,LE,amp_diffusion_train_eval
length_out_of_range,LE,amp_diffusion_train_eval
length_out_of_range,LE,amp_diffusion_train_eval
length_out_of_range,LE,amp_diffusion_train_eval
length_out_of_range,LE,amp_diffusion_train_eval
length_out_of_range,LE,amp_diffusion_train_eval
length_out_of_range,RRWWRRW,amp_diffusion_train_eval
length_out_of_range,RRWWRRW,amp_diffusion_train_eval
length_out_of_range,RRWWRRW,amp_diffusion_train_eval
length_out_of_range,RRWWRRW,amp_diffusion_train_eval
length_out_of_range,RRWWRRW,amp_diffusion_train_eval
length_out_of_range,RRWWRRW,amp_diffusion_train_eval
length_out_of_range,RRWWRRW,amp_diffusion_train_eval
length_out_of_range,RRWWRRW,amp_diffusion_train_eval
length_out_of_range,RRWWRRW,amp_diffusion_train_eval
length_out_of_range,RRWWRRW,amp_diffusion_train_eval
length_out_of_range,RRWWRRW,amp_diffusion_train_eval
length_out_of_range,LRWQN,amp_diffusion_train_eval
length_out_of_range,LRWQN,amp_diffusion_train_eval
length_out_of_range,LRWQN,amp_diffusion_train_eval
length_out_of_range,LRWQN,amp_diffusion_train_eval
length_out_of_range,LRWQN,amp_diffusion_train_eval
length_out_of_range,LRWQN,amp_diffusion_train_eval
length_out_of_range,LRWQN,amp_diffusion_train_eval
length_out_of_range,LRWQN,amp_diffusion_train_eval
length_out_of_range,LRWQN,amp_diffusion_train_eval
length_out_of_range,LRWQN,amp_diffusion_train_eval
length_out_of_range,LRWQN,amp_diffusion_train_eval
length_out_of_range,ELLSRV,amp_diffusion_train_eval
length_out_of_range,ELLSRV,amp_diffusion_train_eval
length_out_of_range,ELLSRV,amp_diffusion_train_eval
length_out_of_range,ELLSRV,amp_diffusion_train_eval
length_out_of_range,ELLSRV,amp_diffusion_train_eval
length_out_of_range,ELLSRV,amp_diffusion_train_eval
length_out_of_range,ELLSRV,amp_diffusion_train_eval
length_out_of_range,ELLSRV,amp_diffusion_train_eval
length_out_of_range,ELLSRV,amp_diffusion_train_eval
length_out_of_range,ELLSRV,amp_diffusion_train_eval
length_out_of_range,ELLSRV,amp_diffusion_train_eval
length_out_of_range,VVIRV,amp_diffusion_train_eval
length_out_of_range,VVIRV,amp_diffusion_train_eval
length_out_of_range,VVIRV,amp_diffusion_train_eval
length_out_of_range,VVIRV,amp_diffusion_train_eval
length_out_of_range,VVIRV,amp_diffusion_train_eval
length_out_of_range,VVIRV,amp_diffusion_train_eval
length_out_of_range,VVIRV,amp_diffusion_train_eval
length_out_of_range,VVIRV,amp_diffusion_train_eval
length_out_of_range,VVIRV,amp_diffusion_train_eval
length_out_of_range,VVIRV,amp_diffusion_train_eval
length_out_of_range,VVIRV,amp_diffusion_train_eval
length_out_of_range,WRRFWHR,amp_diffusion_train_eval
length_out_of_range,WRRFWHR,amp_diffusion_train_eval
length_out_of_range,WRRFWHR,amp_diffusion_train_eval
length_out_of_range,WRRFWHR,amp_diffusion_train_eval
length_out_of_range,WRRFWHR,amp_diffusion_train_eval
length_out_of_range,WRRFWHR,amp_diffusion_train_eval
length_out_of_range,WRRFWHR,amp_diffusion_train_eval
length_out_of_range,WRRFWHR,amp_diffusion_train_eval
length_out_of_range,WRRFWHR,amp_diffusion_train_eval
length_out_of_range,WRRFWHR,amp_diffusion_train_eval
length_out_of_range,WRRFWHR,amp_diffusion_train_eval
length_out_of_range,WLLVNG,amp_diffusion_train_eval
length_out_of_range,WLLVNG,amp_diffusion_train_eval
length_out_of_range,WLLVNG,amp_diffusion_train_eval
length_out_of_range,WLLVNG,amp_diffusion_train_eval
length_out_of_range,WLLVNG,amp_diffusion_train_eval
length_out_of_range,WLLVNG,amp_diffusion_train_eval
length_out_of_range,WLLVNG,amp_diffusion_train_eval
length_out_of_range,WLLVNG,amp_diffusion_train_eval
length_out_of_range,WLLVNG,amp_diffusion_train_eval
length_out_of_range,WLLVNG,amp_diffusion_train_eval
length_out_of_range,WLLVNG,amp_diffusion_train_eval
length_out_of_range,KNKWWW,amp_diffusion_train_eval
length_out_of_range,KNKWWW,amp_diffusion_train_eval
length_out_of_range,KNKWWW,amp_diffusion_train_eval
length_out_of_range,KNKWWW,amp_diffusion_train_eval
length_out_of_range,KNKWWW,amp_diffusion_train_eval
length_out_of_range,KNKWWW,amp_diffusion_train_eval
length_out_of_range,KNKWWW,amp_diffusion_train_eval
length_out_of_range,KNKWWW,amp_diffusion_train_eval
length_out_of_range,KNKWWW,amp_diffusion_train_eval
length_out_of_range,KNKWWW,amp_diffusion_train_eval
length_out_of_range,KNKWWW,amp_diffusion_train_eval
length_out_of_range,YTSVITI,amp_diffusion_train_eval
length_out_of_range,YTSVITI,amp_diffusion_train_eval
length_out_of_range,YTSVITI,amp_diffusion_train_eval
length_out_of_range,YTSVITI,amp_diffusion_train_eval
length_out_of_range,YTSVITI,amp_diffusion_train_eval
length_out_of_range,YTSVITI,amp_diffusion_train_eval
length_out_of_range,YTSVITI,amp_diffusion_train_eval
length_out_of_range,YTSVITI,amp_diffusion_train_eval
length_out_of_range,YTSVITI,amp_diffusion_train_eval
length_out_of_range,YTSVITI,amp_diffusion_train_eval
length_out_of_range,YTSVITI,amp_diffusion_train_eval
length_out_of_range,TVYTQA,amp_diffusion_train_eval
length_out_of_range,TVYTQA,amp_diffusion_train_eval
length_out_of_range,TVYTQA,amp_diffusion_train_eval
length_out_of_range,TVYTQA,amp_diffusion_train_eval
length_out_of_range,TVYTQA,amp_diffusion_train_eval
length_out_of_range,TVYTQA,amp_diffusion_train_eval
length_out_of_range,TVYTQA,amp_diffusion_train_eval
length_out_of_range,TVYTQA,amp_diffusion_train_eval
length_out_of_range,TVYTQA,amp_diffusion_train_eval
length_out_of_range,TVYTQA,amp_diffusion_train_eval
length_out_of_range,TVYTQA,amp_diffusion_train_eval
length_out_of_range,YPWGD,amp_diffusion_train_eval
length_out_of_range,YPWGD,amp_diffusion_train_eval
length_out_of_range,YPWGD,amp_diffusion_train_eval
length_out_of_range,YPWGD,amp_diffusion_train_eval
length_out_of_range,YPWGD,amp_diffusion_train_eval
length_out_of_range,YPWGD,amp_diffusion_train_eval
length_out_of_range,YPWGD,amp_diffusion_train_eval
length_out_of_range,YPWGD,amp_diffusion_train_eval
length_out_of_range,YPWGD,amp_diffusion_train_eval
length_out_of_range,YPWGD,amp_diffusion_train_eval
length_out_of_range,YPWGD,amp_diffusion_train_eval
length_out_of_range,WIRVIRW,amp_diffusion_train_eval
length_out_of_range,WIRVIRW,amp_diffusion_train_eval
length_out_of_range,WIRVIRW,amp_diffusion_train_eval
length_out_of_range,WIRVIRW,amp_diffusion_train_eval
length_out_of_range,WIRVIRW,amp_diffusion_train_eval
length_out_of_range,WIRVIRW,amp_diffusion_train_eval
length_out_of_range,WIRVIRW,amp_diffusion_train_eval
length_out_of_range,WIRVIRW,amp_diffusion_train_eval
length_out_of_range,WIRVIRW,amp_diffusion_train_eval
length_out_of_range,WIRVIRW,amp_diffusion_train_eval
length_out_of_range,WIRVIRW,amp_diffusion_train_eval
length_out_of_range,PPPPPPP,amp_diffusion_train_eval
length_out_of_range,PPPPPPP,amp_diffusion_train_eval
length_out_of_range,PPPPPPP,amp_diffusion_train_eval
length_out_of_range,PPPPPPP,amp_diffusion_train_eval
length_out_of_range,PPPPPPP,amp_diffusion_train_eval
length_out_of_range,PPPPPPP,amp_diffusion_train_eval
length_out_of_range,PPPPPPP,amp_diffusion_train_eval
length_out_of_range,PPPPPPP,amp_diffusion_train_eval
length_out_of_range,PPPPPPP,amp_diffusion_train_eval
length_out_of_range,PPPPPPP,amp_diffusion_train_eval
length_out_of_range,PPPPPPP,amp_diffusion_train_eval
length_out_of_range,LEANISQ,amp_diffusion_train_eval
length_out_of_range,LEANISQ,amp_diffusion_train_eval
length_out_of_range,LEANISQ,amp_diffusion_train_eval
length_out_of_range,LEANISQ,amp_diffusion_train_eval
length_out_of_range,LEANISQ,amp_diffusion_train_eval
length_out_of_range,LEANISQ,amp_diffusion_train_eval
length_out_of_range,LEANISQ,amp_diffusion_train_eval
length_out_of_range,LEANISQ,amp_diffusion_train_eval
length_out_of_range,LEANISQ,amp_diffusion_train_eval
length_out_of_range,LEANISQ,amp_diffusion_train_eval
length_out_of_range,LEANISQ,amp_diffusion_train_eval
length_out_of_range,KPV,amp_diffusion_train_eval
length_out_of_range,KPV,amp_diffusion_train_eval
length_out_of_range,KPV,amp_diffusion_train_eval
length_out_of_range,KPV,amp_diffusion_train_eval
length_out_of_range,KPV,amp_diffusion_train_eval
length_out_of_range,KPV,amp_diffusion_train_eval
length_out_of_range,KPV,amp_diffusion_train_eval
length_out_of_range,KPV,amp_diffusion_train_eval
length_out_of_range,KPV,amp_diffusion_train_eval
length_out_of_range,KPV,amp_diffusion_train_eval
length_out_of_range,KPV,amp_diffusion_train_eval
length_out_of_range,RRFWFRR,amp_diffusion_train_eval
length_out_of_range,RRFWFRR,amp_diffusion_train_eval
length_out_of_range,RRFWFRR,amp_diffusion_train_eval
length_out_of_range,RRFWFRR,amp_diffusion_train_eval
length_out_of_range,RRFWFRR,amp_diffusion_train_eval
length_out_of_range,RRFWFRR,amp_diffusion_train_eval
length_out_of_range,RRFWFRR,amp_diffusion_train_eval
length_out_of_range,RRFWFRR,amp_diffusion_train_eval
length_out_of_range,RRFWFRR,amp_diffusion_train_eval
length_out_of_range,RRFWFRR,amp_diffusion_train_eval
length_out_of_range,RRFWFRR,amp_diffusion_train_eval
length_out_of_range,DDDDSP,amp_diffusion_train_eval
length_out_of_range,DDDDSP,amp_diffusion_train_eval
length_out_of_range,DDDDSP,amp_diffusion_train_eval
length_out_of_range,DDDDSP,amp_diffusion_train_eval
length_out_of_range,DDDDSP,amp_diffusion_train_eval
length_out_of_range,DDDDSP,amp_diffusion_train_eval
length_out_of_range,DDDDSP,amp_diffusion_train_eval
length_out_of_range,DDDDSP,amp_diffusion_train_eval
length_out_of_range,DDDDSP,amp_diffusion_train_eval
length_out_of_range,DDDDSP,amp_diffusion_train_eval
length_out_of_range,DDDDSP,amp_diffusion_train_eval
length_out_of_range,EPTP,amp_diffusion_train_eval
length_out_of_range,EPTP,amp_diffusion_train_eval
length_out_of_range,EPTP,amp_diffusion_train_eval
length_out_of_range,EPTP,amp_diffusion_train_eval
length_out_of_range,EPTP,amp_diffusion_train_eval
length_out_of_range,EPTP,amp_diffusion_train_eval
length_out_of_range,EPTP,amp_diffusion_train_eval
length_out_of_range,EPTP,amp_diffusion_train_eval
length_out_of_range,EPTP,amp_diffusion_train_eval
length_out_of_range,EPTP,amp_diffusion_train_eval
length_out_of_range,EPTP,amp_diffusion_train_eval
length_out_of_range,CKPV,amp_diffusion_train_eval
length_out_of_range,CKPV,amp_diffusion_train_eval
length_out_of_range,CKPV,amp_diffusion_train_eval
length_out_of_range,CKPV,amp_diffusion_train_eval
length_out_of_range,CKPV,amp_diffusion_train_eval
length_out_of_range,CKPV,amp_diffusion_train_eval
length_out_of_range,CKPV,amp_diffusion_train_eval
length_out_of_range,CKPV,amp_diffusion_train_eval
length_out_of_range,CKPV,amp_diffusion_train_eval
length_out_of_range,CKPV,amp_diffusion_train_eval
length_out_of_range,CKPV,amp_diffusion_train_eval
length_out_of_range,RWRWRWK,amp_diffusion_train_eval
length_out_of_range,RWRWRWK,amp_diffusion_train_eval
length_out_of_range,RWRWRWK,amp_diffusion_train_eval
length_out_of_range,RWRWRWK,amp_diffusion_train_eval
length_out_of_range,RWRWRWK,amp_diffusion_train_eval
length_out_of_range,RWRWRWK,amp_diffusion_train_eval
length_out_of_range,RWRWRWK,amp_diffusion_train_eval
length_out_of_range,RWRWRWK,amp_diffusion_train_eval
length_out_of_range,RWRWRWK,amp_diffusion_train_eval
length_out_of_range,RWRWRWK,amp_diffusion_train_eval
length_out_of_range,RWRWRWK,amp_diffusion_train_eval
length_out_of_range,PWRRIRR,amp_diffusion_train_eval
length_out_of_range,PWRRIRR,amp_diffusion_train_eval
length_out_of_range,PWRRIRR,amp_diffusion_train_eval
length_out_of_range,PWRRIRR,amp_diffusion_train_eval
length_out_of_range,PWRRIRR,amp_diffusion_train_eval
length_out_of_range,PWRRIRR,amp_diffusion_train_eval
length_out_of_range,PWRRIRR,amp_diffusion_train_eval
length_out_of_range,PWRRIRR,amp_diffusion_train_eval
length_out_of_range,PWRRIRR,amp_diffusion_train_eval
length_out_of_range,PWRRIRR,amp_diffusion_train_eval
length_out_of_range,PWRRIRR,amp_diffusion_train_eval
length_out_of_range,LEANIS,amp_diffusion_train_eval
length_out_of_range,LEANIS,amp_diffusion_train_eval
length_out_of_range,LEANIS,amp_diffusion_train_eval
length_out_of_range,LEANIS,amp_diffusion_train_eval
length_out_of_range,LEANIS,amp_diffusion_train_eval
length_out_of_range,LEANIS,amp_diffusion_train_eval
length_out_of_range,LEANIS,amp_diffusion_train_eval
length_out_of_range,LEANIS,amp_diffusion_train_eval
length_out_of_range,LEANIS,amp_diffusion_train_eval
length_out_of_range,LEANIS,amp_diffusion_train_eval
length_out_of_range,LEANIS,amp_diffusion_train_eval
length_out_of_range,RWQEMK,amp_diffusion_train_eval
length_out_of_range,RWQEMK,amp_diffusion_train_eval
length_out_of_range,RWQEMK,amp_diffusion_train_eval
length_out_of_range,RWQEMK,amp_diffusion_train_eval
length_out_of_range,RWQEMK,amp_diffusion_train_eval
length_out_of_range,RWQEMK,amp_diffusion_train_eval
length_out_of_range,RWQEMK,amp_diffusion_train_eval
length_out_of_range,RWQEMK,amp_diffusion_train_eval
length_out_of_range,RWQEMK,amp_diffusion_train_eval
length_out_of_range,RWQEMK,amp_diffusion_train_eval
length_out_of_range,RWQEMK,amp_diffusion_train_eval
length_out_of_range,RWRW,amp_diffusion_train_eval
length_out_of_range,RWRW,amp_diffusion_train_eval
length_out_of_range,RWRW,amp_diffusion_train_eval
length_out_of_range,RWRW,amp_diffusion_train_eval
length_out_of_range,RWRW,amp_diffusion_train_eval
length_out_of_range,RWRW,amp_diffusion_train_eval
length_out_of_range,RWRW,amp_diffusion_train_eval
length_out_of_range,RWRW,amp_diffusion_train_eval
length_out_of_range,RWRW,amp_diffusion_train_eval
length_out_of_range,RWRW,amp_diffusion_train_eval
length_out_of_range,RWRW,amp_diffusion_train_eval
length_out_of_range,HDEL,amp_diffusion_train_eval
length_out_of_range,HDEL,amp_diffusion_train_eval
length_out_of_range,HDEL,amp_diffusion_train_eval
length_out_of_range,HDEL,amp_diffusion_train_eval
length_out_of_range,HDEL,amp_diffusion_train_eval
length_out_of_range,HDEL,amp_diffusion_train_eval
length_out_of_range,HDEL,amp_diffusion_train_eval
length_out_of_range,HDEL,amp_diffusion_train_eval
length_out_of_range,HDEL,amp_diffusion_train_eval
length_out_of_range,HDEL,amp_diffusion_train_eval
length_out_of_range,HDEL,amp_diffusion_train_eval
length_out_of_range,CVHTYRA,amp_diffusion_train_eval
length_out_of_range,CVHTYRA,amp_diffusion_train_eval
length_out_of_range,CVHTYRA,amp_diffusion_train_eval
length_out_of_range,CVHTYRA,amp_diffusion_train_eval
length_out_of_range,CVHTYRA,amp_diffusion_train_eval
length_out_of_range,CVHTYRA,amp_diffusion_train_eval
length_out_of_range,CVHTYRA,amp_diffusion_train_eval
length_out_of_range,CVHTYRA,amp_diffusion_train_eval
length_out_of_range,CVHTYRA,amp_diffusion_train_eval
length_out_of_range,CVHTYRA,amp_diffusion_train_eval
length_out_of_range,CVHTYRA,amp_diffusion_train_eval
length_out_of_range,CVHSFRS,amp_diffusion_train_eval
length_out_of_range,CVHSFRS,amp_diffusion_train_eval
length_out_of_range,CVHSFRS,amp_diffusion_train_eval
length_out_of_range,CVHSFRS,amp_diffusion_train_eval
length_out_of_range,CVHSFRS,amp_diffusion_train_eval
length_out_of_range,CVHSFRS,amp_diffusion_train_eval
length_out_of_range,CVHSFRS,amp_diffusion_train_eval
length_out_of_range,CVHSFRS,amp_diffusion_train_eval
length_out_of_range,CVHSFRS,amp_diffusion_train_eval
length_out_of_range,CVHSFRS,amp_diffusion_train_eval
length_out_of_range,CVHSFRS,amp_diffusion_train_eval
length_out_of_range,HPQYNAR,amp_diffusion_train_eval
length_out_of_range,HPQYNAR,amp_diffusion_train_eval
length_out_of_range,HPQYNAR,amp_diffusion_train_eval
length_out_of_range,HPQYNAR,amp_diffusion_train_eval
length_out_of_range,HPQYNAR,amp_diffusion_train_eval
length_out_of_range,HPQYNAR,amp_diffusion_train_eval
length_out_of_range,HPQYNAR,amp_diffusion_train_eval
length_out_of_range,HPQYNAR,amp_diffusion_train_eval
length_out_of_range,HPQYNAR,amp_diffusion_train_eval
length_out_of_range,HPQYNAR,amp_diffusion_train_eval
length_out_of_range,HPQYNAR,amp_diffusion_train_eval
length_out_of_range,PDENK,amp_diffusion_train_eval
length_out_of_range,PDENK,amp_diffusion_train_eval
length_out_of_range,PDENK,amp_diffusion_train_eval
length_out_of_range,PDENK,amp_diffusion_train_eval
length_out_of_range,PDENK,amp_diffusion_train_eval
length_out_of_range,PDENK,amp_diffusion_train_eval
length_out_of_range,PDENK,amp_diffusion_train_eval
length_out_of_range,PDENK,amp_diffusion_train_eval
length_out_of_range,PDENK,amp_diffusion_train_eval
length_out_of_range,PDENK,amp_diffusion_train_eval
length_out_of_range,PDENK,amp_diffusion_train_eval
length_out_of_range,RRWRWR,amp_diffusion_train_eval
length_out_of_range,RRWRWR,amp_diffusion_train_eval
length_out_of_range,RRWRWR,amp_diffusion_train_eval
length_out_of_range,RRWRWR,amp_diffusion_train_eval
length_out_of_range,RRWRWR,amp_diffusion_train_eval
length_out_of_range,RRWRWR,amp_diffusion_train_eval
length_out_of_range,RRWRWR,amp_diffusion_train_eval
length_out_of_range,RRWRWR,amp_diffusion_train_eval
length_out_of_range,RRWRWR,amp_diffusion_train_eval
length_out_of_range,RRWRWR,amp_diffusion_train_eval
length_out_of_range,RRWRWR,amp_diffusion_train_eval
length_out_of_range,WLLING,amp_diffusion_train_eval
length_out_of_range,WLLING,amp_diffusion_train_eval
length_out_of_range,WLLING,amp_diffusion_train_eval
length_out_of_range,WLLING,amp_diffusion_train_eval
length_out_of_range,WLLING,amp_diffusion_train_eval
length_out_of_range,WLLING,amp_diffusion_train_eval
length_out_of_range,WLLING,amp_diffusion_train_eval
length_out_of_range,WLLING,amp_diffusion_train_eval
length_out_of_range,WLLING,amp_diffusion_train_eval
length_out_of_range,WLLING,amp_diffusion_train_eval
length_out_of_range,WLLING,amp_diffusion_train_eval
length_out_of_range,TFFRL,amp_diffusion_train_eval
length_out_of_range,TFFRL,amp_diffusion_train_eval
length_out_of_range,TFFRL,amp_diffusion_train_eval
length_out_of_range,TFFRL,amp_diffusion_train_eval
length_out_of_range,TFFRL,amp_diffusion_train_eval
length_out_of_range,TFFRL,amp_diffusion_train_eval
length_out_of_range,TFFRL,amp_diffusion_train_eval
length_out_of_range,TFFRL,amp_diffusion_train_eval
length_out_of_range,TFFRL,amp_diffusion_train_eval
length_out_of_range,TFFRL,amp_diffusion_train_eval
length_out_of_range,TFFRL,amp_diffusion_train_eval
length_out_of_range,ASQLL,amp_diffusion_train_eval
length_out_of_range,ASQLL,amp_diffusion_train_eval
length_out_of_range,ASQLL,amp_diffusion_train_eval
length_out_of_range,ASQLL,amp_diffusion_train_eval
length_out_of_range,ASQLL,amp_diffusion_train_eval
length_out_of_range,ASQLL,amp_diffusion_train_eval
length_out_of_range,ASQLL,amp_diffusion_train_eval
length_out_of_range,ASQLL,amp_diffusion_train_eval
length_out_of_range,ASQLL,amp_diffusion_train_eval
length_out_of_range,ASQLL,amp_diffusion_train_eval
length_out_of_range,ASQLL,amp_diffusion_train_eval
length_out_of_range,RRKK,amp_diffusion_train_eval
length_out_of_range,RRKK,amp_diffusion_train_eval
length_out_of_range,RRKK,amp_diffusion_train_eval
length_out_of_range,RRKK,amp_diffusion_train_eval
length_out_of_range,RRKK,amp_diffusion_train_eval
length_out_of_range,RRKK,amp_diffusion_train_eval
length_out_of_range,RRKK,amp_diffusion_train_eval
length_out_of_range,RRKK,amp_diffusion_train_eval
length_out_of_range,RRKK,amp_diffusion_train_eval
length_out_of_range,RRKK,amp_diffusion_train_eval
length_out_of_range,RRKK,amp_diffusion_train_eval
length_out_of_range,RLRRGF,amp_diffusion_train_eval
length_out_of_range,RLRRGF,amp_diffusion_train_eval
length_out_of_range,RLRRGF,amp_diffusion_train_eval
length_out_of_range,RLRRGF,amp_diffusion_train_eval
length_out_of_range,RLRRGF,amp_diffusion_train_eval
length_out_of_range,RLRRGF,amp_diffusion_train_eval
length_out_of_range,RLRRGF,amp_diffusion_train_eval
length_out_of_range,RLRRGF,amp_diffusion_train_eval
length_out_of_range,RLRRGF,amp_diffusion_train_eval
length_out_of_range,RLRRGF,amp_diffusion_train_eval
length_out_of_range,RLRRGF,amp_diffusion_train_eval
length_out_of_range,DEDDD,amp_diffusion_train_eval
length_out_of_range,DEDDD,amp_diffusion_train_eval
length_out_of_range,DEDDD,amp_diffusion_train_eval
length_out_of_range,DEDDD,amp_diffusion_train_eval
length_out_of_range,DEDDD,amp_diffusion_train_eval
length_out_of_range,DEDDD,amp_diffusion_train_eval
length_out_of_range,DEDDD,amp_diffusion_train_eval
length_out_of_range,DEDDD,amp_diffusion_train_eval
length_out_of_range,DEDDD,amp_diffusion_train_eval
length_out_of_range,DEDDD,amp_diffusion_train_eval
length_out_of_range,DEDDD,amp_diffusion_train_eval
length_out_of_range,LKLK,amp_diffusion_train_eval
length_out_of_range,LKLK,amp_diffusion_train_eval
length_out_of_range,LKLK,amp_diffusion_train_eval
length_out_of_range,LKLK,amp_diffusion_train_eval
length_out_of_range,LKLK,amp_diffusion_train_eval
length_out_of_range,LKLK,amp_diffusion_train_eval
length_out_of_range,LKLK,amp_diffusion_train_eval
length_out_of_range,LKLK,amp_diffusion_train_eval
length_out_of_range,LKLK,amp_diffusion_train_eval
length_out_of_range,LKLK,amp_diffusion_train_eval
length_out_of_range,LKLK,amp_diffusion_train_eval
length_out_of_range,SAT,amp_diffusion_train_eval
length_out_of_range,SAT,amp_diffusion_train_eval
length_out_of_range,SAT,amp_diffusion_train_eval
length_out_of_range,SAT,amp_diffusion_train_eval
length_out_of_range,SAT,amp_diffusion_train_eval
length_out_of_range,SAT,amp_diffusion_train_eval
length_out_of_range,SAT,amp_diffusion_train_eval
length_out_of_range,SAT,amp_diffusion_train_eval
length_out_of_range,SAT,amp_diffusion_train_eval
length_out_of_range,SAT,amp_diffusion_train_eval
length_out_of_range,SAT,amp_diffusion_train_eval
length_out_of_range,IIGGH,amp_diffusion_train_eval
length_out_of_range,IIGGH,amp_diffusion_train_eval
length_out_of_range,IIGGH,amp_diffusion_train_eval
length_out_of_range,IIGGH,amp_diffusion_train_eval
length_out_of_range,IIGGH,amp_diffusion_train_eval
length_out_of_range,IIGGH,amp_diffusion_train_eval
length_out_of_range,IIGGH,amp_diffusion_train_eval
length_out_of_range,IIGGH,amp_diffusion_train_eval
length_out_of_range,IIGGH,amp_diffusion_train_eval
length_out_of_range,IIGGH,amp_diffusion_train_eval
length_out_of_range,IIGGH,amp_diffusion_train_eval
length_out_of_range,QWGGG,amp_diffusion_train_eval
length_out_of_range,QWGGG,amp_diffusion_train_eval
length_out_of_range,QWGGG,amp_diffusion_train_eval
length_out_of_range,QWGGG,amp_diffusion_train_eval
length_out_of_range,QWGGG,amp_diffusion_train_eval
length_out_of_range,QWGGG,amp_diffusion_train_eval
length_out_of_range,QWGGG,amp_diffusion_train_eval
length_out_of_range,QWGGG,amp_diffusion_train_eval
length_out_of_range,QWGGG,amp_diffusion_train_eval
length_out_of_range,QWGGG,amp_diffusion_train_eval
length_out_of_range,QWGGG,amp_diffusion_train_eval
length_out_of_range,IVWIWRR,amp_diffusion_train_eval
length_out_of_range,IVWIWRR,amp_diffusion_train_eval
length_out_of_range,IVWIWRR,amp_diffusion_train_eval
length_out_of_range,IVWIWRR,amp_diffusion_train_eval
length_out_of_range,IVWIWRR,amp_diffusion_train_eval
length_out_of_range,IVWIWRR,amp_diffusion_train_eval
length_out_of_range,IVWIWRR,amp_diffusion_train_eval
length_out_of_range,IVWIWRR,amp_diffusion_train_eval
length_out_of_range,IVWIWRR,amp_diffusion_train_eval
length_out_of_range,IVWIWRR,amp_diffusion_train_eval
length_out_of_range,IVWIWRR,amp_diffusion_train_eval
length_out_of_range,PWWKTSK,amp_diffusion_train_eval
length_out_of_range,PWWKTSK,amp_diffusion_train_eval
length_out_of_range,PWWKTSK,amp_diffusion_train_eval
length_out_of_range,PWWKTSK,amp_diffusion_train_eval
length_out_of_range,PWWKTSK,amp_diffusion_train_eval
length_out_of_range,PWWKTSK,amp_diffusion_train_eval
length_out_of_range,PWWKTSK,amp_diffusion_train_eval
length_out_of_range,PWWKTSK,amp_diffusion_train_eval
length_out_of_range,PWWKTSK,amp_diffusion_train_eval
length_out_of_range,PWWKTSK,amp_diffusion_train_eval
length_out_of_range,PWWKTSK,amp_diffusion_train_eval
length_out_of_range,WA,amp_diffusion_train_eval
length_out_of_range,WA,amp_diffusion_train_eval
length_out_of_range,WA,amp_diffusion_train_eval
length_out_of_range,WA,amp_diffusion_train_eval
length_out_of_range,WA,amp_diffusion_train_eval
length_out_of_range,WA,amp_diffusion_train_eval
length_out_of_range,WA,amp_diffusion_train_eval
length_out_of_range,WA,amp_diffusion_train_eval
length_out_of_range,WA,amp_diffusion_train_eval
length_out_of_range,WA,amp_diffusion_train_eval
length_out_of_range,WA,amp_diffusion_train_eval
length_out_of_range,YTRGLPM,amp_diffusion_train_eval
length_out_of_range,YTRGLPM,amp_diffusion_train_eval
length_out_of_range,YTRGLPM,amp_diffusion_train_eval
length_out_of_range,YTRGLPM,amp_diffusion_train_eval
length_out_of_range,YTRGLPM,amp_diffusion_train_eval
length_out_of_range,YTRGLPM,amp_diffusion_train_eval
length_out_of_range,YTRGLPM,amp_diffusion_train_eval
length_out_of_range,YTRGLPM,amp_diffusion_train_eval
length_out_of_range,YTRGLPM,amp_diffusion_train_eval
length_out_of_range,YTRGLPM,amp_diffusion_train_eval
length_out_of_range,YTRGLPM,amp_diffusion_train_eval
length_out_of_range,MTKQEYL,amp_diffusion_train_eval
length_out_of_range,MTKQEYL,amp_diffusion_train_eval
length_out_of_range,MTKQEYL,amp_diffusion_train_eval
length_out_of_range,MTKQEYL,amp_diffusion_train_eval
length_out_of_range,MTKQEYL,amp_diffusion_train_eval
length_out_of_range,MTKQEYL,amp_diffusion_train_eval
length_out_of_range,MTKQEYL,amp_diffusion_train_eval
length_out_of_range,MTKQEYL,amp_diffusion_train_eval
length_out_of_range,MTKQEYL,amp_diffusion_train_eval
length_out_of_range,MTKQEYL,amp_diffusion_train_eval
length_out_of_range,MTKQEYL,amp_diffusion_train_eval
length_out_of_range,RVRVR,amp_diffusion_train_eval
length_out_of_range,RVRVR,amp_diffusion_train_eval
length_out_of_range,RVRVR,amp_diffusion_train_eval
length_out_of_range,RVRVR,amp_diffusion_train_eval
length_out_of_range,RVRVR,amp_diffusion_train_eval
length_out_of_range,RVRVR,amp_diffusion_train_eval
length_out_of_range,RVRVR,amp_diffusion_train_eval
length_out_of_range,RVRVR,amp_diffusion_train_eval
length_out_of_range,RVRVR,amp_diffusion_train_eval
length_out_of_range,RVRVR,amp_diffusion_train_eval
length_out_of_range,RVRVR,amp_diffusion_train_eval
length_out_of_range,RRWQW,amp_diffusion_train_eval
length_out_of_range,RRWQW,amp_diffusion_train_eval
length_out_of_range,RRWQW,amp_diffusion_train_eval
length_out_of_range,RRWQW,amp_diffusion_train_eval
length_out_of_range,RRWQW,amp_diffusion_train_eval
length_out_of_range,RRWQW,amp_diffusion_train_eval
length_out_of_range,RRWQW,amp_diffusion_train_eval
length_out_of_range,RRWQW,amp_diffusion_train_eval
length_out_of_range,RRWQW,amp_diffusion_train_eval
length_out_of_range,RRWQW,amp_diffusion_train_eval
length_out_of_range,RRWQW,amp_diffusion_train_eval
length_out_of_range,KP,amp_diffusion_train_eval
length_out_of_range,KP,amp_diffusion_train_eval
length_out_of_range,KP,amp_diffusion_train_eval
length_out_of_range,KP,amp_diffusion_train_eval
length_out_of_range,KP,amp_diffusion_train_eval
length_out_of_range,KP,amp_diffusion_train_eval
length_out_of_range,KP,amp_diffusion_train_eval
length_out_of_range,KP,amp_diffusion_train_eval
length_out_of_range,KP,amp_diffusion_train_eval
length_out_of_range,KP,amp_diffusion_train_eval
length_out_of_range,KP,amp_diffusion_train_eval
length_out_of_range,KIWVRWK,amp_diffusion_train_eval
length_out_of_range,KIWVRWK,amp_diffusion_train_eval
length_out_of_range,KIWVRWK,amp_diffusion_train_eval
length_out_of_range,KIWVRWK,amp_diffusion_train_eval
length_out_of_range,KIWVRWK,amp_diffusion_train_eval
length_out_of_range,KIWVRWK,amp_diffusion_train_eval
length_out_of_range,KIWVRWK,amp_diffusion_train_eval
length_out_of_range,KIWVRWK,amp_diffusion_train_eval
length_out_of_range,KIWVRWK,amp_diffusion_train_eval
length_out_of_range,KIWVRWK,amp_diffusion_train_eval
length_out_of_range,KIWVRWK,amp_diffusion_train_eval
length_out_of_range,FRFSFKK,amp_diffusion_train_eval
length_out_of_range,FRFSFKK,amp_diffusion_train_eval
length_out_of_range,FRFSFKK,amp_diffusion_train_eval
length_out_of_range,FRFSFKK,amp_diffusion_train_eval
length_out_of_range,FRFSFKK,amp_diffusion_train_eval
length_out_of_range,FRFSFKK,amp_diffusion_train_eval
length_out_of_range,FRFSFKK,amp_diffusion_train_eval
length_out_of_range,FRFSFKK,amp_diffusion_train_eval
length_out_of_range,FRFSFKK,amp_diffusion_train_eval
length_out_of_range,FRFSFKK,amp_diffusion_train_eval
length_out_of_range,FRFSFKK,amp_diffusion_train_eval
length_out_of_range,CKSIFC,amp_diffusion_train_eval
length_out_of_range,CKSIFC,amp_diffusion_train_eval
length_out_of_range,CKSIFC,amp_diffusion_train_eval
length_out_of_range,CKSIFC,amp_diffusion_train_eval
length_out_of_range,CKSIFC,amp_diffusion_train_eval
length_out_of_range,CKSIFC,amp_diffusion_train_eval
length_out_of_range,CKSIFC,amp_diffusion_train_eval
length_out_of_range,CKSIFC,amp_diffusion_train_eval
length_out_of_range,CKSIFC,amp_diffusion_train_eval
length_out_of_range,CKSIFC,amp_diffusion_train_eval
length_out_of_range,CKSIFC,amp_diffusion_train_eval
length_out_of_range,PEVFLM,amp_diffusion_train_eval
length_out_of_range,PEVFLM,amp_diffusion_train_eval
length_out_of_range,PEVFLM,amp_diffusion_train_eval
length_out_of_range,PEVFLM,amp_diffusion_train_eval
length_out_of_range,PEVFLM,amp_diffusion_train_eval
length_out_of_range,PEVFLM,amp_diffusion_train_eval
length_out_of_range,PEVFLM,amp_diffusion_train_eval
length_out_of_range,PEVFLM,amp_diffusion_train_eval
length_out_of_range,PEVFLM,amp_diffusion_train_eval
length_out_of_range,PEVFLM,amp_diffusion_train_eval
length_out_of_range,PEVFLM,amp_diffusion_train_eval
length_out_of_range,TGRAKRR,amp_diffusion_train_eval
length_out_of_range,TGRAKRR,amp_diffusion_train_eval
length_out_of_range,TGRAKRR,amp_diffusion_train_eval
length_out_of_range,TGRAKRR,amp_diffusion_train_eval
length_out_of_range,TGRAKRR,amp_diffusion_train_eval
length_out_of_range,TGRAKRR,amp_diffusion_train_eval
length_out_of_range,TGRAKRR,amp_diffusion_train_eval
length_out_of_range,TGRAKRR,amp_diffusion_train_eval
length_out_of_range,TGRAKRR,amp_diffusion_train_eval
length_out_of_range,TGRAKRR,amp_diffusion_train_eval
length_out_of_range,TGRAKRR,amp_diffusion_train_eval
length_out_of_range,YY,amp_diffusion_train_eval
length_out_of_range,YY,amp_diffusion_train_eval
length_out_of_range,YY,amp_diffusion_train_eval
length_out_of_range,YY,amp_diffusion_train_eval
length_out_of_range,YY,amp_diffusion_train_eval
length_out_of_range,YY,amp_diffusion_train_eval
length_out_of_range,YY,amp_diffusion_train_eval
length_out_of_range,YY,amp_diffusion_train_eval
length_out_of_range,YY,amp_diffusion_train_eval
length_out_of_range,YY,amp_diffusion_train_eval
length_out_of_range,YY,amp_diffusion_train_eval
length_out_of_range,VSLTCL,amp_diffusion_train_eval
length_out_of_range,VSLTCL,amp_diffusion_train_eval
length_out_of_range,VSLTCL,amp_diffusion_train_eval
length_out_of_range,VSLTCL,amp_diffusion_train_eval
length_out_of_range,VSLTCL,amp_diffusion_train_eval
length_out_of_range,VSLTCL,amp_diffusion_train_eval
length_out_of_range,VSLTCL,amp_diffusion_train_eval
length_out_of_range,VSLTCL,amp_diffusion_train_eval
length_out_of_range,VSLTCL,amp_diffusion_train_eval
length_out_of_range,VSLTCL,amp_diffusion_train_eval
length_out_of_range,VSLTCL,amp_diffusion_train_eval
length_out_of_range,RWWKWRK,amp_diffusion_train_eval
length_out_of_range,RWWKWRK,amp_diffusion_train_eval
length_out_of_range,RWWKWRK,amp_diffusion_train_eval
length_out_of_range,RWWKWRK,amp_diffusion_train_eval
length_out_of_range,RWWKWRK,amp_diffusion_train_eval
length_out_of_range,RWWKWRK,amp_diffusion_train_eval
length_out_of_range,RWWKWRK,amp_diffusion_train_eval
length_out_of_range,RWWKWRK,amp_diffusion_train_eval
length_out_of_range,RWWKWRK,amp_diffusion_train_eval
length_out_of_range,RWWKWRK,amp_diffusion_train_eval
length_out_of_range,RWWKWRK,amp_diffusion_train_eval
length_out_of_range,KSDELL,amp_diffusion_train_eval
length_out_of_range,KSDELL,amp_diffusion_train_eval
length_out_of_range,KSDELL,amp_diffusion_train_eval
length_out_of_range,KSDELL,amp_diffusion_train_eval
length_out_of_range,KSDELL,amp_diffusion_train_eval
length_out_of_range,KSDELL,amp_diffusion_train_eval
length_out_of_range,KSDELL,amp_diffusion_train_eval
length_out_of_range,KSDELL,amp_diffusion_train_eval
length_out_of_range,KSDELL,amp_diffusion_train_eval
length_out_of_range,KSDELL,amp_diffusion_train_eval
length_out_of_range,KSDELL,amp_diffusion_train_eval
length_out_of_range,KKKK,amp_diffusion_train_eval
length_out_of_range,KKKK,amp_diffusion_train_eval
length_out_of_range,KKKK,amp_diffusion_train_eval
length_out_of_range,KKKK,amp_diffusion_train_eval
length_out_of_range,KKKK,amp_diffusion_train_eval
length_out_of_range,KKKK,amp_diffusion_train_eval
length_out_of_range,KKKK,amp_diffusion_train_eval
length_out_of_range,KKKK,amp_diffusion_train_eval
length_out_of_range,KKKK,amp_diffusion_train_eval
length_out_of_range,KKKK,amp_diffusion_train_eval
length_out_of_range,KKKK,amp_diffusion_train_eval
length_out_of_range,GCGFCC,amp_diffusion_train_eval
length_out_of_range,GCGFCC,amp_diffusion_train_eval
length_out_of_range,GCGFCC,amp_diffusion_train_eval
length_out_of_range,GCGFCC,amp_diffusion_train_eval
length_out_of_range,GCGFCC,amp_diffusion_train_eval
length_out_of_range,GCGFCC,amp_diffusion_train_eval
length_out_of_range,GCGFCC,amp_diffusion_train_eval
length_out_of_range,GCGFCC,amp_diffusion_train_eval
length_out_of_range,GCGFCC,amp_diffusion_train_eval
length_out_of_range,GCGFCC,amp_diffusion_train_eval
length_out_of_range,GCGFCC,amp_diffusion_train_eval
length_out_of_range,YEYQSY,amp_diffusion_train_eval
length_out_of_range,YEYQSY,amp_diffusion_train_eval
length_out_of_range,YEYQSY,amp_diffusion_train_eval
length_out_of_range,YEYQSY,amp_diffusion_train_eval
length_out_of_range,YEYQSY,amp_diffusion_train_eval
length_out_of_range,YEYQSY,amp_diffusion_train_eval
length_out_of_range,YEYQSY,amp_diffusion_train_eval
length_out_of_range,YEYQSY,amp_diffusion_train_eval
length_out_of_range,YEYQSY,amp_diffusion_train_eval
length_out_of_range,YEYQSY,amp_diffusion_train_eval
length_out_of_range,YEYQSY,amp_diffusion_train_eval
length_out_of_range,WE,amp_diffusion_train_eval
length_out_of_range,WE,amp_diffusion_train_eval
length_out_of_range,WE,amp_diffusion_train_eval
length_out_of_range,WE,amp_diffusion_train_eval
length_out_of_range,WE,amp_diffusion_train_eval
length_out_of_range,WE,amp_diffusion_train_eval
length_out_of_range,WE,amp_diffusion_train_eval
length_out_of_range,WE,amp_diffusion_train_eval
length_out_of_range,WE,amp_diffusion_train_eval
length_out_of_range,WE,amp_diffusion_train_eval
length_out_of_range,WE,amp_diffusion_train_eval
length_out_of_range,GHK,amp_diffusion_train_eval
length_out_of_range,GHK,amp_diffusion_train_eval
length_out_of_range,GHK,amp_diffusion_train_eval
length_out_of_range,GHK,amp_diffusion_train_eval
length_out_of_range,GHK,amp_diffusion_train_eval
length_out_of_range,GHK,amp_diffusion_train_eval
length_out_of_range,GHK,amp_diffusion_train_eval
length_out_of_range,GHK,amp_diffusion_train_eval
length_out_of_range,GHK,amp_diffusion_train_eval
length_out_of_range,GHK,amp_diffusion_train_eval
length_out_of_range,GHK,amp_diffusion_train_eval
length_out_of_range,HHHHHH,amp_diffusion_train_eval
length_out_of_range,HHHHHH,amp_diffusion_train_eval
length_out_of_range,HHHHHH,amp_diffusion_train_eval
length_out_of_range,HHHHHH,amp_diffusion_train_eval
length_out_of_range,HHHHHH,amp_diffusion_train_eval
length_out_of_range,HHHHHH,amp_diffusion_train_eval
length_out_of_range,HHHHHH,amp_diffusion_train_eval
length_out_of_range,HHHHHH,amp_diffusion_train_eval
length_out_of_range,HHHHHH,amp_diffusion_train_eval
length_out_of_range,HHHHHH,amp_diffusion_train_eval
length_out_of_range,HHHHHH,amp_diffusion_train_eval
length_out_of_range,RYH,amp_diffusion_train_eval
length_out_of_range,RYH,amp_diffusion_train_eval
length_out_of_range,RYH,amp_diffusion_train_eval
length_out_of_range,RYH,amp_diffusion_train_eval
length_out_of_range,RYH,amp_diffusion_train_eval
length_out_of_range,RYH,amp_diffusion_train_eval
length_out_of_range,RYH,amp_diffusion_train_eval
length_out_of_range,RYH,amp_diffusion_train_eval
length_out_of_range,RYH,amp_diffusion_train_eval
length_out_of_range,RYH,amp_diffusion_train_eval
length_out_of_range,RYH,amp_diffusion_train_eval
length_out_of_range,RKWHFW,amp_diffusion_train_eval
length_out_of_range,RKWHFW,amp_diffusion_train_eval
length_out_of_range,RKWHFW,amp_diffusion_train_eval
length_out_of_range,RKWHFW,amp_diffusion_train_eval
length_out_of_range,RKWHFW,amp_diffusion_train_eval
length_out_of_range,RKWHFW,amp_diffusion_train_eval
length_out_of_range,RKWHFW,amp_diffusion_train_eval
length_out_of_range,RKWHFW,amp_diffusion_train_eval
length_out_of_range,RKWHFW,amp_diffusion_train_eval
length_out_of_range,RKWHFW,amp_diffusion_train_eval
length_out_of_range,RKWHFW,amp_diffusion_train_eval
length_out_of_range,ATPFVPP,amp_diffusion_train_eval
length_out_of_range,ATPFVPP,amp_diffusion_train_eval
length_out_of_range,ATPFVPP,amp_diffusion_train_eval
length_out_of_range,ATPFVPP,amp_diffusion_train_eval
length_out_of_range,ATPFVPP,amp_diffusion_train_eval
length_out_of_range,ATPFVPP,amp_diffusion_train_eval
length_out_of_range,ATPFVPP,amp_diffusion_train_eval
length_out_of_range,ATPFVPP,amp_diffusion_train_eval
length_out_of_range,ATPFVPP,amp_diffusion_train_eval
length_out_of_range,ATPFVPP,amp_diffusion_train_eval
length_out_of_range,ATPFVPP,amp_diffusion_train_eval
length_out_of_range,KHWWW,amp_diffusion_train_eval
length_out_of_range,KHWWW,amp_diffusion_train_eval
length_out_of_range,KHWWW,amp_diffusion_train_eval
length_out_of_range,KHWWW,amp_diffusion_train_eval
length_out_of_range,KHWWW,amp_diffusion_train_eval
length_out_of_range,KHWWW,amp_diffusion_train_eval
length_out_of_range,KHWWW,amp_diffusion_train_eval
length_out_of_range,KHWWW,amp_diffusion_train_eval
length_out_of_range,KHWWW,amp_diffusion_train_eval
length_out_of_range,KHWWW,amp_diffusion_train_eval
length_out_of_range,KHWWW,amp_diffusion_train_eval
length_out_of_range,KVISMI,amp_diffusion_train_eval
length_out_of_range,KVISMI,amp_diffusion_train_eval
length_out_of_range,KVISMI,amp_diffusion_train_eval
length_out_of_range,KVISMI,amp_diffusion_train_eval
length_out_of_range,KVISMI,amp_diffusion_train_eval
length_out_of_range,KVISMI,amp_diffusion_train_eval
length_out_of_range,KVISMI,amp_diffusion_train_eval
length_out_of_range,KVISMI,amp_diffusion_train_eval
length_out_of_range,KVISMI,amp_diffusion_train_eval
length_out_of_range,KVISMI,amp_diffusion_train_eval
length_out_of_range,KVISMI,amp_diffusion_train_eval
length_out_of_range,WG,amp_diffusion_train_eval
length_out_of_range,WG,amp_diffusion_train_eval
length_out_of_range,WG,amp_diffusion_train_eval
length_out_of_range,WG,amp_diffusion_train_eval
length_out_of_range,WG,amp_diffusion_train_eval
length_out_of_range,WG,amp_diffusion_train_eval
length_out_of_range,WG,amp_diffusion_train_eval
length_out_of_range,WG,amp_diffusion_train_eval
length_out_of_range,WG,amp_diffusion_train_eval
length_out_of_range,WG,amp_diffusion_train_eval
length_out_of_range,WG,amp_diffusion_train_eval
length_out_of_range,ITFTG,amp_diffusion_train_eval
length_out_of_range,ITFTG,amp_diffusion_train_eval
length_out_of_range,ITFTG,amp_diffusion_train_eval
length_out_of_range,ITFTG,amp_diffusion_train_eval
length_out_of_range,ITFTG,amp_diffusion_train_eval
length_out_of_range,ITFTG,amp_diffusion_train_eval
length_out_of_range,ITFTG,amp_diffusion_train_eval
length_out_of_range,ITFTG,amp_diffusion_train_eval
length_out_of_range,ITFTG,amp_diffusion_train_eval
length_out_of_range,ITFTG,amp_diffusion_train_eval
length_out_of_range,ITFTG,amp_diffusion_train_eval
length_out_of_range,GAT,amp_diffusion_train_eval
length_out_of_range,GAT,amp_diffusion_train_eval
length_out_of_range,GAT,amp_diffusion_train_eval
length_out_of_range,GAT,amp_diffusion_train_eval
length_out_of_range,GAT,amp_diffusion_train_eval
length_out_of_range,GAT,amp_diffusion_train_eval
length_out_of_range,GAT,amp_diffusion_train_eval
length_out_of_range,GAT,amp_diffusion_train_eval
length_out_of_range,GAT,amp_diffusion_train_eval
length_out_of_range,GAT,amp_diffusion_train_eval
length_out_of_range,GAT,amp_diffusion_train_eval
length_out_of_range,RRWWWR,amp_diffusion_train_eval
length_out_of_range,RRWWWR,amp_diffusion_train_eval
length_out_of_range,RRWWWR,amp_diffusion_train_eval
length_out_of_range,RRWWWR,amp_diffusion_train_eval
length_out_of_range,RRWWWR,amp_diffusion_train_eval
length_out_of_range,RRWWWR,amp_diffusion_train_eval
length_out_of_range,RRWWWR,amp_diffusion_train_eval
length_out_of_range,RRWWWR,amp_diffusion_train_eval
length_out_of_range,RRWWWR,amp_diffusion_train_eval
length_out_of_range,RRWWWR,amp_diffusion_train_eval
length_out_of_range,RRWWWR,amp_diffusion_train_eval
length_out_of_range,QSAP,amp_diffusion_train_eval
length_out_of_range,QSAP,amp_diffusion_train_eval
length_out_of_range,QSAP,amp_diffusion_train_eval
length_out_of_range,QSAP,amp_diffusion_train_eval
length_out_of_range,QSAP,amp_diffusion_train_eval
length_out_of_range,QSAP,amp_diffusion_train_eval
length_out_of_range,QSAP,amp_diffusion_train_eval
length_out_of_range,QSAP,amp_diffusion_train_eval
length_out_of_range,QSAP,amp_diffusion_train_eval
length_out_of_range,QSAP,amp_diffusion_train_eval
length_out_of_range,QSAP,amp_diffusion_train_eval
length_out_of_range,IRVAR,amp_diffusion_train_eval
length_out_of_range,IRVAR,amp_diffusion_train_eval
length_out_of_range,IRVAR,amp_diffusion_train_eval
length_out_of_range,IRVAR,amp_diffusion_train_eval
length_out_of_range,IRVAR,amp_diffusion_train_eval
length_out_of_range,IRVAR,amp_diffusion_train_eval
length_out_of_range,IRVAR,amp_diffusion_train_eval
length_out_of_range,IRVAR,amp_diffusion_train_eval
length_out_of_range,IRVAR,amp_diffusion_train_eval
length_out_of_range,IRVAR,amp_diffusion_train_eval
length_out_of_range,IRVAR,amp_diffusion_train_eval
length_out_of_range,PGAAHY,amp_diffusion_train_eval
length_out_of_range,PGAAHY,amp_diffusion_train_eval
length_out_of_range,PGAAHY,amp_diffusion_train_eval
length_out_of_range,PGAAHY,amp_diffusion_train_eval
length_out_of_range,PGAAHY,amp_diffusion_train_eval
length_out_of_range,PGAAHY,amp_diffusion_train_eval
length_out_of_range,PGAAHY,amp_diffusion_train_eval
length_out_of_range,PGAAHY,amp_diffusion_train_eval
length_out_of_range,PGAAHY,amp_diffusion_train_eval
length_out_of_range,PGAAHY,amp_diffusion_train_eval
length_out_of_range,PGAAHY,amp_diffusion_train_eval
length_out_of_range,CICYFP,amp_diffusion_train_eval
length_out_of_range,CICYFP,amp_diffusion_train_eval
length_out_of_range,CICYFP,amp_diffusion_train_eval
length_out_of_range,CICYFP,amp_diffusion_train_eval
length_out_of_range,CICYFP,amp_diffusion_train_eval
length_out_of_range,CICYFP,amp_diffusion_train_eval
length_out_of_range,CICYFP,amp_diffusion_train_eval
length_out_of_range,CICYFP,amp_diffusion_train_eval
length_out_of_range,CICYFP,amp_diffusion_train_eval
length_out_of_range,CICYFP,amp_diffusion_train_eval
length_out_of_range,CICYFP,amp_diffusion_train_eval
length_out_of_range,APQYNQR,amp_diffusion_train_eval
length_out_of_range,APQYNQR,amp_diffusion_train_eval
length_out_of_range,APQYNQR,amp_diffusion_train_eval
length_out_of_range,APQYNQR,amp_diffusion_train_eval
length_out_of_range,APQYNQR,amp_diffusion_train_eval
length_out_of_range,APQYNQR,amp_diffusion_train_eval
length_out_of_range,APQYNQR,amp_diffusion_train_eval
length_out_of_range,APQYNQR,amp_diffusion_train_eval
length_out_of_range,APQYNQR,amp_diffusion_train_eval
length_out_of_range,APQYNQR,amp_diffusion_train_eval
length_out_of_range,APQYNQR,amp_diffusion_train_eval
length_out_of_range,YYVVFF,amp_diffusion_train_eval
length_out_of_range,YYVVFF,amp_diffusion_train_eval
length_out_of_range,YYVVFF,amp_diffusion_train_eval
length_out_of_range,YYVVFF,amp_diffusion_train_eval
length_out_of_range,YYVVFF,amp_diffusion_train_eval
length_out_of_range,YYVVFF,amp_diffusion_train_eval
length_out_of_range,YYVVFF,amp_diffusion_train_eval
length_out_of_range,YYVVFF,amp_diffusion_train_eval
length_out_of_range,YYVVFF,amp_diffusion_train_eval
length_out_of_range,YYVVFF,amp_diffusion_train_eval
length_out_of_range,YYVVFF,amp_diffusion_train_eval
length_out_of_range,WH,amp_diffusion_train_eval
length_out_of_range,WH,amp_diffusion_train_eval
length_out_of_range,WH,amp_diffusion_train_eval
length_out_of_range,WH,amp_diffusion_train_eval
length_out_of_range,WH,amp_diffusion_train_eval
length_out_of_range,WH,amp_diffusion_train_eval
length_out_of_range,WH,amp_diffusion_train_eval
length_out_of_range,WH,amp_diffusion_train_eval
length_out_of_range,WH,amp_diffusion_train_eval
length_out_of_range,WH,amp_diffusion_train_eval
length_out_of_range,WH,amp_diffusion_train_eval
length_out_of_range,TGTG,amp_diffusion_train_eval
length_out_of_range,TGTG,amp_diffusion_train_eval
length_out_of_range,TGTG,amp_diffusion_train_eval
length_out_of_range,TGTG,amp_diffusion_train_eval
length_out_of_range,TGTG,amp_diffusion_train_eval
length_out_of_range,TGTG,amp_diffusion_train_eval
length_out_of_range,TGTG,amp_diffusion_train_eval
length_out_of_range,TGTG,amp_diffusion_train_eval
length_out_of_range,TGTG,amp_diffusion_train_eval
length_out_of_range,TGTG,amp_diffusion_train_eval
length_out_of_range,TGTG,amp_diffusion_train_eval
length_out_of_range,GLYNHPQ,amp_diffusion_train_eval
length_out_of_range,GLYNHPQ,amp_diffusion_train_eval
length_out_of_range,GLYNHPQ,amp_diffusion_train_eval
length_out_of_range,GLYNHPQ,amp_diffusion_train_eval
length_out_of_range,GLYNHPQ,amp_diffusion_train_eval
length_out_of_range,GLYNHPQ,amp_diffusion_train_eval
length_out_of_range,GLYNHPQ,amp_diffusion_train_eval
length_out_of_range,GLYNHPQ,amp_diffusion_train_eval
length_out_of_range,GLYNHPQ,amp_diffusion_train_eval
length_out_of_range,GLYNHPQ,amp_diffusion_train_eval
length_out_of_range,GLYNHPQ,amp_diffusion_train_eval
length_out_of_range,RIVVIRV,amp_diffusion_train_eval
length_out_of_range,RIVVIRV,amp_diffusion_train_eval
length_out_of_range,RIVVIRV,amp_diffusion_train_eval
length_out_of_range,RIVVIRV,amp_diffusion_train_eval
length_out_of_range,RIVVIRV,amp_diffusion_train_eval
length_out_of_range,RIVVIRV,amp_diffusion_train_eval
length_out_of_range,RIVVIRV,amp_diffusion_train_eval
length_out_of_range,RIVVIRV,amp_diffusion_train_eval
length_out_of_range,RIVVIRV,amp_diffusion_train_eval
length_out_of_range,RIVVIRV,amp_diffusion_train_eval
length_out_of_range,RIVVIRV,amp_diffusion_train_eval
length_out_of_range,HPQYNQ,amp_diffusion_train_eval
length_out_of_range,HPQYNQ,amp_diffusion_train_eval
length_out_of_range,HPQYNQ,amp_diffusion_train_eval
length_out_of_range,HPQYNQ,amp_diffusion_train_eval
length_out_of_range,HPQYNQ,amp_diffusion_train_eval
length_out_of_range,HPQYNQ,amp_diffusion_train_eval
length_out_of_range,HPQYNQ,amp_diffusion_train_eval
length_out_of_range,HPQYNQ,amp_diffusion_train_eval
length_out_of_range,HPQYNQ,amp_diffusion_train_eval
length_out_of_range,HPQYNQ,amp_diffusion_train_eval
length_out_of_range,HPQYNQ,amp_diffusion_train_eval
length_out_of_range,AADDDDD,amp_diffusion_train_eval
length_out_of_range,AADDDDD,amp_diffusion_train_eval
length_out_of_range,AADDDDD,amp_diffusion_train_eval
length_out_of_range,AADDDDD,amp_diffusion_train_eval
length_out_of_range,AADDDDD,amp_diffusion_train_eval
length_out_of_range,AADDDDD,amp_diffusion_train_eval
length_out_of_range,AADDDDD,amp_diffusion_train_eval
length_out_of_range,AADDDDD,amp_diffusion_train_eval
length_out_of_range,AADDDDD,amp_diffusion_train_eval
length_out_of_range,AADDDDD,amp_diffusion_train_eval
length_out_of_range,AADDDDD,amp_diffusion_train_eval
length_out_of_range,EWLS,amp_diffusion_train_eval
length_out_of_range,EWLS,amp_diffusion_train_eval
length_out_of_range,EWLS,amp_diffusion_train_eval
length_out_of_range,EWLS,amp_diffusion_train_eval
length_out_of_range,EWLS,amp_diffusion_train_eval
length_out_of_range,EWLS,amp_diffusion_train_eval
length_out_of_range,EWLS,amp_diffusion_train_eval
length_out_of_range,EWLS,amp_diffusion_train_eval
length_out_of_range,EWLS,amp_diffusion_train_eval
length_out_of_range,EWLS,amp_diffusion_train_eval
length_out_of_range,EWLS,amp_diffusion_train_eval
length_out_of_range,MLNERVK,amp_diffusion_train_eval
length_out_of_range,MLNERVK,amp_diffusion_train_eval
length_out_of_range,MLNERVK,amp_diffusion_train_eval
length_out_of_range,MLNERVK,amp_diffusion_train_eval
length_out_of_range,MLNERVK,amp_diffusion_train_eval
length_out_of_range,MLNERVK,amp_diffusion_train_eval
length_out_of_range,MLNERVK,amp_diffusion_train_eval
length_out_of_range,MLNERVK,amp_diffusion_train_eval
length_out_of_range,MLNERVK,amp_diffusion_train_eval
length_out_of_range,MLNERVK,amp_diffusion_train_eval
length_out_of_range,MLNERVK,amp_diffusion_train_eval
length_out_of_range,RRVW,amp_diffusion_train_eval
length_out_of_range,RRVW,amp_diffusion_train_eval
length_out_of_range,RRVW,amp_diffusion_train_eval
length_out_of_range,RRVW,amp_diffusion_train_eval
length_out_of_range,RRVW,amp_diffusion_train_eval
length_out_of_range,RRVW,amp_diffusion_train_eval
length_out_of_range,RRVW,amp_diffusion_train_eval
length_out_of_range,RRVW,amp_diffusion_train_eval
length_out_of_range,RRVW,amp_diffusion_train_eval
length_out_of_range,RRVW,amp_diffusion_train_eval
length_out_of_range,RRVW,amp_diffusion_train_eval
length_out_of_range,RWRFWR,amp_diffusion_train_eval
length_out_of_range,RWRFWR,amp_diffusion_train_eval
length_out_of_range,RWRFWR,amp_diffusion_train_eval
length_out_of_range,RWRFWR,amp_diffusion_train_eval
length_out_of_range,RWRFWR,amp_diffusion_train_eval
length_out_of_range,RWRFWR,amp_diffusion_train_eval
length_out_of_range,RWRFWR,amp_diffusion_train_eval
length_out_of_range,RWRFWR,amp_diffusion_train_eval
length_out_of_range,RWRFWR,amp_diffusion_train_eval
length_out_of_range,RWRFWR,amp_diffusion_train_eval
length_out_of_range,RWRFWR,amp_diffusion_train_eval
length_out_of_range,EAEP,amp_diffusion_train_eval
length_out_of_range,EAEP,amp_diffusion_train_eval
length_out_of_range,EAEP,amp_diffusion_train_eval
length_out_of_range,EAEP,amp_diffusion_train_eval
length_out_of_range,EAEP,amp_diffusion_train_eval
length_out_of_range,EAEP,amp_diffusion_train_eval
length_out_of_range,EAEP,amp_diffusion_train_eval
length_out_of_range,EAEP,amp_diffusion_train_eval
length_out_of_range,EAEP,amp_diffusion_train_eval
length_out_of_range,EAEP,amp_diffusion_train_eval
length_out_of_range,EAEP,amp_diffusion_train_eval
length_out_of_range,FLGALIK,amp_diffusion_train_eval
length_out_of_range,FLGALIK,amp_diffusion_train_eval
length_out_of_range,FLGALIK,amp_diffusion_train_eval
length_out_of_range,FLGALIK,amp_diffusion_train_eval
length_out_of_range,FLGALIK,amp_diffusion_train_eval
length_out_of_range,FLGALIK,amp_diffusion_train_eval
length_out_of_range,FLGALIK,amp_diffusion_train_eval
length_out_of_range,FLGALIK,amp_diffusion_train_eval
length_out_of_range,FLGALIK,amp_diffusion_train_eval
length_out_of_range,FLGALIK,amp_diffusion_train_eval
length_out_of_range,FLGALIK,amp_diffusion_train_eval
length_out_of_range,IRWVIRW,amp_diffusion_train_eval
length_out_of_range,IRWVIRW,amp_diffusion_train_eval
length_out_of_range,IRWVIRW,amp_diffusion_train_eval
length_out_of_range,IRWVIRW,amp_diffusion_train_eval
length_out_of_range,IRWVIRW,amp_diffusion_train_eval
length_out_of_range,IRWVIRW,amp_diffusion_train_eval
length_out_of_range,IRWVIRW,amp_diffusion_train_eval
length_out_of_range,IRWVIRW,amp_diffusion_train_eval
length_out_of_range,IRWVIRW,amp_diffusion_train_eval
length_out_of_range,IRWVIRW,amp_diffusion_train_eval
length_out_of_range,IRWVIRW,amp_diffusion_train_eval
length_out_of_range,LILI,amp_diffusion_train_eval
length_out_of_range,LILI,amp_diffusion_train_eval
length_out_of_range,LILI,amp_diffusion_train_eval
length_out_of_range,LILI,amp_diffusion_train_eval
length_out_of_range,LILI,amp_diffusion_train_eval
length_out_of_range,LILI,amp_diffusion_train_eval
length_out_of_range,LILI,amp_diffusion_train_eval
length_out_of_range,LILI,amp_diffusion_train_eval
length_out_of_range,LILI,amp_diffusion_train_eval
length_out_of_range,LILI,amp_diffusion_train_eval
length_out_of_range,LILI,amp_diffusion_train_eval
length_out_of_range,VLN,amp_diffusion_train_eval
length_out_of_range,VLN,amp_diffusion_train_eval
length_out_of_range,VLN,amp_diffusion_train_eval
length_out_of_range,VLN,amp_diffusion_train_eval
length_out_of_range,VLN,amp_diffusion_train_eval
length_out_of_range,VLN,amp_diffusion_train_eval
length_out_of_range,VLN,amp_diffusion_train_eval
length_out_of_range,VLN,amp_diffusion_train_eval
length_out_of_range,VLN,amp_diffusion_train_eval
length_out_of_range,VLN,amp_diffusion_train_eval
length_out_of_range,VLN,amp_diffusion_train_eval
length_out_of_range,TCGGQGR,amp_diffusion_train_eval
length_out_of_range,TCGGQGR,amp_diffusion_train_eval
length_out_of_range,TCGGQGR,amp_diffusion_train_eval
length_out_of_range,TCGGQGR,amp_diffusion_train_eval
length_out_of_range,TCGGQGR,amp_diffusion_train_eval
length_out_of_range,TCGGQGR,amp_diffusion_train_eval
length_out_of_range,TCGGQGR,amp_diffusion_train_eval
length_out_of_range,TCGGQGR,amp_diffusion_train_eval
length_out_of_range,TCGGQGR,amp_diffusion_train_eval
length_out_of_range,TCGGQGR,amp_diffusion_train_eval
length_out_of_range,TCGGQGR,amp_diffusion_train_eval
length_out_of_range,LKLLKKL,amp_diffusion_train_eval
length_out_of_range,LKLLKKL,amp_diffusion_train_eval
length_out_of_range,LKLLKKL,amp_diffusion_train_eval
length_out_of_range,LKLLKKL,amp_diffusion_train_eval
length_out_of_range,LKLLKKL,amp_diffusion_train_eval
length_out_of_range,LKLLKKL,amp_diffusion_train_eval
length_out_of_range,LKLLKKL,amp_diffusion_train_eval
length_out_of_range,LKLLKKL,amp_diffusion_train_eval
length_out_of_range,LKLLKKL,amp_diffusion_train_eval
length_out_of_range,LKLLKKL,amp_diffusion_train_eval
length_out_of_range,LKLLKKL,amp_diffusion_train_eval
length_out_of_range,LLEYS,amp_diffusion_train_eval
length_out_of_range,LLEYS,amp_diffusion_train_eval
length_out_of_range,LLEYS,amp_diffusion_train_eval
length_out_of_range,LLEYS,amp_diffusion_train_eval
length_out_of_range,LLEYS,amp_diffusion_train_eval
length_out_of_range,LLEYS,amp_diffusion_train_eval
length_out_of_range,LLEYS,amp_diffusion_train_eval
length_out_of_range,LLEYS,amp_diffusion_train_eval
length_out_of_range,LLEYS,amp_diffusion_train_eval
length_out_of_range,LLEYS,amp_diffusion_train_eval
length_out_of_range,LLEYS,amp_diffusion_train_eval
length_out_of_range,VG,amp_diffusion_train_eval
length_out_of_range,VG,amp_diffusion_train_eval
length_out_of_range,VG,amp_diffusion_train_eval
length_out_of_range,VG,amp_diffusion_train_eval
length_out_of_range,VG,amp_diffusion_train_eval
length_out_of_range,VG,amp_diffusion_train_eval
length_out_of_range,VG,amp_diffusion_train_eval
length_out_of_range,VG,amp_diffusion_train_eval
length_out_of_range,VG,amp_diffusion_train_eval
length_out_of_range,VG,amp_diffusion_train_eval
length_out_of_range,VG,amp_diffusion_train_eval
length_out_of_range,YTSLIHS,amp_diffusion_train_eval
length_out_of_range,YTSLIHS,amp_diffusion_train_eval
length_out_of_range,YTSLIHS,amp_diffusion_train_eval
length_out_of_range,YTSLIHS,amp_diffusion_train_eval
length_out_of_range,YTSLIHS,amp_diffusion_train_eval
length_out_of_range,YTSLIHS,amp_diffusion_train_eval
length_out_of_range,YTSLIHS,amp_diffusion_train_eval
length_out_of_range,YTSLIHS,amp_diffusion_train_eval
length_out_of_range,YTSLIHS,amp_diffusion_train_eval
length_out_of_range,YTSLIHS,amp_diffusion_train_eval
length_out_of_range,YTSLIHS,amp_diffusion_train_eval
length_out_of_range,SQPRPQP,amp_diffusion_train_eval
length_out_of_range,SQPRPQP,amp_diffusion_train_eval
length_out_of_range,SQPRPQP,amp_diffusion_train_eval
length_out_of_range,SQPRPQP,amp_diffusion_train_eval
length_out_of_range,SQPRPQP,amp_diffusion_train_eval
length_out_of_range,SQPRPQP,amp_diffusion_train_eval
length_out_of_range,SQPRPQP,amp_diffusion_train_eval
length_out_of_range,SQPRPQP,amp_diffusion_train_eval
length_out_of_range,SQPRPQP,amp_diffusion_train_eval
length_out_of_range,SQPRPQP,amp_diffusion_train_eval
length_out_of_range,SQPRPQP,amp_diffusion_train_eval
length_out_of_range,RRWWRRF,amp_diffusion_train_eval
length_out_of_range,RRWWRRF,amp_diffusion_train_eval
length_out_of_range,RRWWRRF,amp_diffusion_train_eval
length_out_of_range,RRWWRRF,amp_diffusion_train_eval
length_out_of_range,RRWWRRF,amp_diffusion_train_eval
length_out_of_range,RRWWRRF,amp_diffusion_train_eval
length_out_of_range,RRWWRRF,amp_diffusion_train_eval
length_out_of_range,RRWWRRF,amp_diffusion_train_eval
length_out_of_range,RRWWRRF,amp_diffusion_train_eval
length_out_of_range,RRWWRRF,amp_diffusion_train_eval
length_out_of_range,RRWWRRF,amp_diffusion_train_eval
length_out_of_range,SRFVQ,amp_diffusion_train_eval
length_out_of_range,SRFVQ,amp_diffusion_train_eval
length_out_of_range,SRFVQ,amp_diffusion_train_eval
length_out_of_range,SRFVQ,amp_diffusion_train_eval
length_out_of_range,SRFVQ,amp_diffusion_train_eval
length_out_of_range,SRFVQ,amp_diffusion_train_eval
length_out_of_range,SRFVQ,amp_diffusion_train_eval
length_out_of_range,SRFVQ,amp_diffusion_train_eval
length_out_of_range,SRFVQ,amp_diffusion_train_eval
length_out_of_range,SRFVQ,amp_diffusion_train_eval
length_out_of_range,SRFVQ,amp_diffusion_train_eval
length_out_of_range,RWRKRWK,amp_diffusion_train_eval
length_out_of_range,RWRKRWK,amp_diffusion_train_eval
length_out_of_range,RWRKRWK,amp_diffusion_train_eval
length_out_of_range,RWRKRWK,amp_diffusion_train_eval
length_out_of_range,RWRKRWK,amp_diffusion_train_eval
length_out_of_range,RWRKRWK,amp_diffusion_train_eval
length_out_of_range,RWRKRWK,amp_diffusion_train_eval
length_out_of_range,RWRKRWK,amp_diffusion_train_eval
length_out_of_range,RWRKRWK,amp_diffusion_train_eval
length_out_of_range,RWRKRWK,amp_diffusion_train_eval
length_out_of_range,RWRKRWK,amp_diffusion_train_eval
length_out_of_range,WAIVLL,amp_diffusion_train_eval
length_out_of_range,WAIVLL,amp_diffusion_train_eval
length_out_of_range,WAIVLL,amp_diffusion_train_eval
length_out_of_range,WAIVLL,amp_diffusion_train_eval
length_out_of_range,WAIVLL,amp_diffusion_train_eval
length_out_of_range,WAIVLL,amp_diffusion_train_eval
length_out_of_range,WAIVLL,amp_diffusion_train_eval
length_out_of_range,WAIVLL,amp_diffusion_train_eval
length_out_of_range,WAIVLL,amp_diffusion_train_eval
length_out_of_range,WAIVLL,amp_diffusion_train_eval
length_out_of_range,WAIVLL,amp_diffusion_train_eval
length_out_of_range,RWWIYRR,amp_diffusion_train_eval
length_out_of_range,RWWIYRR,amp_diffusion_train_eval
length_out_of_range,RWWIYRR,amp_diffusion_train_eval
length_out_of_range,RWWIYRR,amp_diffusion_train_eval
length_out_of_range,RWWIYRR,amp_diffusion_train_eval
length_out_of_range,RWWIYRR,amp_diffusion_train_eval
length_out_of_range,RWWIYRR,amp_diffusion_train_eval
length_out_of_range,RWWIYRR,amp_diffusion_train_eval
length_out_of_range,RWWIYRR,amp_diffusion_train_eval
length_out_of_range,RWWIYRR,amp_diffusion_train_eval
length_out_of_range,RWWIYRR,amp_diffusion_train_eval
length_out_of_range,GL,amp_diffusion_train_eval
length_out_of_range,GL,amp_diffusion_train_eval
length_out_of_range,GL,amp_diffusion_train_eval
length_out_of_range,GL,amp_diffusion_train_eval
length_out_of_range,GL,amp_diffusion_train_eval
length_out_of_range,GL,amp_diffusion_train_eval
length_out_of_range,GL,amp_diffusion_train_eval
length_out_of_range,GL,amp_diffusion_train_eval
length_out_of_range,GL,amp_diffusion_train_eval
length_out_of_range,GL,amp_diffusion_train_eval
length_out_of_range,GL,amp_diffusion_train_eval
length_out_of_range,KNKGWWW,amp_diffusion_train_eval
length_out_of_range,KNKGWWW,amp_diffusion_train_eval
length_out_of_range,KNKGWWW,amp_diffusion_train_eval
length_out_of_range,KNKGWWW,amp_diffusion_train_eval
length_out_of_range,KNKGWWW,amp_diffusion_train_eval
length_out_of_range,KNKGWWW,amp_diffusion_train_eval
length_out_of_range,KNKGWWW,amp_diffusion_train_eval
length_out_of_range,KNKGWWW,amp_diffusion_train_eval
length_out_of_range,KNKGWWW,amp_diffusion_train_eval
length_out_of_range,KNKGWWW,amp_diffusion_train_eval
length_out_of_range,KNKGWWW,amp_diffusion_train_eval
length_out_of_range,KNE,amp_diffusion_train_eval
length_out_of_range,KNE,amp_diffusion_train_eval
length_out_of_range,KNE,amp_diffusion_train_eval
length_out_of_range,KNE,amp_diffusion_train_eval
length_out_of_range,KNE,amp_diffusion_train_eval
length_out_of_range,KNE,amp_diffusion_train_eval
length_out_of_range,KNE,amp_diffusion_train_eval
length_out_of_range,KNE,amp_diffusion_train_eval
length_out_of_range,KNE,amp_diffusion_train_eval
length_out_of_range,KNE,amp_diffusion_train_eval
length_out_of_range,KNE,amp_diffusion_train_eval
length_out_of_range,FVFLM,amp_diffusion_train_eval
length_out_of_range,FVFLM,amp_diffusion_train_eval
length_out_of_range,FVFLM,amp_diffusion_train_eval
length_out_of_range,FVFLM,amp_diffusion_train_eval
length_out_of_range,FVFLM,amp_diffusion_train_eval
length_out_of_range,FVFLM,amp_diffusion_train_eval
length_out_of_range,FVFLM,amp_diffusion_train_eval
length_out_of_range,FVFLM,amp_diffusion_train_eval
length_out_of_range,FVFLM,amp_diffusion_train_eval
length_out_of_range,FVFLM,amp_diffusion_train_eval
length_out_of_range,FVFLM,amp_diffusion_train_eval
length_out_of_range,GPE,amp_diffusion_train_eval
length_out_of_range,GPE,amp_diffusion_train_eval
length_out_of_range,GPE,amp_diffusion_train_eval
length_out_of_range,GPE,amp_diffusion_train_eval
length_out_of_range,GPE,amp_diffusion_train_eval
length_out_of_range,GPE,amp_diffusion_train_eval
length_out_of_range,GPE,amp_diffusion_train_eval
length_out_of_range,GPE,amp_diffusion_train_eval
length_out_of_range,GPE,amp_diffusion_train_eval
length_out_of_range,GPE,amp_diffusion_train_eval
length_out_of_range,GPE,amp_diffusion_train_eval
length_out_of_range,EGLEPG,amp_diffusion_train_eval
length_out_of_range,EGLEPG,amp_diffusion_train_eval
length_out_of_range,EGLEPG,amp_diffusion_train_eval
length_out_of_range,EGLEPG,amp_diffusion_train_eval
length_out_of_range,EGLEPG,amp_diffusion_train_eval
length_out_of_range,EGLEPG,amp_diffusion_train_eval
length_out_of_range,EGLEPG,amp_diffusion_train_eval
length_out_of_range,EGLEPG,amp_diffusion_train_eval
length_out_of_range,EGLEPG,amp_diffusion_train_eval
length_out_of_range,EGLEPG,amp_diffusion_train_eval
length_out_of_range,EGLEPG,amp_diffusion_train_eval
length_out_of_range,VNCWGKH,amp_diffusion_train_eval
length_out_of_range,VNCWGKH,amp_diffusion_train_eval
length_out_of_range,VNCWGKH,amp_diffusion_train_eval
length_out_of_range,VNCWGKH,amp_diffusion_train_eval
length_out_of_range,VNCWGKH,amp_diffusion_train_eval
length_out_of_range,VNCWGKH,amp_diffusion_train_eval
length_out_of_range,VNCWGKH,amp_diffusion_train_eval
length_out_of_range,VNCWGKH,amp_diffusion_train_eval
length_out_of_range,VNCWGKH,amp_diffusion_train_eval
length_out_of_range,VNCWGKH,amp_diffusion_train_eval
length_out_of_range,VNCWGKH,amp_diffusion_train_eval
length_out_of_range,KNWWWWW,amp_diffusion_train_eval
length_out_of_range,KNWWWWW,amp_diffusion_train_eval
length_out_of_range,KNWWWWW,amp_diffusion_train_eval
length_out_of_range,KNWWWWW,amp_diffusion_train_eval
length_out_of_range,KNWWWWW,amp_diffusion_train_eval
length_out_of_range,KNWWWWW,amp_diffusion_train_eval
length_out_of_range,KNWWWWW,amp_diffusion_train_eval
length_out_of_range,KNWWWWW,amp_diffusion_train_eval
length_out_of_range,KNWWWWW,amp_diffusion_train_eval
length_out_of_range,KNWWWWW,amp_diffusion_train_eval
length_out_of_range,KNWWWWW,amp_diffusion_train_eval
length_out_of_range,PSPSP,amp_diffusion_train_eval
length_out_of_range,PSPSP,amp_diffusion_train_eval
length_out_of_range,PSPSP,amp_diffusion_train_eval
length_out_of_range,PSPSP,amp_diffusion_train_eval
length_out_of_range,PSPSP,amp_diffusion_train_eval
length_out_of_range,PSPSP,amp_diffusion_train_eval
length_out_of_range,PSPSP,amp_diffusion_train_eval
length_out_of_range,PSPSP,amp_diffusion_train_eval
length_out_of_range,PSPSP,amp_diffusion_train_eval
length_out_of_range,PSPSP,amp_diffusion_train_eval
length_out_of_range,PSPSP,amp_diffusion_train_eval
length_out_of_range,LARIVV,amp_diffusion_train_eval
length_out_of_range,LARIVV,amp_diffusion_train_eval
length_out_of_range,LARIVV,amp_diffusion_train_eval
length_out_of_range,LARIVV,amp_diffusion_train_eval
length_out_of_range,LARIVV,amp_diffusion_train_eval
length_out_of_range,LARIVV,amp_diffusion_train_eval
length_out_of_range,LARIVV,amp_diffusion_train_eval
length_out_of_range,LARIVV,amp_diffusion_train_eval
length_out_of_range,LARIVV,amp_diffusion_train_eval
length_out_of_range,LARIVV,amp_diffusion_train_eval
length_out_of_range,LARIVV,amp_diffusion_train_eval
length_out_of_range,LITSKM,amp_diffusion_train_eval
length_out_of_range,LITSKM,amp_diffusion_train_eval
length_out_of_range,LITSKM,amp_diffusion_train_eval
length_out_of_range,LITSKM,amp_diffusion_train_eval
length_out_of_range,LITSKM,amp_diffusion_train_eval
length_out_of_range,LITSKM,amp_diffusion_train_eval
length_out_of_range,LITSKM,amp_diffusion_train_eval
length_out_of_range,LITSKM,amp_diffusion_train_eval
length_out_of_range,LITSKM,amp_diffusion_train_eval
length_out_of_range,LITSKM,amp_diffusion_train_eval
length_out_of_range,LITSKM,amp_diffusion_train_eval
length_out_of_range,IKKVASV,amp_diffusion_train_eval
length_out_of_range,IKKVASV,amp_diffusion_train_eval
length_out_of_range,IKKVASV,amp_diffusion_train_eval
length_out_of_range,IKKVASV,amp_diffusion_train_eval
length_out_of_range,IKKVASV,amp_diffusion_train_eval
length_out_of_range,IKKVASV,amp_diffusion_train_eval
length_out_of_range,IKKVASV,amp_diffusion_train_eval
length_out_of_range,IKKVASV,amp_diffusion_train_eval
length_out_of_range,IKKVASV,amp_diffusion_train_eval
length_out_of_range,IKKVASV,amp_diffusion_train_eval
length_out_of_range,IKKVASV,amp_diffusion_train_eval
length_out_of_range,KPWERE,amp_diffusion_train_eval
length_out_of_range,KPWERE,amp_diffusion_train_eval
length_out_of_range,KPWERE,amp_diffusion_train_eval
length_out_of_range,KPWERE,amp_diffusion_train_eval
length_out_of_range,KPWERE,amp_diffusion_train_eval
length_out_of_range,KPWERE,amp_diffusion_train_eval
length_out_of_range,KPWERE,amp_diffusion_train_eval
length_out_of_range,KPWERE,amp_diffusion_train_eval
length_out_of_range,KPWERE,amp_diffusion_train_eval
length_out_of_range,KPWERE,amp_diffusion_train_eval
length_out_of_range,KPWERE,amp_diffusion_train_eval
length_out_of_range,WR,amp_diffusion_train_eval
length_out_of_range,WR,amp_diffusion_train_eval
length_out_of_range,WR,amp_diffusion_train_eval
length_out_of_range,WR,amp_diffusion_train_eval
length_out_of_range,WR,amp_diffusion_train_eval
length_out_of_range,WR,amp_diffusion_train_eval
length_out_of_range,WR,amp_diffusion_train_eval
length_out_of_range,WR,amp_diffusion_train_eval
length_out_of_range,WR,amp_diffusion_train_eval
length_out_of_range,WR,amp_diffusion_train_eval
length_out_of_range,WR,amp_diffusion_train_eval
length_out_of_range,IFSPIPL,amp_diffusion_train_eval
length_out_of_range,IFSPIPL,amp_diffusion_train_eval
length_out_of_range,IFSPIPL,amp_diffusion_train_eval
length_out_of_range,IFSPIPL,amp_diffusion_train_eval
length_out_of_range,IFSPIPL,amp_diffusion_train_eval
length_out_of_range,IFSPIPL,amp_diffusion_train_eval
length_out_of_range,IFSPIPL,amp_diffusion_train_eval
length_out_of_range,IFSPIPL,amp_diffusion_train_eval
length_out_of_range,IFSPIPL,amp_diffusion_train_eval
length_out_of_range,IFSPIPL,amp_diffusion_train_eval
length_out_of_range,IFSPIPL,amp_diffusion_train_eval
length_out_of_range,YYYY,amp_diffusion_train_eval
length_out_of_range,YYYY,amp_diffusion_train_eval
length_out_of_range,YYYY,amp_diffusion_train_eval
length_out_of_range,YYYY,amp_diffusion_train_eval
length_out_of_range,YYYY,amp_diffusion_train_eval
length_out_of_range,YYYY,amp_diffusion_train_eval
length_out_of_range,YYYY,amp_diffusion_train_eval
length_out_of_range,YYYY,amp_diffusion_train_eval
length_out_of_range,YYYY,amp_diffusion_train_eval
length_out_of_range,YYYY,amp_diffusion_train_eval
length_out_of_range,YYYY,amp_diffusion_train_eval
length_out_of_range,DDDE,amp_diffusion_train_eval
length_out_of_range,DDDE,amp_diffusion_train_eval
length_out_of_range,DDDE,amp_diffusion_train_eval
length_out_of_range,DDDE,amp_diffusion_train_eval
length_out_of_range,DDDE,amp_diffusion_train_eval
length_out_of_range,DDDE,amp_diffusion_train_eval
length_out_of_range,DDDE,amp_diffusion_train_eval
length_out_of_range,DDDE,amp_diffusion_train_eval
length_out_of_range,DDDE,amp_diffusion_train_eval
length_out_of_range,DDDE,amp_diffusion_train_eval
length_out_of_range,DDDE,amp_diffusion_train_eval
length_out_of_range,EL,amp_diffusion_train_eval
length_out_of_range,EL,amp_diffusion_train_eval
length_out_of_range,EL,amp_diffusion_train_eval
length_out_of_range,EL,amp_diffusion_train_eval
length_out_of_range,EL,amp_diffusion_train_eval
length_out_of_range,EL,amp_diffusion_train_eval
length_out_of_range,EL,amp_diffusion_train_eval
length_out_of_range,EL,amp_diffusion_train_eval
length_out_of_range,EL,amp_diffusion_train_eval
length_out_of_range,EL,amp_diffusion_train_eval
length_out_of_range,EL,amp_diffusion_train_eval
length_out_of_range,FQWQRN,amp_diffusion_train_eval
length_out_of_range,FQWQRN,amp_diffusion_train_eval
length_out_of_range,FQWQRN,amp_diffusion_train_eval
length_out_of_range,FQWQRN,amp_diffusion_train_eval
length_out_of_range,FQWQRN,amp_diffusion_train_eval
length_out_of_range,FQWQRN,amp_diffusion_train_eval
length_out_of_range,FQWQRN,amp_diffusion_train_eval
length_out_of_range,FQWQRN,amp_diffusion_train_eval
length_out_of_range,FQWQRN,amp_diffusion_train_eval
length_out_of_range,FQWQRN,amp_diffusion_train_eval
length_out_of_range,FQWQRN,amp_diffusion_train_eval
length_out_of_range,QPWLPFR,amp_diffusion_train_eval
length_out_of_range,QPWLPFR,amp_diffusion_train_eval
length_out_of_range,QPWLPFR,amp_diffusion_train_eval
length_out_of_range,QPWLPFR,amp_diffusion_train_eval
length_out_of_range,QPWLPFR,amp_diffusion_train_eval
length_out_of_range,QPWLPFR,amp_diffusion_train_eval
length_out_of_range,QPWLPFR,amp_diffusion_train_eval
length_out_of_range,QPWLPFR,amp_diffusion_train_eval
length_out_of_range,QPWLPFR,amp_diffusion_train_eval
length_out_of_range,QPWLPFR,amp_diffusion_train_eval
length_out_of_range,QPWLPFR,amp_diffusion_train_eval
length_out_of_range,RPQQVP,amp_diffusion_train_eval
length_out_of_range,RPQQVP,amp_diffusion_train_eval
length_out_of_range,RPQQVP,amp_diffusion_train_eval
length_out_of_range,RPQQVP,amp_diffusion_train_eval
length_out_of_range,RPQQVP,amp_diffusion_train_eval
length_out_of_range,RPQQVP,amp_diffusion_train_eval
length_out_of_range,RPQQVP,amp_diffusion_train_eval
length_out_of_range,RPQQVP,amp_diffusion_train_eval
length_out_of_range,RPQQVP,amp_diffusion_train_eval
length_out_of_range,RPQQVP,amp_diffusion_train_eval
length_out_of_range,RPQQVP,amp_diffusion_train_eval
length_out_of_range,KKWWKF,amp_diffusion_train_eval
length_out_of_range,KKWWKF,amp_diffusion_train_eval
length_out_of_range,KKWWKF,amp_diffusion_train_eval
length_out_of_range,KKWWKF,amp_diffusion_train_eval
length_out_of_range,KKWWKF,amp_diffusion_train_eval
length_out_of_range,KKWWKF,amp_diffusion_train_eval
length_out_of_range,KKWWKF,amp_diffusion_train_eval
length_out_of_range,KKWWKF,amp_diffusion_train_eval
length_out_of_range,KKWWKF,amp_diffusion_train_eval
length_out_of_range,KKWWKF,amp_diffusion_train_eval
length_out_of_range,KKWWKF,amp_diffusion_train_eval
length_out_of_range,RIVVI,amp_diffusion_train_eval
length_out_of_range,RIVVI,amp_diffusion_train_eval
length_out_of_range,RIVVI,amp_diffusion_train_eval
length_out_of_range,RIVVI,amp_diffusion_train_eval
length_out_of_range,RIVVI,amp_diffusion_train_eval
length_out_of_range,RIVVI,amp_diffusion_train_eval
length_out_of_range,RIVVI,amp_diffusion_train_eval
length_out_of_range,RIVVI,amp_diffusion_train_eval
length_out_of_range,RIVVI,amp_diffusion_train_eval
length_out_of_range,RIVVI,amp_diffusion_train_eval
length_out_of_range,RIVVI,amp_diffusion_train_eval
length_out_of_range,DLRKAK,amp_diffusion_train_eval
length_out_of_range,DLRKAK,amp_diffusion_train_eval
length_out_of_range,DLRKAK,amp_diffusion_train_eval
length_out_of_range,DLRKAK,amp_diffusion_train_eval
length_out_of_range,DLRKAK,amp_diffusion_train_eval
length_out_of_range,DLRKAK,amp_diffusion_train_eval
length_out_of_range,DLRKAK,amp_diffusion_train_eval
length_out_of_range,DLRKAK,amp_diffusion_train_eval
length_out_of_range,DLRKAK,amp_diffusion_train_eval
length_out_of_range,DLRKAK,amp_diffusion_train_eval
length_out_of_range,DLRKAK,amp_diffusion_train_eval
length_out_of_range,GGS,amp_diffusion_train_eval
length_out_of_range,GGS,amp_diffusion_train_eval
length_out_of_range,GGS,amp_diffusion_train_eval
length_out_of_range,GGS,amp_diffusion_train_eval
length_out_of_range,GGS,amp_diffusion_train_eval
length_out_of_range,GGS,amp_diffusion_train_eval
length_out_of_range,GGS,amp_diffusion_train_eval
length_out_of_range,GGS,amp_diffusion_train_eval
length_out_of_range,GGS,amp_diffusion_train_eval
length_out_of_range,GGS,amp_diffusion_train_eval
length_out_of_range,GGS,amp_diffusion_train_eval
length_out_of_range,RRRQWR,amp_diffusion_train_eval
length_out_of_range,RRRQWR,amp_diffusion_train_eval
length_out_of_range,RRRQWR,amp_diffusion_train_eval
length_out_of_range,RRRQWR,amp_diffusion_train_eval
length_out_of_range,RRRQWR,amp_diffusion_train_eval
length_out_of_range,RRRQWR,amp_diffusion_train_eval
length_out_of_range,RRRQWR,amp_diffusion_train_eval
length_out_of_range,RRRQWR,amp_diffusion_train_eval
length_out_of_range,RRRQWR,amp_diffusion_train_eval
length_out_of_range,RRRQWR,amp_diffusion_train_eval
length_out_of_range,RRRQWR,amp_diffusion_train_eval
length_out_of_range,SPS,amp_diffusion_train_eval
length_out_of_range,SPS,amp_diffusion_train_eval
length_out_of_range,SPS,amp_diffusion_train_eval
length_out_of_range,SPS,amp_diffusion_train_eval
length_out_of_range,SPS,amp_diffusion_train_eval
length_out_of_range,SPS,amp_diffusion_train_eval
length_out_of_range,SPS,amp_diffusion_train_eval
length_out_of_range,SPS,amp_diffusion_train_eval
length_out_of_range,SPS,amp_diffusion_train_eval
length_out_of_range,SPS,amp_diffusion_train_eval
length_out_of_range,SPS,amp_diffusion_train_eval
length_out_of_range,KFKLKQ,amp_diffusion_train_eval
length_out_of_range,KFKLKQ,amp_diffusion_train_eval
length_out_of_range,KFKLKQ,amp_diffusion_train_eval
length_out_of_range,KFKLKQ,amp_diffusion_train_eval
length_out_of_range,KFKLKQ,amp_diffusion_train_eval
length_out_of_range,KFKLKQ,amp_diffusion_train_eval
length_out_of_range,KFKLKQ,amp_diffusion_train_eval
length_out_of_range,KFKLKQ,amp_diffusion_train_eval
length_out_of_range,KFKLKQ,amp_diffusion_train_eval
length_out_of_range,KFKLKQ,amp_diffusion_train_eval
length_out_of_range,KFKLKQ,amp_diffusion_train_eval
length_out_of_range,SNEW,amp_diffusion_train_eval
length_out_of_range,SNEW,amp_diffusion_train_eval
length_out_of_range,SNEW,amp_diffusion_train_eval
length_out_of_range,SNEW,amp_diffusion_train_eval
length_out_of_range,SNEW,amp_diffusion_train_eval
length_out_of_range,SNEW,amp_diffusion_train_eval
length_out_of_range,SNEW,amp_diffusion_train_eval
length_out_of_range,SNEW,amp_diffusion_train_eval
length_out_of_range,SNEW,amp_diffusion_train_eval
length_out_of_range,SNEW,amp_diffusion_train_eval
length_out_of_range,SNEW,amp_diffusion_train_eval
length_out_of_range,AGDES,amp_diffusion_train_eval
length_out_of_range,AGDES,amp_diffusion_train_eval
length_out_of_range,AGDES,amp_diffusion_train_eval
length_out_of_range,AGDES,amp_diffusion_train_eval
length_out_of_range,AGDES,amp_diffusion_train_eval
length_out_of_range,AGDES,amp_diffusion_train_eval
length_out_of_range,AGDES,amp_diffusion_train_eval
length_out_of_range,AGDES,amp_diffusion_train_eval
length_out_of_range,AGDES,amp_diffusion_train_eval
length_out_of_range,AGDES,amp_diffusion_train_eval
length_out_of_range,AGDES,amp_diffusion_train_eval
length_out_of_range,MRTGNAD,amp_diffusion_train_eval
length_out_of_range,MRTGNAD,amp_diffusion_train_eval
length_out_of_range,MRTGNAD,amp_diffusion_train_eval
length_out_of_range,MRTGNAD,amp_diffusion_train_eval
length_out_of_range,MRTGNAD,amp_diffusion_train_eval
length_out_of_range,MRTGNAD,amp_diffusion_train_eval
length_out_of_range,MRTGNAD,amp_diffusion_train_eval
length_out_of_range,MRTGNAD,amp_diffusion_train_eval
length_out_of_range,MRTGNAD,amp_diffusion_train_eval
length_out_of_range,MRTGNAD,amp_diffusion_train_eval
length_out_of_range,MRTGNAD,amp_diffusion_train_eval
length_out_of_range,PV,amp_diffusion_train_eval
length_out_of_range,PV,amp_diffusion_train_eval
length_out_of_range,PV,amp_diffusion_train_eval
length_out_of_range,PV,amp_diffusion_train_eval
length_out_of_range,PV,amp_diffusion_train_eval
length_out_of_range,PV,amp_diffusion_train_eval
length_out_of_range,PV,amp_diffusion_train_eval
length_out_of_range,PV,amp_diffusion_train_eval
length_out_of_range,PV,amp_diffusion_train_eval
length_out_of_range,PV,amp_diffusion_train_eval
length_out_of_range,PV,amp_diffusion_train_eval
length_out_of_range,RDDFR,amp_diffusion_train_eval
length_out_of_range,RDDFR,amp_diffusion_train_eval
length_out_of_range,RDDFR,amp_diffusion_train_eval
length_out_of_range,RDDFR,amp_diffusion_train_eval
length_out_of_range,RDDFR,amp_diffusion_train_eval
length_out_of_range,RDDFR,amp_diffusion_train_eval
length_out_of_range,RDDFR,amp_diffusion_train_eval
length_out_of_range,RDDFR,amp_diffusion_train_eval
length_out_of_range,RDDFR,amp_diffusion_train_eval
length_out_of_range,RDDFR,amp_diffusion_train_eval
length_out_of_range,RDDFR,amp_diffusion_train_eval
length_out_of_range,KWLLKWL,amp_diffusion_train_eval
length_out_of_range,KWLLKWL,amp_diffusion_train_eval
length_out_of_range,KWLLKWL,amp_diffusion_train_eval
length_out_of_range,KWLLKWL,amp_diffusion_train_eval
length_out_of_range,KWLLKWL,amp_diffusion_train_eval
length_out_of_range,KWLLKWL,amp_diffusion_train_eval
length_out_of_range,KWLLKWL,amp_diffusion_train_eval
length_out_of_range,KWLLKWL,amp_diffusion_train_eval
length_out_of_range,KWLLKWL,amp_diffusion_train_eval
length_out_of_range,KWLLKWL,amp_diffusion_train_eval
length_out_of_range,KWLLKWL,amp_diffusion_train_eval
length_out_of_range,PGLGFY,amp_diffusion_train_eval
length_out_of_range,PGLGFY,amp_diffusion_train_eval
length_out_of_range,PGLGFY,amp_diffusion_train_eval
length_out_of_range,PGLGFY,amp_diffusion_train_eval
length_out_of_range,PGLGFY,amp_diffusion_train_eval
length_out_of_range,PGLGFY,amp_diffusion_train_eval
length_out_of_range,PGLGFY,amp_diffusion_train_eval
length_out_of_range,PGLGFY,amp_diffusion_train_eval
length_out_of_range,PGLGFY,amp_diffusion_train_eval
length_out_of_range,PGLGFY,amp_diffusion_train_eval
length_out_of_range,PGLGFY,amp_diffusion_train_eval
length_out_of_range,RRYYRF,amp_diffusion_train_eval
length_out_of_range,RRYYRF,amp_diffusion_train_eval
length_out_of_range,RRYYRF,amp_diffusion_train_eval
length_out_of_range,RRYYRF,amp_diffusion_train_eval
length_out_of_range,RRYYRF,amp_diffusion_train_eval
length_out_of_range,RRYYRF,amp_diffusion_train_eval
length_out_of_range,RRYYRF,amp_diffusion_train_eval
length_out_of_range,RRYYRF,amp_diffusion_train_eval
length_out_of_range,RRYYRF,amp_diffusion_train_eval
length_out_of_range,RRYYRF,amp_diffusion_train_eval
length_out_of_range,RRYYRF,amp_diffusion_train_eval
length_out_of_range,FWY,amp_diffusion_train_eval
length_out_of_range,FWY,amp_diffusion_train_eval
length_out_of_range,FWY,amp_diffusion_train_eval
length_out_of_range,FWY,amp_diffusion_train_eval
length_out_of_range,FWY,amp_diffusion_train_eval
length_out_of_range,FWY,amp_diffusion_train_eval
length_out_of_range,FWY,amp_diffusion_train_eval
length_out_of_range,FWY,amp_diffusion_train_eval
length_out_of_range,FWY,amp_diffusion_train_eval
length_out_of_range,FWY,amp_diffusion_train_eval
length_out_of_range,FWY,amp_diffusion_train_eval
length_out_of_range,VKRGLKL,amp_diffusion_train_eval
length_out_of_range,VKRGLKL,amp_diffusion_train_eval
length_out_of_range,VKRGLKL,amp_diffusion_train_eval
length_out_of_range,VKRGLKL,amp_diffusion_train_eval
length_out_of_range,VKRGLKL,amp_diffusion_train_eval
length_out_of_range,VKRGLKL,amp_diffusion_train_eval
length_out_of_range,VKRGLKL,amp_diffusion_train_eval
length_out_of_range,VKRGLKL,amp_diffusion_train_eval
length_out_of_range,VKRGLKL,amp_diffusion_train_eval
length_out_of_range,VKRGLKL,amp_diffusion_train_eval
length_out_of_range,VKRGLKL,amp_diffusion_train_eval
length_out_of_range,RPNLHPS,amp_diffusion_train_eval
length_out_of_range,RPNLHPS,amp_diffusion_train_eval
length_out_of_range,RPNLHPS,amp_diffusion_train_eval
length_out_of_range,RPNLHPS,amp_diffusion_train_eval
length_out_of_range,RPNLHPS,amp_diffusion_train_eval
length_out_of_range,RPNLHPS,amp_diffusion_train_eval
length_out_of_range,RPNLHPS,amp_diffusion_train_eval
length_out_of_range,RPNLHPS,amp_diffusion_train_eval
length_out_of_range,RPNLHPS,amp_diffusion_train_eval
length_out_of_range,RPNLHPS,amp_diffusion_train_eval
length_out_of_range,RPNLHPS,amp_diffusion_train_eval
length_out_of_range,GFLGAA,amp_diffusion_train_eval
length_out_of_range,GFLGAA,amp_diffusion_train_eval
length_out_of_range,GFLGAA,amp_diffusion_train_eval
length_out_of_range,GFLGAA,amp_diffusion_train_eval
length_out_of_range,GFLGAA,amp_diffusion_train_eval
length_out_of_range,GFLGAA,amp_diffusion_train_eval
length_out_of_range,GFLGAA,amp_diffusion_train_eval
length_out_of_range,GFLGAA,amp_diffusion_train_eval
length_out_of_range,GFLGAA,amp_diffusion_train_eval
length_out_of_range,GFLGAA,amp_diffusion_train_eval
length_out_of_range,GFLGAA,amp_diffusion_train_eval
length_out_of_range,WY,amp_diffusion_train_eval
length_out_of_range,WY,amp_diffusion_train_eval
length_out_of_range,WY,amp_diffusion_train_eval
length_out_of_range,WY,amp_diffusion_train_eval
length_out_of_range,WY,amp_diffusion_train_eval
length_out_of_range,WY,amp_diffusion_train_eval
length_out_of_range,WY,amp_diffusion_train_eval
length_out_of_range,WY,amp_diffusion_train_eval
length_out_of_range,WY,amp_diffusion_train_eval
length_out_of_range,WY,amp_diffusion_train_eval
length_out_of_range,WY,amp_diffusion_train_eval
length_out_of_range,RVHPYQR,amp_diffusion_train_eval
length_out_of_range,RVHPYQR,amp_diffusion_train_eval
length_out_of_range,RVHPYQR,amp_diffusion_train_eval
length_out_of_range,RVHPYQR,amp_diffusion_train_eval
length_out_of_range,RVHPYQR,amp_diffusion_train_eval
length_out_of_range,RVHPYQR,amp_diffusion_train_eval
length_out_of_range,RVHPYQR,amp_diffusion_train_eval
length_out_of_range,RVHPYQR,amp_diffusion_train_eval
length_out_of_range,RVHPYQR,amp_diffusion_train_eval
length_out_of_range,RVHPYQR,amp_diffusion_train_eval
length_out_of_range,RVHPYQR,amp_diffusion_train_eval
length_out_of_range,AVDRAV,amp_diffusion_train_eval
length_out_of_range,AVDRAV,amp_diffusion_train_eval
length_out_of_range,AVDRAV,amp_diffusion_train_eval
length_out_of_range,AVDRAV,amp_diffusion_train_eval
length_out_of_range,AVDRAV,amp_diffusion_train_eval
length_out_of_range,AVDRAV,amp_diffusion_train_eval
length_out_of_range,AVDRAV,amp_diffusion_train_eval
length_out_of_range,AVDRAV,amp_diffusion_train_eval
length_out_of_range,AVDRAV,amp_diffusion_train_eval
length_out_of_range,AVDRAV,amp_diffusion_train_eval
length_out_of_range,AVDRAV,amp_diffusion_train_eval
length_out_of_range,YKEFSY,amp_diffusion_train_eval
length_out_of_range,YKEFSY,amp_diffusion_train_eval
length_out_of_range,YKEFSY,amp_diffusion_train_eval
length_out_of_range,YKEFSY,amp_diffusion_train_eval
length_out_of_range,YKEFSY,amp_diffusion_train_eval
length_out_of_range,YKEFSY,amp_diffusion_train_eval
length_out_of_range,YKEFSY,amp_diffusion_train_eval
length_out_of_range,YKEFSY,amp_diffusion_train_eval
length_out_of_range,YKEFSY,amp_diffusion_train_eval
length_out_of_range,YKEFSY,amp_diffusion_train_eval
length_out_of_range,YKEFSY,amp_diffusion_train_eval
length_out_of_range,WI,amp_diffusion_train_eval
length_out_of_range,WI,amp_diffusion_train_eval
length_out_of_range,WI,amp_diffusion_train_eval
length_out_of_range,WI,amp_diffusion_train_eval
length_out_of_range,WI,amp_diffusion_train_eval
length_out_of_range,WI,amp_diffusion_train_eval
length_out_of_range,WI,amp_diffusion_train_eval
length_out_of_range,WI,amp_diffusion_train_eval
length_out_of_range,WI,amp_diffusion_train_eval
length_out_of_range,WI,amp_diffusion_train_eval
length_out_of_range,WI,amp_diffusion_train_eval
length_out_of_range,HPQANQR,amp_diffusion_train_eval
length_out_of_range,HPQANQR,amp_diffusion_train_eval
length_out_of_range,HPQANQR,amp_diffusion_train_eval
length_out_of_range,HPQANQR,amp_diffusion_train_eval
length_out_of_range,HPQANQR,amp_diffusion_train_eval
length_out_of_range,HPQANQR,amp_diffusion_train_eval
length_out_of_range,HPQANQR,amp_diffusion_train_eval
length_out_of_range,HPQANQR,amp_diffusion_train_eval
length_out_of_range,HPQANQR,amp_diffusion_train_eval
length_out_of_range,HPQANQR,amp_diffusion_train_eval
length_out_of_range,HPQANQR,amp_diffusion_train_eval
length_out_of_range,PQPKKKP,amp_diffusion_train_eval
length_out_of_range,PQPKKKP,amp_diffusion_train_eval
length_out_of_range,PQPKKKP,amp_diffusion_train_eval
length_out_of_range,PQPKKKP,amp_diffusion_train_eval
length_out_of_range,PQPKKKP,amp_diffusion_train_eval
length_out_of_range,PQPKKKP,amp_diffusion_train_eval
length_out_of_range,PQPKKKP,amp_diffusion_train_eval
length_out_of_range,PQPKKKP,amp_diffusion_train_eval
length_out_of_range,PQPKKKP,amp_diffusion_train_eval
length_out_of_range,PQPKKKP,amp_diffusion_train_eval
length_out_of_range,PQPKKKP,amp_diffusion_train_eval
length_out_of_range,GGGG,amp_diffusion_train_eval
length_out_of_range,GGGG,amp_diffusion_train_eval
length_out_of_range,GGGG,amp_diffusion_train_eval
length_out_of_range,GGGG,amp_diffusion_train_eval
length_out_of_range,GGGG,amp_diffusion_train_eval
length_out_of_range,GGGG,amp_diffusion_train_eval
length_out_of_range,GGGG,amp_diffusion_train_eval
length_out_of_range,GGGG,amp_diffusion_train_eval
length_out_of_range,GGGG,amp_diffusion_train_eval
length_out_of_range,GGGG,amp_diffusion_train_eval
length_out_of_range,GGGG,amp_diffusion_train_eval
length_out_of_range,SLWNWF,amp_diffusion_train_eval
length_out_of_range,SLWNWF,amp_diffusion_train_eval
length_out_of_range,SLWNWF,amp_diffusion_train_eval
length_out_of_range,SLWNWF,amp_diffusion_train_eval
length_out_of_range,SLWNWF,amp_diffusion_train_eval
length_out_of_range,SLWNWF,amp_diffusion_train_eval
length_out_of_range,SLWNWF,amp_diffusion_train_eval
length_out_of_range,SLWNWF,amp_diffusion_train_eval
length_out_of_range,SLWNWF,amp_diffusion_train_eval
length_out_of_range,SLWNWF,amp_diffusion_train_eval
length_out_of_range,SLWNWF,amp_diffusion_train_eval
length_out_of_range,RWRWRW,amp_diffusion_train_eval
length_out_of_range,RWRWRW,amp_diffusion_train_eval
length_out_of_range,RWRWRW,amp_diffusion_train_eval
length_out_of_range,RWRWRW,amp_diffusion_train_eval
length_out_of_range,RWRWRW,amp_diffusion_train_eval
length_out_of_range,RWRWRW,amp_diffusion_train_eval
length_out_of_range,RWRWRW,amp_diffusion_train_eval
length_out_of_range,RWRWRW,amp_diffusion_train_eval
length_out_of_range,RWRWRW,amp_diffusion_train_eval
length_out_of_range,RWRWRW,amp_diffusion_train_eval
length_out_of_range,RWRWRW,amp_diffusion_train_eval
length_out_of_range,PGAAVFK,amp_diffusion_train_eval
length_out_of_range,PGAAVFK,amp_diffusion_train_eval
length_out_of_range,PGAAVFK,amp_diffusion_train_eval
length_out_of_range,PGAAVFK,amp_diffusion_train_eval
length_out_of_range,PGAAVFK,amp_diffusion_train_eval
length_out_of_range,PGAAVFK,amp_diffusion_train_eval
length_out_of_range,PGAAVFK,amp_diffusion_train_eval
length_out_of_range,PGAAVFK,amp_diffusion_train_eval
length_out_of_range,PGAAVFK,amp_diffusion_train_eval
length_out_of_range,PGAAVFK,amp_diffusion_train_eval
length_out_of_range,PGAAVFK,amp_diffusion_train_eval
length_out_of_range,PSGSP,amp_diffusion_train_eval
length_out_of_range,PSGSP,amp_diffusion_train_eval
length_out_of_range,PSGSP,amp_diffusion_train_eval
length_out_of_range,PSGSP,amp_diffusion_train_eval
length_out_of_range,PSGSP,amp_diffusion_train_eval
length_out_of_range,PSGSP,amp_diffusion_train_eval
length_out_of_range,PSGSP,amp_diffusion_train_eval
length_out_of_range,PSGSP,amp_diffusion_train_eval
length_out_of_range,PSGSP,amp_diffusion_train_eval
length_out_of_range,PSGSP,amp_diffusion_train_eval
length_out_of_range,PSGSP,amp_diffusion_train_eval
length_out_of_range,SNKP,amp_diffusion_train_eval
length_out_of_range,SNKP,amp_diffusion_train_eval
length_out_of_range,SNKP,amp_diffusion_train_eval
length_out_of_range,SNKP,amp_diffusion_train_eval
length_out_of_range,SNKP,amp_diffusion_train_eval
length_out_of_range,SNKP,amp_diffusion_train_eval
length_out_of_range,SNKP,amp_diffusion_train_eval
length_out_of_range,SNKP,amp_diffusion_train_eval
length_out_of_range,SNKP,amp_diffusion_train_eval
length_out_of_range,SNKP,amp_diffusion_train_eval
length_out_of_range,SNKP,amp_diffusion_train_eval
length_out_of_range,AEAMSQV,amp_diffusion_train_eval
length_out_of_range,AEAMSQV,amp_diffusion_train_eval
length_out_of_range,AEAMSQV,amp_diffusion_train_eval
length_out_of_range,AEAMSQV,amp_diffusion_train_eval
length_out_of_range,AEAMSQV,amp_diffusion_train_eval
length_out_of_range,AEAMSQV,amp_diffusion_train_eval
length_out_of_range,AEAMSQV,amp_diffusion_train_eval
length_out_of_range,AEAMSQV,amp_diffusion_train_eval
length_out_of_range,AEAMSQV,amp_diffusion_train_eval
length_out_of_range,AEAMSQV,amp_diffusion_train_eval
length_out_of_range,AEAMSQV,amp_diffusion_train_eval
length_out_of_range,YMFHLMD,amp_diffusion_train_eval
length_out_of_range,YMFHLMD,amp_diffusion_train_eval
length_out_of_range,YMFHLMD,amp_diffusion_train_eval
length_out_of_range,YMFHLMD,amp_diffusion_train_eval
length_out_of_range,YMFHLMD,amp_diffusion_train_eval
length_out_of_range,YMFHLMD,amp_diffusion_train_eval
length_out_of_range,YMFHLMD,amp_diffusion_train_eval
length_out_of_range,YMFHLMD,amp_diffusion_train_eval
length_out_of_range,YMFHLMD,amp_diffusion_train_eval
length_out_of_range,YMFHLMD,amp_diffusion_train_eval
length_out_of_range,YMFHLMD,amp_diffusion_train_eval
length_out_of_range,FLFL,amp_diffusion_train_eval
length_out_of_range,FLFL,amp_diffusion_train_eval
length_out_of_range,FLFL,amp_diffusion_train_eval
length_out_of_range,FLFL,amp_diffusion_train_eval
length_out_of_range,FLFL,amp_diffusion_train_eval
length_out_of_range,FLFL,amp_diffusion_train_eval
length_out_of_range,FLFL,amp_diffusion_train_eval
length_out_of_range,FLFL,amp_diffusion_train_eval
length_out_of_range,FLFL,amp_diffusion_train_eval
length_out_of_range,FLFL,amp_diffusion_train_eval
length_out_of_range,FLFL,amp_diffusion_train_eval
length_out_of_range,RRSKARGGSRGSKMGRKDSKGGSRGRPGSGSRPGGGSSIAGASRGDRGGTRNA,grampa
length_out_of_range,RRSKARGGSRGSKMGRKDSKGGSRGRPGSGSRPGGGSSIAGASRGDRGGTRNA,grampa
length_out_of_range,RRSKARGGSRGSKMGRKDSKGGSRGRPGSGSRPGGGSSIAGASRGDRGGTRNA,grampa
length_out_of_range,RRSKARGGSRGSKMGRKDSKGGSRGRPGSGSRPGGGSSIAGASRGDRGGTRNA,grampa
length_out_of_range,RRSKARGGSRGSKMGRKDSKGGSRGRPGSGSRPGGGSSIAGASRGDRGGTRNA,grampa
length_out_of_range,RRSKARGGSRGSKMGRKDSKGGSRGRPGSGSRPGGGSSIAGASRGDRGGTRNA,grampa
length_out_of_range,RRSKARGGSRGSKMGRKDSKGGSRGRPGSGSRPGGGSSIAGASRGDRGGTRNA,grampa
length_out_of_range,RRSKARGGSRGSKMGRKDSKGGSRGRPGSGSRPGGGSSIAGASRGDRGGTRNA,grampa
length_out_of_range,RRSKARGGSRGSKMGRKDSKGGSRGRPGSGSRPGGGSSIAGASRGDRGGTRNA,grampa
length_out_of_range,RRSKARGGSRGSKMGRKDSKGGSRGRPGSGSRPGGGSSIAGASRGDRGGTRNA,grampa
length_out_of_range,RRSKARGGSRGSKMGRKDSKGGSRGRPGSGSRPGGGSSIAGASRGDRGGTRNA,grampa
length_out_of_range,RRSKARGGSRGSKMGRKDSKGGSRGRPGSGSRPGGGSSIAGASRGDRGGTRNA,grampa
length_out_of_range,RRSKARGGSRGSKMGRKDSKGGSRGRPGSGSRPGGGSSIAGASRGDRGGTRNA,grampa
length_out_of_range,SSRASHFQSHSSERQRHGSSQVWKHGSYGPAEYDYGHTGYGPSGGSRKSISNSHLSWSTDSTANKQLSRH,grampa
length_out_of_range,SSRASHFQSHSSERQRHGSSQVWKHGSYGPAEYDYGHTGYGPSGGSRKSISNSHLSWSTDSTANKQLSRH,grampa
length_out_of_range,SSRASHFQSHSSERQRHGSSQVWKHGSYGPAEYDYGHTGYGPSGGSRKSISNSHLSWSTDSTANKQLSRH,grampa
length_out_of_range,DEDDD,grampa
length_out_of_range,DEDDD,grampa
length_out_of_range,DEDDD,grampa
length_out_of_range,DEDDD,grampa
length_out_of_range,DEDDD,grampa
length_out_of_range,DEDDD,grampa
length_out_of_range,DEDDD,grampa
length_out_of_range,KVFLGLK,grampa
length_out_of_range,KVFLGLK,grampa
length_out_of_range,KVFLGLK,grampa
length_out_of_range,KVFLGLK,grampa
length_out_of_range,KVFLGLK,grampa
length_out_of_range,KVFLGLK,grampa
length_out_of_range,LTANLGISSYAAKKVIDIINTGSAVATIIALVTAVVGGGLITAGIVATAKSLIKKYGAKYAAAW,grampa
length_out_of_range,LTANLGISSYAAKKVIDIINTGSAVATIIALVTAVVGGGLITAGIVATAKSLIKKYGAKYAAAW,grampa
length_out_of_range,LTANLGISSYAAKKVIDIINTGSAVATIIALVTAVVGGGLITAGIVATAKSLIKKYGAKYAAAW,grampa
length_out_of_range,LTANLGISSYAAKKVIDIINTGSAVATIIALVTAVVGGGLITAGIVATAKSLIKKYGAKYAAAW,grampa
length_out_of_range,LTANLGISSYAAKKVIDIINTGSAVATIIALVTAVVGGGLITAGIVATAKSLIKKYGAKYAAAW,grampa
length_out_of_range,LTANLGISSYAAKKVIDIINTGSAVATIIALVTAVVGGGLITAGIVATAKSLIKKYGAKYAAAW,grampa
length_out_of_range,LTANLGISSYAAKKVIDIINTGSAVATIIALVTAVVGGGLITAGIVATAKSLIKKYGAKYAAAW,grampa
length_out_of_range,LTANLGISSYAAKKVIDIINTGSAVATIIALVTAVVGGGLITAGIVATAKSLIKKYGAKYAAAW,grampa
length_out_of_range,LTANLGISSYAAKKVIDIINTGSAVATIIALVTAVVGGGLITAGIVATAKSLIKKYGAKYAAAW,grampa
length_out_of_range,LTANLGISSYAAKKVIDIINTGSAVATIIALVTAVVGGGLITAGIVATAKSLIKKYGAKYAAAW,grampa
length_out_of_range,LTANLGISSYAAKKVIDIINTGSAVATIIALVTAVVGGGLITAGIVATAKSLIKKYGAKYAAAW,grampa
length_out_of_range,LTANLGISSYAAKKVIDIINTGSAVATIIALVTAVVGGGLITAGIVATAKSLIKKYGAKYAAAW,grampa
length_out_of_range,LTANLGISSYAAKKVIDIINTGSAVATIIALVTAVVGGGLITAGIVATAKSLIKKYGAKYAAAW,grampa
length_out_of_range,LTANLGISSYAAKKVIDIINTGSAVATIIALVTAVVGGGLITAGIVATAKSLIKKYGAKYAAAW,grampa
length_out_of_range,LTANLGISSYAAKKVIDIINTGSAVATIIALVTAVVGGGLITAGIVATAKSLIKKYGAKYAAAW,grampa
length_out_of_range,LTANLGISSYAAKKVIDIINTGSAVATIIALVTAVVGGGLITAGIVATAKSLIKKYGAKYAAAW,grampa
length_out_of_range,NGVQPKY,grampa
length_out_of_range,NGVQPKY,grampa
length_out_of_range,HHHFGRIGHELHKGVKKVEKVTSDVNKVTNGVKQVANGIAKAKTVIEAGSIAGAVAAAAA,grampa
length_out_of_range,TPVVRKGRCSCISTNQGTIHLQSLKDLKQFAPSPSCEKIEIIATLKNGVQTCLNPDSADVKELIKKWEKQVSQKKKQKNGKKHQKKKVLKVRKSQRSRQKKTT,grampa
length_out_of_range,TPVVRKGRCSCISTNQGTIHLQSLKDLKQFAPSPSCEKIEIIATLKNGVQTCLNPDSADVKELIKKWEKQVSQKKKQKNGKKHQKKKVLKVRKSQRSRQKKTT,grampa
length_out_of_range,ATQSHQ,grampa
length_out_of_range,ATQSHQ,grampa
length_out_of_range,ATQSHQ,grampa
length_out_of_range,MAGFLKVVQLLAKYGSKAVQWAWANKGKILDWLNAGQAIDWVVSKIKQILGIK,grampa
length_out_of_range,MAGFLKVVQLLAKYGSKAVQWAWANKGKILDWLNAGQAIDWVVSKIKQILGIK,grampa
length_out_of_range,MAGFLKVVQLLAKYGSKAVQWAWANKGKILDWLNAGQAIDWVVSKIKQILGIK,grampa
length_out_of_range,MAGFLKVVQLLAKYGSKAVQWAWANKGKILDWLNAGQAIDWVVSKIKQILGIK,grampa
length_out_of_range,MAGFLKVVQLLAKYGSKAVQWAWANKGKILDWLNAGQAIDWVVSKIKQILGIK,grampa
length_out_of_range,MAGFLKVVQLLAKYGSKAVQWAWANKGKILDWLNAGQAIDWVVSKIKQILGIK,grampa
length_out_of_range,MAGFLKVVQLLAKYGSKAVQWAWANKGKILDWLNAGQAIDWVVSKIKQILGIK,grampa
length_out_of_range,MAGFLKVVQLLAKYGSKAVQWAWANKGKILDWLNAGQAIDWVVSKIKQILGIK,grampa
length_out_of_range,MAGFLKVVQLLAKYGSKAVQWAWANKGKILDWLNAGQAIDWVVSKIKQILGIK,grampa
length_out_of_range,MAGFLKVVQLLAKYGSKAVQWAWANKGKILDWLNAGQAIDWVVSKIKQILGIK,grampa
length_out_of_range,MAGFLKVVQLLAKYGSKAVQWAWANKGKILDWLNAGQAIDWVVSKIKQILGIK,grampa
length_out_of_range,MAGFLKVVQLLAKYGSKAVQWAWANKGKILDWLNAGQAIDWVVSKIKQILGIK,grampa
length_out_of_range,MAGFLKVVQLLAKYGSKAVQWAWANKGKILDWLNAGQAIDWVVSKIKQILGIK,grampa
length_out_of_range,MAGFLKVVQLLAKYGSKAVQWAWANKGKILDWLNAGQAIDWVVSKIKQILGIK,grampa
length_out_of_range,MAGFLKVVQLLAKYGSKAVQWAWANKGKILDWLNAGQAIDWVVSKIKQILGIK,grampa
length_out_of_range,MAGFLKVVQLLAKYGSKAVQWAWANKGKILDWLNAGQAIDWVVSKIKQILGIK,grampa
length_out_of_range,MAGFLKVVQLLAKYGSKAVQWAWANKGKILDWLNAGQAIDWVVSKIKQILGIK,grampa
length_out_of_range,MAGFLKVVQLLAKYGSKAVQWAWANKGKILDWLNAGQAIDWVVSKIKQILGIK,grampa
length_out_of_range,MAGFLKVVQLLAKYGSKAVQWAWANKGKILDWLNAGQAIDWVVSKIKQILGIK,grampa
length_out_of_range,MAGFLKVVQLLAKYGSKAVQWAWANKGKILDWLNAGQAIDWVVSKIKQILGIK,grampa
length_out_of_range,MAGFLKVVQLLAKYGSKAVQWAWANKGKILDWLNAGQAIDWVVSKIKQILGIK,grampa
length_out_of_range,MSGRGKGGKVKGKSKSRSSRAGLQFPVGRIHRLLRKGNYAERVGAGAPVYLAAVMEYLAAEVLELAGNAARDNKKTRIVPRHLQLAIRNDEELNKLLSGVTIAQGGVLPNIQAVLLPKKTEKK,grampa
length_out_of_range,HHLFGKVGREIERSAHKVGHKLEHVRHEVSKTAKKVDKVVGHIKTAKKVVAAAGAIAGVVAAA,grampa
length_out_of_range,HHLFGKVGREIERSAHKVGHKLEHVRHEVSKTAKKVDKVVGHIKTAKKVVAAAGAIAGVVAAA,grampa
length_out_of_range,MPEPAKSAPAPKKGSKKAVTKAQKKDGKKRKRSRKESYSVYVYKVLKQVHPDTGISSKAMGIMNSFVNDIFERIAGEASRLAHYNKRSTITSREIQTAVRLLLPGELAKHAVSEGTKAVTKYTSSK,grampa
length_out_of_range,MPEPAKSAPAPKKGSKKAVTKAQKKDGKKRKRSRKESYSVYVYKVLKQVHPDTGISSKAMGIMNSFVNDIFERIAGEASRLAHYNKRSTITSREIQTAVRLLLPGELAKHAVSEGTKAVTKYTSSK,grampa
length_out_of_range,EFRGSIVIQGTKEGKSRPSLDIDYKQRVYDKNGMTGDAYGGLNIRPGQPSRQHAGFEFGKEYKNGFIKGQSEVQRGPGGRLSPYFGINGGFRF,grampa
length_out_of_range,EFRGSIVIQGTKEGKSRPSLDIDYKQRVYDKNGMTGDAYGGLNIRPGQPSRQHAGFEFGKEYKNGFIKGQSEVQRGPGGRLSPYFGINGGFRF,grampa
length_out_of_range,EFRGSIVIQGTKEGKSRPSLDIDYKQRVYDKNGMTGDAYGGLNIRPGQPSRQHAGFEFGKEYKNGFIKGQSEVQRGPGGRLSPYFGINGGFRF,grampa
length_out_of_range,RICSRDKNCVSRPGVGSIIGRPGGGSLIGRPGGGSVIGRPGGGSPPGGGSFNDEFIRDHSDGNRFA,grampa
length_out_of_range,RICSRDKNCVSRPGVGSIIGRPGGGSLIGRPGGGSVIGRPGGGSPPGGGSFNDEFIRDHSDGNRFA,grampa
length_out_of_range,RICSRDKNCVSRPGVGSIIGRPGGGSLIGRPGGGSVIGRPGGGSPPGGGSFNDEFIRDHSDGNRFA,grampa
length_out_of_range,RVPPYLGRDCKHWCRDNNQALYCCGPPGITYPPFIRKHPGKCPSVRSTCTGVRSSRPKFCPHDDACEFRSKCCYDACVKHHVCKTVEFY,grampa
length_out_of_range,RVPPYLGRDCKHWCRDNNQALYCCGPPGITYPPFIRKHPGKCPSVRSTCTGVRSSRPKFCPHDDACEFRSKCCYDACVKHHVCKTVEFY,grampa
length_out_of_range,GFFGNTWKKIKGKADKIMLKKAVKIMVKKEGISKEEAQAKVDAMSKKQIRLYLLKYYGKKALQKASEKL,grampa
length_out_of_range,GFFGNTWKKIKGKADKIMLKKAVKIMVKKEGISKEEAQAKVDAMSKKQIRLYLLKYYGKKALQKASEKL,grampa
length_out_of_range,GFFGNTWKKIKGKADKIMLKKAVKIMVKKEGISKEEAQAKVDAMSKKQIRLYLLKYYGKKALQKASEKL,grampa
length_out_of_range,GFFGNTWKKIKGKADKIMLKKAVKIMVKKEGISKEEAQAKVDAMSKKQIRLYLLKYYGKKALQKASEKL,grampa
length_out_of_range,SGRGKTGGKARAKAKTRSSRAGLQFPVGRVHRLLRKGNYAHRVGAGAPVYL,grampa
length_out_of_range,SGRGKTGGKARAKAKTRSSRAGLQFPVGRVHRLLRKGNYAHRVGAGAPVYL,grampa
length_out_of_range,SGRGKTGGKARAKAKTRSSRAGLQFPVGRVHRLLRKGNYAHRVGAGAPVYL,grampa
length_out_of_range,SGRGKTGGKARAKAKTRSSRAGLQFPVGRVHRLLRKGNYAHRVGAGAPVYL,grampa
length_out_of_range,SGRGKTGGKARAKAKTRSSRAGLQFPVGRVHRLLRKGNYAHRVGAGAPVYL,grampa
length_out_of_range,SGRGKTGGKARAKAKTRSSRAGLQFPVGRVHRLLRKGNYAHRVGAGAPVYL,grampa
length_out_of_range,SGRGKTGGKARAKAKTRSSRAGLQFPVGRVHRLLRKGNYAHRVGAGAPVYL,grampa
length_out_of_range,SGRGKTGGKARAKAKTRSSRAGLQFPVGRVHRLLRKGNYAHRVGAGAPVYL,grampa
length_out_of_range,SGRGKTGGKARAKAKTRSSRAGLQFPVGRVHRLLRKGNYAHRVGAGAPVYL,grampa
length_out_of_range,SGRGKTGGKARAKAKTRSSRAGLQFPVGRVHRLLRKGNYAHRVGAGAPVYL,grampa
length_out_of_range,SGRGKTGGKARAKAKTRSSRAGLQFPVGRVHRLLRKGNYAHRVGAGAPVYL,grampa
length_out_of_range,SGRGKTGGKARAKAKTRSSRAGLQFPVGRVHRLLRKGNYAHRVGAGAPVYL,grampa
length_out_of_range,SGRGKTGGKARAKAKTRSSRAGLQFPVGRVHRLLRKGNYAHRVGAGAPVYL,grampa
length_out_of_range,SGRGKTGGKARAKAKTRSSRAGLQFPVGRVHRLLRKGNYAHRVGAGAPVYL,grampa
length_out_of_range,PTRHSKPRPQPLPRPGTCPDTSGIITTCEVTERNCFSDSQCGPGQKCCPLGCGRECLAVGPPYGKGRW,grampa
length_out_of_range,PTRHSKPRPQPLPRPGTCPDTSGIITTCEVTERNCFSDSQCGPGQKCCPLGCGRECLAVGPPYGKGRW,grampa
length_out_of_range,PTRHSKPRPQPLPRPGTCPDTSGIITTCEVTERNCFSDSQCGPGQKCCPLGCGRECLAVGPPYGKGRW,grampa
length_out_of_range,PTRHSKPRPQPLPRPGTCPDTSGIITTCEVTERNCFSDSQCGPGQKCCPLGCGRECLAVGPPYGKGRW,grampa
length_out_of_range,RMRRSKSGKGSGGSKGSGSKGSKGSKGSGSKGSGSKGGSRPGGGSSIAGGGSKGKGGTQTA,grampa
length_out_of_range,RMRRSKSGKGSGGSKGSGSKGSKGSKGSGSKGSGSKGGSRPGGGSSIAGGGSKGKGGTQTA,grampa
length_out_of_range,RMRRSKSGKGSGGSKGSGSKGSKGSKGSGSKGSGSKGGSRPGGGSSIAGGGSKGKGGTQTA,grampa
length_out_of_range,RMRRSKSGKGSGGSKGSGSKGSKGSKGSGSKGSGSKGGSRPGGGSSIAGGGSKGKGGTQTA,grampa
length_out_of_range,RMRRSKSGKGSGGSKGSGSKGSKGSKGSGSKGSGSKGGSRPGGGSSIAGGGSKGKGGTQTA,grampa
length_out_of_range,RMRRSKSGKGSGGSKGSGSKGSKGSKGSGSKGSGSKGGSRPGGGSSIAGGGSKGKGGTQTA,grampa
length_out_of_range,RMRRSKSGKGSGGSKGSGSKGSKGSKGSGSKGSGSKGGSRPGGGSSIAGGGSKGKGGTQTA,grampa
length_out_of_range,RMRRSKSGKGSGGSKGSGSKGSKGSKGSGSKGSGSKGGSRPGGGSSIAGGGSKGKGGTQTA,grampa
length_out_of_range,RMRRSKSGKGSGGSKGSGSKGSKGSKGSGSKGSGSKGGSRPGGGSSIAGGGSKGKGGTQTA,grampa
length_out_of_range,RMRRSKSGKGSGGSKGSGSKGSKGSKGSGSKGSGSKGGSRPGGGSSIAGGGSKGKGGTQTA,grampa
length_out_of_range,RMRRSKSGKGSGGSKGSGSKGSKGSKGSGSKGSGSKGGSRPGGGSSIAGGGSKGKGGTQTA,grampa
length_out_of_range,MDVFMKGLSKAKEGVVAAAEKTKQGVAEAAGKTKEGVLYVGSKTKEGVVHGVATVAEKTKEQVTNVGGAVVTGVTAVAQKTVEGAGSIAAATGFVKKDQLGKNEEGAPQEGILEDMPVDPDNEAYEMPSEEGYQDYEPEA,grampa
length_out_of_range,MDVFMKGLSKAKEGVVAAAEKTKQGVAEAAGKTKEGVLYVGSKTKEGVVHGVATVAEKTKEQVTNVGGAVVTGVTAVAQKTVEGAGSIAAATGFVKKDQLGKNEEGAPQEGILEDMPVDPDNEAYEMPSEEGYQDYEPEA,grampa
length_out_of_range,MDVFMKGLSKAKEGVVAAAEKTKQGVAEAAGKTKEGVLYVGSKTKEGVVHGVATVAEKTKEQVTNVGGAVVTGVTAVAQKTVEGAGSIAAATGFVKKDQLGKNEEGAPQEGILEDMPVDPDNEAYEMPSEEGYQDYEPEA,grampa
length_out_of_range,MDVFMKGLSKAKEGVVAAAEKTKQGVAEAAGKTKEGVLYVGSKTKEGVVHGVATVAEKTKEQVTNVGGAVVTGVTAVAQKTVEGAGSIAAATGFVKKDQLGKNEEGAPQEGILEDMPVDPDNEAYEMPSEEGYQDYEPEA,grampa
length_out_of_range,MDVFMKGLSKAKEGVVAAAEKTKQGVAEAAGKTKEGVLYVGSKTKEGVVHGVATVAEKTKEQVTNVGGAVVTGVTAVAQKTVEGAGSIAAATGFVKKDQLGKNEEGAPQEGILEDMPVDPDNEAYEMPSEEGYQDYEPEA,grampa
length_out_of_range,MDVFMKGLSKAKEGVVAAAEKTKQGVAEAAGKTKEGVLYVGSKTKEGVVHGVATVAEKTKEQVTNVGGAVVTGVTAVAQKTVEGAGSIAAATGFVKKDQLGKNEEGAPQEGILEDMPVDPDNEAYEMPSEEGYQDYEPEA,grampa
length_out_of_range,MDVFMKGLSKAKEGVVAAAEKTKQGVAEAAGKTKEGVLYVGSKTKEGVVHGVATVAEKTKEQVTNVGGAVVTGVTAVAQKTVEGAGSIAAATGFVKKDQLGKNEEGAPQEGILEDMPVDPDNEAYEMPSEEGYQDYEPEA,grampa
length_out_of_range,MDVFMKGLSKAKEGVVAAAEKTKQGVAEAAGKTKEGVLYVGSKTKEGVVHGVATVAEKTKEQVTNVGGAVVTGVTAVAQKTVEGAGSIAAATGFVKKDQLGKNEEGAPQEGILEDMPVDPDNEAYEMPSEEGYQDYEPEA,grampa
length_out_of_range,MDVFMKGLSKAKEGVVAAAEKTKQGVAEAAGKTKEGVLYVGSKTKEGVVHGVATVAEKTKEQVTNVGGAVVTGVTAVAQKTVEGAGSIAAATGFVKKDQLGKNEEGAPQEGILEDMPVDPDNEAYEMPSEEGYQDYEPEA,grampa
length_out_of_range,MDVFMKGLSKAKEGVVAAAEKTKQGVAEAAGKTKEGVLYVGSKTKEGVVHGVATVAEKTKEQVTNVGGAVVTGVTAVAQKTVEGAGSIAAATGFVKKDQLGKNEEGAPQEGILEDMPVDPDNEAYEMPSEEGYQDYEPEA,grampa
length_out_of_range,MDVFMKGLSKAKEGVVAAAEKTKQGVAEAAGKTKEGVLYVGSKTKEGVVHGVATVAEKTKEQVTNVGGAVVTGVTAVAQKTVEGAGSIAAATGFVKKDQLGKNEEGAPQEGILEDMPVDPDNEAYEMPSEEGYQDYEPEA,grampa
length_out_of_range,MDVFMKGLSKAKEGVVAAAEKTKQGVAEAAGKTKEGVLYVGSKTKEGVVHGVATVAEKTKEQVTNVGGAVVTGVTAVAQKTVEGAGSIAAATGFVKKDQLGKNEEGAPQEGILEDMPVDPDNEAYEMPSEEGYQDYEPEA,grampa
length_out_of_range,GQALNKLMPKIVSAIIYMVGQPNAGVTFLGHQCLVESTRQPDGFYTAKMSCASWTHDNPIVGEGRSRVELEALKGSITNFVQTASNYKKFTIDEVEDWIASY,grampa
length_out_of_range,GQALNKLMPKIVSAIIYMVGQPNAGVTFLGHQCLVESTRQPDGFYTAKMSCASWTHDNPIVGEGRSRVELEALKGSITNFVQTASNYKKFTIDEVEDWIASY,grampa
length_out_of_range,GQALNKLMPKIVSAIIYMVGQPNAGVTFLGHQCLVESTRQPDGFYTAKMSCASWTHDNPIVGEGRSRVELEALKGSITNFVQTASNYKKFTIDEVEDWIASY,grampa
length_out_of_range,GQALNKLMPKIVSAIIYMVGQPNAGVTFLGHQCLVESTRQPDGFYTAKMSCASWTHDNPIVGEGRSRVELEALKGSITNFVQTASNYKKFTIDEVEDWIASY,grampa
length_out_of_range,GQALNKLMPKIVSAIIYMVGQPNAGVTFLGHQCLVESTRQPDGFYTAKMSCASWTHDNPIVGEGRSRVELEALKGSITNFVQTASNYKKFTIDEVEDWIASY,grampa
length_out_of_range,MRVLLLLVSLAAVGNAYNAKVPIQTLPERLDNFPGRGPSFTRPAVVGVQTLPGRVPPQTFPGVIGVGTKPLISPPRPGFTGSTRPFQRPGQYSFTRSNCWARCPGYPNGDSLCCRQYGACCSTSYPVPYKG,grampa
length_out_of_range,MRVLLLLVSLAAVGNAYNAKVPIQTLPERLDNFPGRGPSFTRPAVVGVQTLPGRVPPQTFPGVIGVGTKPLISPPRPGFTGSTRPFQRPGQYSFTRSNCWARCPGYPNGDSLCCRQYGACCSTSYPVPYKG,grampa
length_out_of_range,MRVLLLLVSLAAVGNAYNAKVPIQTLPERLDNFPGRGPSFTRPAVVGVQTLPGRVPPQTFPGVIGVGTKPLISPPRPGFTGSTRPFQRPGQYSFTRSNCWARCPGYPNGDSLCCRQYGACCSTSYPVPYKG,grampa
length_out_of_range,MRVLLLLVSLAAVGNAYNAKVPIQTLPERLDNFPGRGPSFTRPAVVGVQTLPGRVPPQTFPGVIGVGTKPLISPPRPGFTGSTRPFQRPGQYSFTRSNCWARCPGYPNGDSLCCRQYGACCSTSYPVPYKG,grampa
length_out_of_range,MRVLLLLVSLAAVGNAYNAKVPIQTLPERLDNFPGRGPSFTRPAVVGVQTLPGRVPPQTFPGVIGVGTKPLISPPRPGFTGSTRPFQRPGQYSFTRSNCWARCPGYPNGDSLCCRQYGACCSTSYPVPYKG,grampa
length_out_of_range,MRVLLLLVSLAAVGNAYNAKVPIQTLPERLDNFPGRGPSFTRPAVVGVQTLPGRVPPQTFPGVIGVGTKPLISPPRPGFTGSTRPFQRPGQYSFTRSNCWARCPGYPNGDSLCCRQYGACCSTSYPVPYKG,grampa
length_out_of_range,MRVLLLLVSLAAVGNAYNAKVPIQTLPERLDNFPGRGPSFTRPAVVGVQTLPGRVPPQTFPGVIGVGTKPLISPPRPGFTGSTRPFQRPGQYSFTRSNCWARCPGYPNGDSLCCRQYGACCSTSYPVPYKG,grampa
length_out_of_range,RRIRPRPPRLPRPRPRPLPFPRPGPRPIPRPLPFPRPGPRPIPRPLPFPRPGPRPIPRPL,grampa
length_out_of_range,RRIRPRPPRLPRPRPRPLPFPRPGPRPIPRPLPFPRPGPRPIPRPLPFPRPGPRPIPRPL,grampa
length_out_of_range,RRIRPRPPRLPRPRPRPLPFPRPGPRPIPRPLPFPRPGPRPIPRPLPFPRPGPRPIPRPL,grampa
length_out_of_range,RRIRPRPPRLPRPRPRPLPFPRPGPRPIPRPLPFPRPGPRPIPRPLPFPRPGPRPIPRPL,grampa
length_out_of_range,RRIRPRPPRLPRPRPRPLPFPRPGPRPIPRPLPFPRPGPRPIPRPLPFPRPGPRPIPRPL,grampa
length_out_of_range,RRIRPRPPRLPRPRPRPLPFPRPGPRPIPRPLPFPRPGPRPIPRPLPFPRPGPRPIPRPL,grampa
length_out_of_range,SKCKCSRKGPKIRYSDVKKLEMKPKYPHCEEKMVIITTKSVSRYRGQEHCLHPKLQSTKRFIKWYNAWNEKRRVYEE,grampa
length_out_of_range,SKCKCSRKGPKIRYSDVKKLEMKPKYPHCEEKMVIITTKSVSRYRGQEHCLHPKLQSTKRFIKWYNAWNEKRRVYEE,grampa
length_out_of_range,SKCKCSRKGPKIRYSDVKKLEMKPKYPHCEEKMVIITTKSVSRYRGQEHCLHPKLQSTKRFIKWYNAWNEKRRVYEE,grampa
length_out_of_range,AATAKKGAKKADAPAKPKKATKPKSPKKAAKKAGAKKGVKRAGKKGAKKTTKAKK,grampa
length_out_of_range,AATAKKGAKKADAPAKPKKATKPKSPKKAAKKAGAKKGVKRAGKKGAKKTTKAKK,grampa
length_out_of_range,AATAKKGAKKADAPAKPKKATKPKSPKKAAKKAGAKKGVKRAGKKGAKKTTKAKK,grampa
length_out_of_range,AATAKKGAKKADAPAKPKKATKPKSPKKAAKKAGAKKGVKRAGKKGAKKTTKAKK,grampa
length_out_of_range,AATAKKGAKKADAPAKPKKATKPKSPKKAAKKAGAKKGVKRAGKKGAKKTTKAKK,grampa
length_out_of_range,AATAKKGAKKADAPAKPKKATKPKSPKKAAKKAGAKKGVKRAGKKGAKKTTKAKK,grampa
length_out_of_range,MRILYLLFSVLFLVLQVSPGLSLPQRDMFLCRKGSCHFGRCPIHLIRVGSCFGFRSCCKSPWDV,grampa
length_out_of_range,MRILYLLFSVLFLVLQVSPGLSLPQRDMFLCRKGSCHFGRCPIHLIRVGSCFGFRSCCKSPWDV,grampa
length_out_of_range,MRILYLLFSVLFLVLQVSPGLSLPQRDMFLCRKGSCHFGRCPIHLIRVGSCFGFRSCCKSPWDV,grampa
length_out_of_range,MRILYLLFSVLFLVLQVSPGLSLPQRDMFLCRKGSCHFGRCPIHLIRVGSCFGFRSCCKSPWDV,grampa
length_out_of_range,MRILYLLFSVLFLVLQVSPGLSLPQRDMFLCRKGSCHFGRCPIHLIRVGSCFGFRSCCKSPWDV,grampa
length_out_of_range,RGARRR,grampa
length_out_of_range,RPDFCLEPPYTGPCKARMIRYFYNAKAGLCQPFVYGGCRAKRNNFKSSEDCMRTCGGA,grampa
length_out_of_range,RPDFCLEPPYTGPCKARMIRYFYNAKAGLCQPFVYGGCRAKRNNFKSSEDCMRTCGGA,grampa
length_out_of_range,QNICPRVNRIVTPCVAYGLGRAPIAPCCRALNDLRFVNTRNLRRAACRCLVGVVNRNPGLRRNPRFQNIPRDCRNTFVRPFWWRPRIQCGRIN,grampa
length_out_of_range,QNICPRVNRIVTPCVAYGLGRAPIAPCCRALNDLRFVNTRNLRRAACRCLVGVVNRNPGLRRNPRFQNIPRDCRNTFVRPFWWRPRIQCGRIN,grampa
length_out_of_range,QNICPRVNRIVTPCVAYGLGRAPIAPCCRALNDLRFVNTRNLRRAACRCLVGVVNRNPGLRRNPRFQNIPRDCRNTFVRPFWWRPRIQCGRIN,grampa
length_out_of_range,QNICPRVNRIVTPCVAYGLGRAPIAPCCRALNDLRFVNTRNLRRAACRCLVGVVNRNPGLRRNPRFQNIPRDCRNTFVRPFWWRPRIQCGRIN,grampa
length_out_of_range,QNICPRVNRIVTPCVAYGLGRAPIAPCCRALNDLRFVNTRNLRRAACRCLVGVVNRNPGLRRNPRFQNIPRDCRNTFVRPFWWRPRIQCGRIN,grampa
length_out_of_range,QNICPRVNRIVTPCVAYGLGRAPIAPCCRALNDLRFVNTRNLRRAACRCLVGVVNRNPGLRRNPRFQNIPRDCRNTFVRPFWWRPRIQCGRIN,grampa
length_out_of_range,QNICPRVNRIVTPCVAYGLGRAPIAPCCRALNDLRFVNTRNLRRAACRCLVGVVNRNPGLRRNPRFQNIPRDCRNTFVRPFWWRPRIQCGRIN,grampa
length_out_of_range,QNICPRVNRIVTPCVAYGLGRAPIAPCCRALNDLRFVNTRNLRRAACRCLVGVVNRNPGLRRNPRFQNIPRDCRNTFVRPFWWRPRIQCGRIN,grampa
length_out_of_range,QNICPRVNRIVTPCVAYGLGRAPIAPCCRALNDLRFVNTRNLRRAACRCLVGVVNRNPGLRRNPRFQNIPRDCRNTFVRPFWWRPRIQCGRIN,grampa
length_out_of_range,QNICPRVNRIVTPCVAYGLGRAPIAPCCRALNDLRFVNTRNLRRAACRCLVGVVNRNPGLRRNPRFQNIPRDCRNTFVRPFWWRPRIQCGRIN,grampa
length_out_of_range,QNICPRVNRIVTPCVAYGLGRAPIAPCCRALNDLRFVNTRNLRRAACRCLVGVVNRNPGLRRNPRFQNIPRDCRNTFVRPFWWRPRIQCGRIN,grampa
length_out_of_range,QNICPRVNRIVTPCVAYGLGRAPIAPCCRALNDLRFVNTRNLRRAACRCLVGVVNRNPGLRRNPRFQNIPRDCRNTFVRPFWWRPRIQCGRIN,grampa
length_out_of_range,QNICPRVNRIVTPCVAYGLGRAPIAPCCRALNDLRFVNTRNLRRAACRCLVGVVNRNPGLRRNPRFQNIPRDCRNTFVRPFWWRPRIQCGRIN,grampa
length_out_of_range,QNICPRVNRIVTPCVAYGLGRAPIAPCCRALNDLRFVNTRNLRRAACRCLVGVVNRNPGLRRNPRFQNIPRDCRNTFVRPFWWRPRIQCGRIN,grampa
length_out_of_range,LV,grampa
length_out_of_range,LV,grampa
length_out_of_range,LV,grampa
length_out_of_range,LV,grampa
length_out_of_range,LV,grampa
length_out_of_range,LV,grampa
length_out_of_range,LV,grampa
length_out_of_range,LP,grampa
length_out_of_range,LP,grampa
length_out_of_range,LP,grampa
length_out_of_range,LP,grampa
length_out_of_range,LP,grampa
length_out_of_range,LP,grampa
length_out_of_range,LP,grampa
length_out_of_range,LP,grampa
length_out_of_range,LP,grampa
length_out_of_range,LP,grampa
length_out_of_range,LP,grampa
length_out_of_range,LP,grampa
length_out_of_range,LP,grampa
length_out_of_range,LP,grampa
length_out_of_range,LP,grampa
length_out_of_range,RESPSSRMECYEQAERYGYGGYGGGRYGGGYGSGRGQPVGQGVERSHDDNRNQPR,grampa
length_out_of_range,RESPSSRMECYEQAERYGYGGYGGGRYGGGYGSGRGQPVGQGVERSHDDNRNQPR,grampa
length_out_of_range,ATYDGKCYKKDNICKYKAQSGKTAICKCYVKVCPRDGAKCEFDSYKGKCYC,grampa
length_out_of_range,ATYDGKCYKKDNICKYKAQSGKTAICKCYVKVCPRDGAKCEFDSYKGKCYC,grampa
length_out_of_range,ATYDGKCYKKDNICKYKAQSGKTAICKCYVKVCPRDGAKCEFDSYKGKCYC,grampa
length_out_of_range,ATYDGKCYKKDNICKYKAQSGKTAICKCYVKVCPRDGAKCEFDSYKGKCYC,grampa
length_out_of_range,ATYDGKCYKKDNICKYKAQSGKTAICKCYVKVCPRDGAKCEFDSYKGKCYC,grampa
length_out_of_range,ATYDGKCYKKDNICKYKAQSGKTAICKCYVKVCPRDGAKCEFDSYKGKCYC,grampa
length_out_of_range,ATYDGKCYKKDNICKYKAQSGKTAICKCYVKVCPRDGAKCEFDSYKGKCYC,grampa
length_out_of_range,QDDESDVPHVRVRRGFGCPLNQGACHNHCRSIGRRGGYCAGIIKQTCTCYRK,grampa
length_out_of_range,QDDESDVPHVRVRRGFGCPLNQGACHNHCRSIGRRGGYCAGIIKQTCTCYRK,grampa
length_out_of_range,QDDESDVPHVRVRRGFGCPLNQGACHNHCRSIGRRGGYCAGIIKQTCTCYRK,grampa
length_out_of_range,QDDESDVPHVRVRRGFGCPLNQGACHNHCRSIGRRGGYCAGIIKQTCTCYRK,grampa
length_out_of_range,QDDESDVPHVRVRRGFGCPLNQGACHNHCRSIGRRGGYCAGIIKQTCTCYRK,grampa
length_out_of_range,QDDESDVPHVRVRRGFGCPLNQGACHNHCRSIGRRGGYCAGIIKQTCTCYRK,grampa
length_out_of_range,CKSIFC,grampa
length_out_of_range,CKSIFC,grampa
length_out_of_range,AVTCNTVVSSLAPCVPFFAGSAAQPTAACCNGVRSLNSAARTTPDRRTACNCIKSSASSIGLNYNKAAKLPSRCTVNVTVPISPSVNCAT,grampa
length_out_of_range,AVTCNTVVSSLAPCVPFFAGSAAQPTAACCNGVRSLNSAARTTPDRRTACNCIKSSASSIGLNYNKAAKLPSRCTVNVTVPISPSVNCAT,grampa
length_out_of_range,AVTCNTVVSSLAPCVPFFAGSAAQPTAACCNGVRSLNSAARTTPDRRTACNCIKSSASSIGLNYNKAAKLPSRCTVNVTVPISPSVNCAT,grampa
length_out_of_range,AVTCNTVVSSLAPCVPFFAGSAAQPTAACCNGVRSLNSAARTTPDRRTACNCIKSSASSIGLNYNKAAKLPSRCTVNVTVPISPSVNCAT,grampa
length_out_of_range,AVTCNTVVSSLAPCVPFFAGSAAQPTAACCNGVRSLNSAARTTPDRRTACNCIKSSASSIGLNYNKAAKLPSRCTVNVTVPISPSVNCAT,grampa
length_out_of_range,AVTCNTVVSSLAPCVPFFAGSAAQPTAACCNGVRSLNSAARTTPDRRTACNCIKSSASSIGLNYNKAAKLPSRCTVNVTVPISPSVNCAT,grampa
length_out_of_range,AVTCNTVVSSLAPCVPFFAGSAAQPTAACCNGVRSLNSAARTTPDRRTACNCIKSSASSIGLNYNKAAKLPSRCTVNVTVPISPSVNCAT,grampa
length_out_of_range,FPWWWPF,grampa
length_out_of_range,FPWWWPF,grampa
length_out_of_range,FSFKRLKGFAKKLWNSKLARKIRTKGLKYVKNFAKDMLSEGEEAPPAAEPPVEAPQ,grampa
length_out_of_range,FSFKRLKGFAKKLWNSKLARKIRTKGLKYVKNFAKDMLSEGEEAPPAAEPPVEAPQ,grampa
length_out_of_range,FSFKRLKGFAKKLWNSKLARKIRTKGLKYVKNFAKDMLSEGEEAPPAAEPPVEAPQ,grampa
length_out_of_range,FSFKRLKGFAKKLWNSKLARKIRTKGLKYVKNFAKDMLSEGEEAPPAAEPPVEAPQ,grampa
length_out_of_range,GHLGRPYIGGGGGFNRGGGFHRGGGFHRGGGFHSGGGFHRGGGFHSGGSFGYR,grampa
length_out_of_range,GHLGRPYIGGGGGFNRGGGFHRGGGFHRGGGFHSGGGFHRGGGFHSGGSFGYR,grampa
length_out_of_range,GHLGRPYIGGGGGFNRGGGFHRGGGFHRGGGFHSGGGFHRGGGFHSGGSFGYR,grampa
length_out_of_range,GHLGRPYIGGGGGFNRGGGFHRGGGFHRGGGFHSGGGFHRGGGFHSGGSFGYR,grampa
length_out_of_range,GHLGRPYIGGGGGFNRGGGFHRGGGFHRGGGFHSGGGFHRGGGFHSGGSFGYR,grampa
length_out_of_range,GHLGRPYIGGGGGFNRGGGFHRGGGFHRGGGFHSGGGFHRGGGFHSGGSFGYR,grampa
length_out_of_range,GHLGRPYIGGGGGFNRGGGFHRGGGFHRGGGFHSGGGFHRGGGFHSGGSFGYR,grampa
length_out_of_range,GHLGRPYIGGGGGFNRGGGFHRGGGFHRGGGFHSGGGFHRGGGFHSGGSFGYR,grampa
length_out_of_range,GHLGRPYIGGGGGFNRGGGFHRGGGFHRGGGFHSGGGFHRGGGFHSGGSFGYR,grampa
length_out_of_range,GHLGRPYIGGGGGFNRGGGFHRGGGFHRGGGFHSGGGFHRGGGFHSGGSFGYR,grampa
length_out_of_range,GHLGRPYIGGGGGFNRGGGFHRGGGFHRGGGFHSGGGFHRGGGFHSGGSFGYR,grampa
length_out_of_range,GHLGRPYIGGGGGFNRGGGFHRGGGFHRGGGFHSGGGFHRGGGFHSGGSFGYR,grampa
length_out_of_range,GHLGRPYIGGGGGFNRGGGFHRGGGFHRGGGFHSGGGFHRGGGFHSGGSFGYR,grampa
length_out_of_range,GHLGRPYIGGGGGFNRGGGFHRGGGFHRGGGFHSGGGFHRGGGFHSGGSFGYR,grampa
length_out_of_range,GHLGRPYIGGGGGFNRGGGFHRGGGFHRGGGFHSGGGFHRGGGFHSGGSFGYR,grampa
length_out_of_range,GHLGRPYIGGGGGFNRGGGFHRGGGFHRGGGFHSGGGFHRGGGFHSGGSFGYR,grampa
length_out_of_range,GHLGRPYIGGGGGFNRGGGFHRGGGFHRGGGFHSGGGFHRGGGFHSGGSFGYR,grampa
length_out_of_range,GHLGRPYIGGGGGFNRGGGFHRGGGFHRGGGFHSGGGFHRGGGFHSGGSFGYR,grampa
length_out_of_range,GHLGRPYIGGGGGFNRGGGFHRGGGFHRGGGFHSGGGFHRGGGFHSGGSFGYR,grampa
length_out_of_range,GHLGRPYIGGGGGFNRGGGFHRGGGFHRGGGFHSGGGFHRGGGFHSGGSFGYR,grampa
length_out_of_range,GHLGRPYIGGGGGFNRGGGFHRGGGFHRGGGFHSGGGFHRGGGFHSGGSFGYR,grampa
length_out_of_range,GHLGRPYIGGGGGFNRGGGFHRGGGFHRGGGFHSGGGFHRGGGFHSGGSFGYR,grampa
length_out_of_range,GHLGRPYIGGGGGFNRGGGFHRGGGFHRGGGFHSGGGFHRGGGFHSGGSFGYR,grampa
length_out_of_range,GHLGRPYIGGGGGFNRGGGFHRGGGFHRGGGFHSGGGFHRGGGFHSGGSFGYR,grampa
length_out_of_range,GHLGRPYIGGGGGFNRGGGFHRGGGFHRGGGFHSGGGFHRGGGFHSGGSFGYR,grampa
length_out_of_range,EPFSSVAATCQTPKIACKNGDKNCHQSHGAVSLTMCKLTSGKYPNCRYKEKRQNKSYVVACKPPQKKDSQQFHLVPVHLDRVL,grampa
length_out_of_range,EPFSSVAATCQTPKIACKNGDKNCHQSHGAVSLTMCKLTSGKYPNCRYKEKRQNKSYVVACKPPQKKDSQQFHLVPVHLDRVL,grampa
length_out_of_range,EPFSSVAATCQTPKIACKNGDKNCHQSHGAVSLTMCKLTSGKYPNCRYKEKRQNKSYVVACKPPQKKDSQQFHLVPVHLDRVL,grampa
length_out_of_range,QHGYGAGGHGQQGYGSQHSSHAPQGGHVVREQGFSGHVHEQQAGHHHEAGHHEQAGHHEQSGQQVHGQGHGYKSHGY,grampa
length_out_of_range,QHGYGAGGHGQQGYGSQHSSHAPQGGHVVREQGFSGHVHEQQAGHHHEAGHHEQAGHHEQSGQQVHGQGHGYKSHGY,grampa
length_out_of_range,QHGYGAGGHGQQGYGSQHSSHAPQGGHVVREQGFSGHVHEQQAGHHHEAGHHEQAGHHEQSGQQVHGQGHGYKSHGY,grampa
length_out_of_range,QHGYGAGGHGQQGYGSQHSSHAPQGGHVVREQGFSGHVHEQQAGHHHEAGHHEQAGHHEQSGQQVHGQGHGYKSHGY,grampa
length_out_of_range,QHGYGAGGHGQQGYGSQHSSHAPQGGHVVREQGFSGHVHEQQAGHHHEAGHHEQAGHHEQSGQQVHGQGHGYKSHGY,grampa
length_out_of_range,QHGYGAGGHGQQGYGSQHSSHAPQGGHVVREQGFSGHVHEQQAGHHHEAGHHEQAGHHEQSGQQVHGQGHGYKSHGY,grampa
length_out_of_range,QHGYGAGGHGQQGYGSQHSSHAPQGGHVVREQGFSGHVHEQQAGHHHEAGHHEQAGHHEQSGQQVHGQGHGYKSHGY,grampa
length_out_of_range,QHGYGAGGHGQQGYGSQHSSHAPQGGHVVREQGFSGHVHEQQAGHHHEAGHHEQAGHHEQSGQQVHGQGHGYKSHGY,grampa
length_out_of_range,QHGYGAGGHGQQGYGSQHSSHAPQGGHVVREQGFSGHVHEQQAGHHHEAGHHEQAGHHEQSGQQVHGQGHGYKSHGY,grampa
length_out_of_range,QHGYGAGGHGQQGYGSQHSSHAPQGGHVVREQGFSGHVHEQQAGHHHEAGHHEQAGHHEQSGQQVHGQGHGYKSHGY,grampa
length_out_of_range,MGSSHHHHHHSSGLVPRGSHMIPVNGVTELEEAASNDTPVAARHEMSMQSWMMPNHIREKRQSHLSMCSVCCNCCKNYKGCGFCCRF,grampa
length_out_of_range,MGSSHHHHHHSSGLVPRGSHMIPVNGVTELEEAASNDTPVAARHEMSMQSWMMPNHIREKRQSHLSMCSVCCNCCKNYKGCGFCCRF,grampa
length_out_of_range,MGSSHHHHHHSSGLVPRGSHMIPVNGVTELEEAASNDTPVAARHEMSMQSWMMPNHIREKRQSHLSMCSVCCNCCKNYKGCGFCCRF,grampa
length_out_of_range,MGSSHHHHHHSSGLVPRGSHMIPVNGVTELEEAASNDTPVAARHEMSMQSWMMPNHIREKRQSHLSMCSVCCNCCKNYKGCGFCCRF,grampa
length_out_of_range,MGSSHHHHHHSSGLVPRGSHMIPVNGVTELEEAASNDTPVAARHEMSMQSWMMPNHIREKRQSHLSMCSVCCNCCKNYKGCGFCCRF,grampa
length_out_of_range,MGSSHHHHHHSSGLVPRGSHMIPVNGVTELEEAASNDTPVAARHEMSMQSWMMPNHIREKRQSHLSMCSVCCNCCKNYKGCGFCCRF,grampa
length_out_of_range,MGSSHHHHHHSSGLVPRGSHMIPVNGVTELEEAASNDTPVAARHEMSMQSWMMPNHIREKRQSHLSMCSVCCNCCKNYKGCGFCCRF,grampa
length_out_of_range,CWSCMGHSCWSCMGHSCWSCAGHSCWSCMGHSCWSCMGHSCWSCAGHCCGSCWHGGM,grampa
length_out_of_range,CWSCMGHSCWSCMGHSCWSCAGHSCWSCMGHSCWSCMGHSCWSCAGHCCGSCWHGGM,grampa
length_out_of_range,CWSCMGHSCWSCMGHSCWSCAGHSCWSCMGHSCWSCMGHSCWSCAGHCCGSCWHGGM,grampa
length_out_of_range,CWSCMGHSCWSCMGHSCWSCAGHSCWSCMGHSCWSCMGHSCWSCAGHCCGSCWHGGM,grampa
length_out_of_range,CWSCMGHSCWSCMGHSCWSCAGHSCWSCMGHSCWSCMGHSCWSCAGHCCGSCWHGGM,grampa
length_out_of_range,CWSCMGHSCWSCMGHSCWSCAGHSCWSCMGHSCWSCMGHSCWSCAGHCCGSCWHGGM,grampa
length_out_of_range,FLSFPTTKTYFPHFDLSHGSAQVKGHGAKVAAALTKAVEHLDDLPGALSEL,grampa
length_out_of_range,FLSFPTTKTYFPHFDLSHGSAQVKGHGAKVAAALTKAVEHLDDLPGALSEL,grampa
length_out_of_range,FLSFPTTKTYFPHFDLSHGSAQVKGHGAKVAAALTKAVEHLDDLPGALSEL,grampa
length_out_of_range,FLSFPTTKTYFPHFDLSHGSAQVKGHGAKVAAALTKAVEHLDDLPGALSEL,grampa
length_out_of_range,KRKGKRK,grampa
length_out_of_range,KRKGKRK,grampa
length_out_of_range,KRKGKRK,grampa
length_out_of_range,RGFARR,grampa
length_out_of_range,SISCKAGRVGCFASCQVQNCATGYCRGSTCVCSRCGKGTTPFNKFKIWNQLRVLVQKMVDEERA,grampa
length_out_of_range,SISCKAGRVGCFASCQVQNCATGYCRGSTCVCSRCGKGTTPFNKFKIWNQLRVLVQKMVDEERA,grampa
length_out_of_range,SISCKAGRVGCFASCQVQNCATGYCRGSTCVCSRCGKGTTPFNKFKIWNQLRVLVQKMVDEERA,grampa
length_out_of_range,SISCKAGRVGCFASCQVQNCATGYCRGSTCVCSRCGKGTTPFNKFKIWNQLRVLVQKMVDEERA,grampa
length_out_of_range,SISCKAGRVGCFASCQVQNCATGYCRGSTCVCSRCGKGTTPFNKFKIWNQLRVLVQKMVDEERA,grampa
length_out_of_range,SISCKAGRVGCFASCQVQNCATGYCRGSTCVCSRCGKGTTPFNKFKIWNQLRVLVQKMVDEERA,grampa
length_out_of_range,SISCKAGRVGCFASCQVQNCATGYCRGSTCVCSRCGKGTTPFNKFKIWNQLRVLVQKMVDEERA,grampa
length_out_of_range,SHGAVSLTMCKLTSGKYPNCRYKEKRQNKSYVVACKPPQKKDSQQFHLVPVHLDRVL,grampa
length_out_of_range,SHGAVSLTMCKLTSGKYPNCRYKEKRQNKSYVVACKPPQKKDSQQFHLVPVHLDRVL,grampa
length_out_of_range,SHGAVSLTMCKLTSGKYPNCRYKEKRQNKSYVVACKPPQKKDSQQFHLVPVHLDRVL,grampa
length_out_of_range,HPQTNQR,grampa
length_out_of_range,HPQTNQR,grampa
length_out_of_range,HPQTNQR,grampa
length_out_of_range,HPQTNQR,grampa
length_out_of_range,HPQTNQR,grampa
length_out_of_range,HPQTNQR,grampa
length_out_of_range,HPQTNQR,grampa
length_out_of_range,HPQTNQR,grampa
length_out_of_range,HPQTNQR,grampa
length_out_of_range,HPQTNQR,grampa
length_out_of_range,VLNENLL,grampa
length_out_of_range,VLNENLL,grampa
length_out_of_range,VLNENLL,grampa
length_out_of_range,VLNENLL,grampa
length_out_of_range,VLNENLL,grampa
length_out_of_range,VLNENLL,grampa
length_out_of_range,VLNENLL,grampa
length_out_of_range,VLNENLL,grampa
length_out_of_range,VLNENLL,grampa
length_out_of_range,VLNENLL,grampa
length_out_of_range,VLNENLL,grampa
length_out_of_range,VLNENLL,grampa
length_out_of_range,RHRH,grampa
length_out_of_range,RHRH,grampa
length_out_of_range,GSKRWRKFEKKVKKALEDAKEKLQEERVQKIVEHTKEALPVIKAVATVVGVVGRR,grampa
length_out_of_range,GSKRWRKFEKKVKKALEDAKEKLQEERVQKIVEHTKEALPVIKAVATVVGVVGRR,grampa
length_out_of_range,GSKRWRKFEKKVKKALEDAKEKLQEERVQKIVEHTKEALPVIKAVATVVGVVGRR,grampa
length_out_of_range,GSKRWRKFEKKVKKALEDAKEKLQEERVQKIVEHTKEALPVIKAVATVVGVVGRR,grampa
length_out_of_range,GSKRWRKFEKKVKKALEDAKEKLQEERVQKIVEHTKEALPVIKAVATVVGVVGRR,grampa
length_out_of_range,GSKRWRKFEKKVKKALEDAKEKLQEERVQKIVEHTKEALPVIKAVATVVGVVGRR,grampa
length_out_of_range,GSKRWRKFEKKVKKALEDAKEKLQEERVQKIVEHTKEALPVIKAVATVVGVVGRR,grampa
length_out_of_range,GSKRWRKFEKKVKKALEDAKEKLQEERVQKIVEHTKEALPVIKAVATVVGVVGRR,grampa
length_out_of_range,GSKRWRKFEKKVKKALEDAKEKLQEERVQKIVEHTKEALPVIKAVATVVGVVGRR,grampa
length_out_of_range,GSKRWRKFEKKVKKALEDAKEKLQEERVQKIVEHTKEALPVIKAVATVVGVVGRR,grampa
length_out_of_range,AADDDDD,grampa
length_out_of_range,INKHTKRCKDLNTFLHEPFSSVAATCQTPKIACKNGDKNCHQSHGAVSLTMCKLTSGKYPNCRYKEKRQNKSYVVACKPPQKKDSQQFHLVPVHLDRVL,grampa
length_out_of_range,INKHTKRCKDLNTFLHEPFSSVAATCQTPKIACKNGDKNCHQSHGAVSLTMCKLTSGKYPNCRYKEKRQNKSYVVACKPPQKKDSQQFHLVPVHLDRVL,grampa
length_out_of_range,INKHTKRCKDLNTFLHEPFSSVAATCQTPKIACKNGDKNCHQSHGAVSLTMCKLTSGKYPNCRYKEKRQNKSYVVACKPPQKKDSQQFHLVPVHLDRVL,grampa
length_out_of_range,CKYRWR,grampa
length_out_of_range,CKYRWR,grampa
length_out_of_range,CKYRWR,grampa
length_out_of_range,NLYQFKNMIQCAGTQLCVAYVKYGCYCGPGGTGTPLDQLDRCCQTHDHCYDNAKKFGNCIPYFKTYEYTCNKPDLTCTDAKGSCARNVCDCDRAAAICFAAAPYNLANFGINKETHCQ,grampa
length_out_of_range,NLYQFKNMIQCAGTQLCVAYVKYGCYCGPGGTGTPLDQLDRCCQTHDHCYDNAKKFGNCIPYFKTYEYTCNKPDLTCTDAKGSCARNVCDCDRAAAICFAAAPYNLANFGINKETHCQ,grampa
length_out_of_range,RRIRPRPPRLPRPRPRPLPFPRPGPRPIPRPLPFPRPGPRPIPRPLPFPRPGPRPIPRP,grampa
length_out_of_range,RRIRPRPPRLPRPRPRPLPFPRPGPRPIPRPLPFPRPGPRPIPRPLPFPRPGPRPIPRP,grampa
length_out_of_range,RRIRPRPPRLPRPRPRPLPFPRPGPRPIPRPLPFPRPGPRPIPRPLPFPRPGPRPIPRP,grampa
length_out_of_range,PKRKSATKGDEPARRSARLSARPVPKPAAKPKKAAAPKKAVKGKKAAENGDAKAEAKVQAAGDGAG,grampa
length_out_of_range,PKRKSATKGDEPARRSARLSARPVPKPAAKPKKAAAPKKAVKGKKAAENGDAKAEAKVQAAGDGAG,grampa
length_out_of_range,PKRKSATKGDEPARRSARLSARPVPKPAAKPKKAAAPKKAVKGKKAAENGDAKAEAKVQAAGDGAG,grampa
length_out_of_range,PKRKSATKGDEPARRSARLSARPVPKPAAKPKKAAAPKKAVKGKKAAENGDAKAEAKVQAAGDGAG,grampa
length_out_of_range,PKRKSATKGDEPARRSARLSARPVPKPAAKPKKAAAPKKAVKGKKAAENGDAKAEAKVQAAGDGAG,grampa
length_out_of_range,PKRKSATKGDEPARRSARLSARPVPKPAAKPKKAAAPKKAVKGKKAAENGDAKAEAKVQAAGDGAG,grampa
length_out_of_range,PKRKSATKGDEPARRSARLSARPVPKPAAKPKKAAAPKKAVKGKKAAENGDAKAEAKVQAAGDGAG,grampa
length_out_of_range,PKRKSATKGDEPARRSARLSARPVPKPAAKPKKAAAPKKAVKGKKAAENGDAKAEAKVQAAGDGAG,grampa
length_out_of_range,VLLFLFQAAPGSADAPFADTAACRSQGNFCRAGACPPTFAASGSCHGGLLNCCAK,grampa
length_out_of_range,VLLFLFQAAPGSADAPFADTAACRSQGNFCRAGACPPTFAASGSCHGGLLNCCAK,grampa
length_out_of_range,VLLFLFQAAPGSADAPFADTAACRSQGNFCRAGACPPTFAASGSCHGGLLNCCAK,grampa
length_out_of_range,VLLFLFQAAPGSADAPFADTAACRSQGNFCRAGACPPTFAASGSCHGGLLNCCAK,grampa
length_out_of_range,VLLFLFQAAPGSADAPFADTAACRSQGNFCRAGACPPTFAASGSCHGGLLNCCAK,grampa
length_out_of_range,LAHRYH,grampa
length_out_of_range,LAHRYH,grampa
length_out_of_range,LAHRYH,grampa
length_out_of_range,LAHRYH,grampa
length_out_of_range,RRWWRRW,grampa
length_out_of_range,RRWWRRK,grampa
length_out_of_range,RPPQFTRAQWFAIQHISLNPPRCTIAMRAINNYRWRCKNQNTFLRTTFANVVNVCGNQSIRCPHNRTLNNCHRSRFRVPLLHCDLINPGAQNISNCTYADRPGRRFYVVACDNRDPRDSPRYPVVPVHLDTTI,grampa
length_out_of_range,RPPQFTRAQWFAIQHISLNPPRCTIAMRAINNYRWRCKNQNTFLRTTFANVVNVCGNQSIRCPHNRTLNNCHRSRFRVPLLHCDLINPGAQNISNCTYADRPGRRFYVVACDNRDPRDSPRYPVVPVHLDTTI,grampa
length_out_of_range,RPPQFTRAQWFAIQHISLNPPRCTIAMRAINNYRWRCKNQNTFLRTTFANVVNVCGNQSIRCPHNRTLNNCHRSRFRVPLLHCDLINPGAQNISNCTYADRPGRRFYVVACDNRDPRDSPRYPVVPVHLDTTI,grampa
length_out_of_range,RPPQFTRAQWFAIQHISLNPPRCTIAMRAINNYRWRCKNQNTFLRTTFANVVNVCGNQSIRCPHNRTLNNCHRSRFRVPLLHCDLINPGAQNISNCTYADRPGRRFYVVACDNRDPRDSPRYPVVPVHLDTTI,grampa
length_out_of_range,RPPQFTRAQWFAIQHISLNPPRCTIAMRAINNYRWRCKNQNTFLRTTFANVVNVCGNQSIRCPHNRTLNNCHRSRFRVPLLHCDLINPGAQNISNCTYADRPGRRFYVVACDNRDPRDSPRYPVVPVHLDTTI,grampa
length_out_of_range,RPPQFTRAQWFAIQHISLNPPRCTIAMRAINNYRWRCKNQNTFLRTTFANVVNVCGNQSIRCPHNRTLNNCHRSRFRVPLLHCDLINPGAQNISNCTYADRPGRRFYVVACDNRDPRDSPRYPVVPVHLDTTI,grampa
length_out_of_range,RPPQFTRAQWFAIQHISLNPPRCTIAMRAINNYRWRCKNQNTFLRTTFANVVNVCGNQSIRCPHNRTLNNCHRSRFRVPLLHCDLINPGAQNISNCTYADRPGRRFYVVACDNRDPRDSPRYPVVPVHLDTTI,grampa
length_out_of_range,RPPQFTRAQWFAIQHISLNPPRCTIAMRAINNYRWRCKNQNTFLRTTFANVVNVCGNQSIRCPHNRTLNNCHRSRFRVPLLHCDLINPGAQNISNCTYADRPGRRFYVVACDNRDPRDSPRYPVVPVHLDTTI,grampa
length_out_of_range,RPPQFTRAQWFAIQHISLNPPRCTIAMRAINNYRWRCKNQNTFLRTTFANVVNVCGNQSIRCPHNRTLNNCHRSRFRVPLLHCDLINPGAQNISNCTYADRPGRRFYVVACDNRDPRDSPRYPVVPVHLDTTI,grampa
length_out_of_range,RRWFW,grampa
length_out_of_range,RRWFW,grampa
length_out_of_range,RRWFW,grampa
length_out_of_range,RRWFW,grampa
length_out_of_range,YSSKDCLKDIGKGIGAGTVAGAAGGGLAAGLGAIPGAFVGAHFGVIGGSAACIGGLLGN,grampa
length_out_of_range,YSSKDCLKDIGKGIGAGTVAGAAGGGLAAGLGAIPGAFVGAHFGVIGGSAACIGGLLGN,grampa
length_out_of_range,YSSKDCLKDIGKGIGAGTVAGAAGGGLAAGLGAIPGAFVGAHFGVIGGSAACIGGLLGN,grampa
length_out_of_range,YSSKDCLKDIGKGIGAGTVAGAAGGGLAAGLGAIPGAFVGAHFGVIGGSAACIGGLLGN,grampa
length_out_of_range,RLNTTFRPLNFKMLRFWGQNRNIMKHRGQKVHFSLILSDCKTNKDCPKLRRANVRCRKSYCVPI,grampa
length_out_of_range,RLNTTFRPLNFKMLRFWGQNRNIMKHRGQKVHFSLILSDCKTNKDCPKLRRANVRCRKSYCVPI,grampa
length_out_of_range,RLNTTFRPLNFKMLRFWGQNRNIMKHRGQKVHFSLILSDCKTNKDCPKLRRANVRCRKSYCVPI,grampa
length_out_of_range,RLNTTFRPLNFKMLRFWGQNRNIMKHRGQKVHFSLILSDCKTNKDCPKLRRANVRCRKSYCVPI,grampa
length_out_of_range,RMRRSKSGKGSGGSKGSGSKGSKGSKGSGSKGSGSKGGSRPGGGSSIAGGGSKGKGGTQTA,grampa
length_out_of_range,RMRRSKSGKGSGGSKGSGSKGSKGSKGSGSKGSGSKGGSRPGGGSSIAGGGSKGKGGTQTA,grampa
length_out_of_range,RMRRSKSGKGSGGSKGSGSKGSKGSKGSGSKGSGSKGGSRPGGGSSIAGGGSKGKGGTQTA,grampa
length_out_of_range,RMRRSKSGKGSGGSKGSGSKGSKGSKGSGSKGSGSKGGSRPGGGSSIAGGGSKGKGGTQTA,grampa
length_out_of_range,RMRRSKSGKGSGGSKGSGSKGSKGSKGSGSKGSGSKGGSRPGGGSSIAGGGSKGKGGTQTA,grampa
length_out_of_range,RMRRSKSGKGSGGSKGSGSKGSKGSKGSGSKGSGSKGGSRPGGGSSIAGGGSKGKGGTQTA,grampa
length_out_of_range,RMRRSKSGKGSGGSKGSGSKGSKGSKGSGSKGSGSKGGSRPGGGSSIAGGGSKGKGGTQTA,grampa
length_out_of_range,RMRRSKSGKGSGGSKGSGSKGSKGSKGSGSKGSGSKGGSRPGGGSSIAGGGSKGKGGTQTA,grampa
length_out_of_range,RMRRSKSGKGSGGSKGSGSKGSKGSKGSGSKGSGSKGGSRPGGGSSIAGGGSKGKGGTQTA,grampa
length_out_of_range,RMRRSKSGKGSGGSKGSGSKGSKGSKGSGSKGSGSKGGSRPGGGSSIAGGGSKGKGGTQTA,grampa
length_out_of_range,RMRRSKSGKGSGGSKGSGSKGSKGSKGSGSKGSGSKGGSRPGGGSSIAGGGSKGKGGTQTA,grampa
length_out_of_range,RMRRSKSGKGSGGSKGSGSKGSKGSKGSGSKGSGSKGGSRPGGGSSIAGGGSKGKGGTQTA,grampa
length_out_of_range,RRRWWWR,grampa
length_out_of_range,FPTTKTYFPHFDLSHGSAQVKGHGAKVAAALTKAVEHLDDLPGALSELSDLHAHKLRVDPVN,grampa
length_out_of_range,FPTTKTYFPHFDLSHGSAQVKGHGAKVAAALTKAVEHLDDLPGALSELSDLHAHKLRVDPVN,grampa
length_out_of_range,FPTTKTYFPHFDLSHGSAQVKGHGAKVAAALTKAVEHLDDLPGALSELSDLHAHKLRVDPVN,grampa
length_out_of_range,FPTTKTYFPHFDLSHGSAQVKGHGAKVAAALTKAVEHLDDLPGALSELSDLHAHKLRVDPVN,grampa
length_out_of_range,QKLCERPSGTWSGVCGNNNACRNQCINLEKARHGSCNYVFPAHKCICYFPC,grampa
length_out_of_range,QKLCERPSGTWSGVCGNNNACRNQCINLEKARHGSCNYVFPAHKCICYFPC,grampa
length_out_of_range,AVDFSSCARMDVPGLSKVAQGLCISSCKFQNCGTGHCEKRGGRPTCVCDRCGRGGGEWPSVPMPKGRSSRG,grampa
length_out_of_range,AVDFSSCARMDVPGLSKVAQGLCISSCKFQNCGTGHCEKRGGRPTCVCDRCGRGGGEWPSVPMPKGRSSRG,grampa
length_out_of_range,AVDFSSCARMDVPGLSKVAQGLCISSCKFQNCGTGHCEKRGGRPTCVCDRCGRGGGEWPSVPMPKGRSSRG,grampa
length_out_of_range,AVDFSSCARMDVPGLSKVAQGLCISSCKFQNCGTGHCEKRGGRPTCVCDRCGRGGGEWPSVPMPKGRSSRG,grampa
length_out_of_range,AVDFSSCARMDVPGLSKVAQGLCISSCKFQNCGTGHCEKRGGRPTCVCDRCGRGGGEWPSVPMPKGRSSRG,grampa
length_out_of_range,RRRWFW,grampa
length_out_of_range,RRRWFW,grampa
length_out_of_range,RRRWFW,grampa
length_out_of_range,RRRWFW,grampa
length_out_of_range,RPPHPRL,grampa
length_out_of_range,RPPHPRL,grampa
length_out_of_range,RPPHPRL,grampa
length_out_of_range,RPPHPRL,grampa
length_out_of_range,RPPHPRL,grampa
length_out_of_range,RPPHPRL,grampa
length_out_of_range,RPPHPRL,grampa
length_out_of_range,MAKEFGIPAAVAKTVLNVVEAGGWVTTIVSILTAVGSGGLSLLAAAGRESIKAYLKKEIKKKGKRAVIAW,grampa
length_out_of_range,MAKEFGIPAAVAKTVLNVVEAGGWVTTIVSILTAVGSGGLSLLAAAGRESIKAYLKKEIKKKGKRAVIAW,grampa
length_out_of_range,MAKEFGIPAAVAKTVLNVVEAGGWVTTIVSILTAVGSGGLSLLAAAGRESIKAYLKKEIKKKGKRAVIAW,grampa
length_out_of_range,MAKEFGIPAAVAKTVLNVVEAGGWVTTIVSILTAVGSGGLSLLAAAGRESIKAYLKKEIKKKGKRAVIAW,grampa
length_out_of_range,MAKEFGIPAAVAKTVLNVVEAGGWVTTIVSILTAVGSGGLSLLAAAGRESIKAYLKKEIKKKGKRAVIAW,grampa
length_out_of_range,MAKEFGIPAAVAKTVLNVVEAGGWVTTIVSILTAVGSGGLSLLAAAGRESIKAYLKKEIKKKGKRAVIAW,grampa
length_out_of_range,MAKEFGIPAAVAKTVLNVVEAGGWVTTIVSILTAVGSGGLSLLAAAGRESIKAYLKKEIKKKGKRAVIAW,grampa
length_out_of_range,MAKEFGIPAAVAKTVLNVVEAGGWVTTIVSILTAVGSGGLSLLAAAGRESIKAYLKKEIKKKGKRAVIAW,grampa
length_out_of_range,CKINKQC,grampa
length_out_of_range,CKINKQC,grampa
length_out_of_range,CKINKQC,grampa
length_out_of_range,QWGYGGYGRGYGGYGGYGRGYGGYGGYGRGYGGYGRGMYGGYGRPYGGYGWGK,grampa
length_out_of_range,QWGYGGYGRGYGGYGGYGRGYGGYGGYGRGYGGYGRGMYGGYGRPYGGYGWGK,grampa
length_out_of_range,QWGYGGYGRGYGGYGGYGRGYGGYGGYGRGYGGYGRGMYGGYGRPYGGYGWGK,grampa
length_out_of_range,QWGYGGYGRGYGGYGGYGRGYGGYGGYGRGYGGYGRGMYGGYGRPYGGYGWGK,grampa
length_out_of_range,QWGYGGYGRGYGGYGGYGRGYGGYGGYGRGYGGYGRGMYGGYGRPYGGYGWGK,grampa
length_out_of_range,PKKKRKV,grampa
length_out_of_range,PKKKRKV,grampa
length_out_of_range,NRWYCNSAAGGVGGAAVCGLAGYVGEAKENIAGEVRKGWGMAGGFTHNKACKSFPGSGWASG,grampa
length_out_of_range,NRWYCNSAAGGVGGAAVCGLAGYVGEAKENIAGEVRKGWGMAGGFTHNKACKSFPGSGWASG,grampa
length_out_of_range,NRWYCNSAAGGVGGAAVCGLAGYVGEAKENIAGEVRKGWGMAGGFTHNKACKSFPGSGWASG,grampa
length_out_of_range,NRWYCNSAAGGVGGAAVCGLAGYVGEAKENIAGEVRKGWGMAGGFTHNKACKSFPGSGWASG,grampa
length_out_of_range,NRWYCNSAAGGVGGAAVCGLAGYVGEAKENIAGEVRKGWGMAGGFTHNKACKSFPGSGWASG,grampa
length_out_of_range,NRWYCNSAAGGVGGAAVCGLAGYVGEAKENIAGEVRKGWGMAGGFTHNKACKSFPGSGWASG,grampa
length_out_of_range,NRWYCNSAAGGVGGAAVCGLAGYVGEAKENIAGEVRKGWGMAGGFTHNKACKSFPGSGWASG,grampa
length_out_of_range,NRWYCNSAAGGVGGAAVCGLAGYVGEAKENIAGEVRKGWGMAGGFTHNKACKSFPGSGWASG,grampa
length_out_of_range,NRWYCNSAAGGVGGAAVCGLAGYVGEAKENIAGEVRKGWGMAGGFTHNKACKSFPGSGWASG,grampa
length_out_of_range,NRWYCNSAAGGVGGAAVCGLAGYVGEAKENIAGEVRKGWGMAGGFTHNKACKSFPGSGWASG,grampa
length_out_of_range,NRWYCNSAAGGVGGAAVCGLAGYVGEAKENIAGEVRKGWGMAGGFTHNKACKSFPGSGWASG,grampa
length_out_of_range,NRWYCNSAAGGVGGAAVCGLAGYVGEAKENIAGEVRKGWGMAGGFTHNKACKSFPGSGWASG,grampa
length_out_of_range,NRWYCNSAAGGVGGAAVCGLAGYVGEAKENIAGEVRKGWGMAGGFTHNKACKSFPGSGWASG,grampa
length_out_of_range,NRWYCNSAAGGVGGAAVCGLAGYVGEAKENIAGEVRKGWGMAGGFTHNKACKSFPGSGWASG,grampa
length_out_of_range,MEKKSLAGLCFLFLVLFVAQEVVLQTEAKTCENLADTYKGPCFTTGSCDDHCKNKEHLRSGRCRDDFRCWCTKNC,grampa
length_out_of_range,PY,grampa
length_out_of_range,PY,grampa
length_out_of_range,PY,grampa
length_out_of_range,PY,grampa
length_out_of_range,PY,grampa
length_out_of_range,PY,grampa
length_out_of_range,PY,grampa
length_out_of_range,PY,grampa
length_out_of_range,PY,grampa
length_out_of_range,PY,grampa
length_out_of_range,PY,grampa
length_out_of_range,PY,grampa
length_out_of_range,PF,grampa
length_out_of_range,PF,grampa
length_out_of_range,PF,grampa
length_out_of_range,PF,grampa
length_out_of_range,PF,grampa
length_out_of_range,PF,grampa
length_out_of_range,PF,grampa
length_out_of_range,PF,grampa
length_out_of_range,PF,grampa
length_out_of_range,PF,grampa
length_out_of_range,PF,grampa
length_out_of_range,PF,grampa
length_out_of_range,PF,grampa
length_out_of_range,PM,grampa
length_out_of_range,PM,grampa
length_out_of_range,PM,grampa
length_out_of_range,PM,grampa
length_out_of_range,PM,grampa
length_out_of_range,PM,grampa
length_out_of_range,PM,grampa
length_out_of_range,PM,grampa
length_out_of_range,PM,grampa
length_out_of_range,PM,grampa
length_out_of_range,PM,grampa
length_out_of_range,PM,grampa
length_out_of_range,PM,grampa
length_out_of_range,GWMSEKKVQGILDKKLPEGIIRNAAKAIVHKMAKNQFGCFANVDVKGDCKRHCKAEDKEGICHGTKCKCGVPISYL,grampa
length_out_of_range,FLSFPTTKTYFPHFDLSHGSAQVKGHGAKVAAALTKAVEHLDDLPGALSELSDLHAHKLRVDPVNF,grampa
length_out_of_range,FLSFPTTKTYFPHFDLSHGSAQVKGHGAKVAAALTKAVEHLDDLPGALSELSDLHAHKLRVDPVNF,grampa
length_out_of_range,FLSFPTTKTYFPHFDLSHGSAQVKGHGAKVAAALTKAVEHLDDLPGALSELSDLHAHKLRVDPVNF,grampa
length_out_of_range,FLSFPTTKTYFPHFDLSHGSAQVKGHGAKVAAALTKAVEHLDDLPGALSELSDLHAHKLRVDPVNF,grampa
length_out_of_range,GLALNRLMNKAVDAIVYMVGQQDAGVSLLGHPCLVESAKQPEGIYTAVMSCASWTPRFVGEGTSEVELEALKGSIRSFIRKASDYQLLSKEDLEDWLASY,grampa
length_out_of_range,GLALNRLMNKAVDAIVYMVGQQDAGVSLLGHPCLVESAKQPEGIYTAVMSCASWTPRFVGEGTSEVELEALKGSIRSFIRKASDYQLLSKEDLEDWLASY,grampa
length_out_of_range,GLALNRLMNKAVDAIVYMVGQQDAGVSLLGHPCLVESAKQPEGIYTAVMSCASWTPRFVGEGTSEVELEALKGSIRSFIRKASDYQLLSKEDLEDWLASY,grampa
length_out_of_range,GLALNRLMNKAVDAIVYMVGQQDAGVSLLGHPCLVESAKQPEGIYTAVMSCASWTPRFVGEGTSEVELEALKGSIRSFIRKASDYQLLSKEDLEDWLASY,grampa
length_out_of_range,GLALNRLMNKAVDAIVYMVGQQDAGVSLLGHPCLVESAKQPEGIYTAVMSCASWTPRFVGEGTSEVELEALKGSIRSFIRKASDYQLLSKEDLEDWLASY,grampa
length_out_of_range,GLALNRLMNKAVDAIVYMVGQQDAGVSLLGHPCLVESAKQPEGIYTAVMSCASWTPRFVGEGTSEVELEALKGSIRSFIRKASDYQLLSKEDLEDWLASY,grampa
length_out_of_range,GLALNRLMNKAVDAIVYMVGQQDAGVSLLGHPCLVESAKQPEGIYTAVMSCASWTPRFVGEGTSEVELEALKGSIRSFIRKASDYQLLSKEDLEDWLASY,grampa
length_out_of_range,WPKRLTKAHWFEIQHIQPSPLQCNRAMSGINNYTQHCKHQNTFLHDSFQNVAAVCDLLSIVCKNRRHNCHQSSKPVNMTDCRLTSGKYPQCRYSAAAQYKFFIVACDPPQKSDPPYKLVPVHLDSIL,grampa
length_out_of_range,WPKRLTKAHWFEIQHIQPSPLQCNRAMSGINNYTQHCKHQNTFLHDSFQNVAAVCDLLSIVCKNRRHNCHQSSKPVNMTDCRLTSGKYPQCRYSAAAQYKFFIVACDPPQKSDPPYKLVPVHLDSIL,grampa
length_out_of_range,WPKRLTKAHWFEIQHIQPSPLQCNRAMSGINNYTQHCKHQNTFLHDSFQNVAAVCDLLSIVCKNRRHNCHQSSKPVNMTDCRLTSGKYPQCRYSAAAQYKFFIVACDPPQKSDPPYKLVPVHLDSIL,grampa
length_out_of_range,WPKRLTKAHWFEIQHIQPSPLQCNRAMSGINNYTQHCKHQNTFLHDSFQNVAAVCDLLSIVCKNRRHNCHQSSKPVNMTDCRLTSGKYPQCRYSAAAQYKFFIVACDPPQKSDPPYKLVPVHLDSIL,grampa
length_out_of_range,WPKRLTKAHWFEIQHIQPSPLQCNRAMSGINNYTQHCKHQNTFLHDSFQNVAAVCDLLSIVCKNRRHNCHQSSKPVNMTDCRLTSGKYPQCRYSAAAQYKFFIVACDPPQKSDPPYKLVPVHLDSIL,grampa
length_out_of_range,WPKRLTKAHWFEIQHIQPSPLQCNRAMSGINNYTQHCKHQNTFLHDSFQNVAAVCDLLSIVCKNRRHNCHQSSKPVNMTDCRLTSGKYPQCRYSAAAQYKFFIVACDPPQKSDPPYKLVPVHLDSIL,grampa
length_out_of_range,YEALVASILGKLSGLWHSDTVDFMGHTCHIRRRPKFRKFKLYHEGKFWCPGWTHLEGNSRTKSRSGSARDAIKDFVYKALQNKLITENNAAAWLK,grampa
length_out_of_range,YEALVASILGKLSGLWHSDTVDFMGHTCHIRRRPKFRKFKLYHEGKFWCPGWTHLEGNSRTKSRSGSARDAIKDFVYKALQNKLITENNAAAWLK,grampa
length_out_of_range,YEALVASILGKLSGLWHSDTVDFMGHTCHIRRRPKFRKFKLYHEGKFWCPGWTHLEGNSRTKSRSGSARDAIKDFVYKALQNKLITENNAAAWLK,grampa
length_out_of_range,YEALVASILGKLSGLWHSDTVDFMGHTCHIRRRPKFRKFKLYHEGKFWCPGWTHLEGNSRTKSRSGSARDAIKDFVYKALQNKLITENNAAAWLK,grampa
length_out_of_range,YEALVASILGKLSGLWHSDTVDFMGHTCHIRRRPKFRKFKLYHEGKFWCPGWTHLEGNSRTKSRSGSARDAIKDFVYKALQNKLITENNAAAWLK,grampa
length_out_of_range,YEALVASILGKLSGLWHSDTVDFMGHTCHIRRRPKFRKFKLYHEGKFWCPGWTHLEGNSRTKSRSGSARDAIKDFVYKALQNKLITENNAAAWLK,grampa
length_out_of_range,YEALVASILGKLSGLWHSDTVDFMGHTCHIRRRPKFRKFKLYHEGKFWCPGWTHLEGNSRTKSRSGSARDAIKDFVYKALQNKLITENNAAAWLK,grampa
length_out_of_range,YEALVASILGKLSGLWHSDTVDFMGHTCHIRRRPKFRKFKLYHEGKFWCPGWTHLEGNSRTKSRSGSARDAIKDFVYKALQNKLITENNAAAWLK,grampa
length_out_of_range,YEALVASILGKLSGLWHSDTVDFMGHTCHIRRRPKFRKFKLYHEGKFWCPGWTHLEGNSRTKSRSGSARDAIKDFVYKALQNKLITENNAAAWLK,grampa
length_out_of_range,YEALVASILGKLSGLWHSDTVDFMGHTCHIRRRPKFRKFKLYHEGKFWCPGWTHLEGNSRTKSRSGSARDAIKDFVYKALQNKLITENNAAAWLK,grampa
length_out_of_range,YEALVASILGKLSGLWHSDTVDFMGHTCHIRRRPKFRKFKLYHEGKFWCPGWTHLEGNSRTKSRSGSARDAIKDFVYKALQNKLITENNAAAWLK,grampa
length_out_of_range,YEALVASILGKLSGLWHSDTVDFMGHTCHIRRRPKFRKFKLYHEGKFWCPGWTHLEGNSRTKSRSGSARDAIKDFVYKALQNKLITENNAAAWLK,grampa
length_out_of_range,YEALVASILGKLSGLWHSDTVDFMGHTCHIRRRPKFRKFKLYHEGKFWCPGWTHLEGNSRTKSRSGSARDAIKDFVYKALQNKLITENNAAAWLK,grampa
length_out_of_range,YEALVASILGKLSGLWHSDTVDFMGHTCHIRRRPKFRKFKLYHEGKFWCPGWTHLEGNSRTKSRSGSARDAIKDFVYKALQNKLITENNAAAWLK,grampa
length_out_of_range,YEALVASILGKLSGLWHSDTVDFMGHTCHIRRRPKFRKFKLYHEGKFWCPGWTHLEGNSRTKSRSGSARDAIKDFVYKALQNKLITENNAAAWLK,grampa
length_out_of_range,FFGRLKSMWRGARGGLKAYKYQKDMAKMNKRYGPNWQQGGGQEPPADAQANDQPP,grampa
length_out_of_range,FFGRLKSMWRGARGGLKAYKYQKDMAKMNKRYGPNWQQGGGQEPPADAQANDQPP,grampa
length_out_of_range,FFGRLKSMWRGARGGLKAYKYQKDMAKMNKRYGPNWQQGGGQEPPADAQANDQPP,grampa
length_out_of_range,FFGRLKSMWRGARGGLKAYKYQKDMAKMNKRYGPNWQQGGGQEPPADAQANDQPP,grampa
length_out_of_range,FFGRLKSMWRGARGGLKAYKYQKDMAKMNKRYGPNWQQGGGQEPPADAQANDQPP,grampa
length_out_of_range,FFGRLKSMWRGARGGLKAYKYQKDMAKMNKRYGPNWQQGGGQEPPADAQANDQPP,grampa
length_out_of_range,FFGRLKSMWRGARGGLKAYKYQKDMAKMNKRYGPNWQQGGGQEPPADAQANDQPP,grampa
length_out_of_range,FFGRLKSMWRGARGGLKAYKYQKDMAKMNKRYGPNWQQGGGQEPPADAQANDQPP,grampa
length_out_of_range,YPLPFIP,grampa
length_out_of_range,YPLPFIP,grampa
length_out_of_range,YPLPFIP,grampa
length_out_of_range,YPLPFIP,grampa
length_out_of_range,YPLPFIP,grampa
length_out_of_range,YPLPFIP,grampa
length_out_of_range,YPLPFIP,grampa
length_out_of_range,YPLPFIP,grampa
length_out_of_range,YPLPFIP,grampa
length_out_of_range,GPCFSGC,grampa
length_out_of_range,GDDDDDD,grampa
length_out_of_range,KPKGMTSSQWFKIQHMQPSPQACNSAMKNINKHTKRCKDLNTFLHEPFSSVAATCQTPKIACKNGDKNCHQSHGAVSLTMCKL,grampa
length_out_of_range,KPKGMTSSQWFKIQHMQPSPQACNSAMKNINKHTKRCKDLNTFLHEPFSSVAATCQTPKIACKNGDKNCHQSHGAVSLTMCKL,grampa
length_out_of_range,KPKGMTSSQWFKIQHMQPSPQACNSAMKNINKHTKRCKDLNTFLHEPFSSVAATCQTPKIACKNGDKNCHQSHGAVSLTMCKL,grampa
length_out_of_range,VPAESEAAHLRVRRGFGCPLNQGACHNHCRSIRRRGGYCSGIIKQTCTCYRN,grampa
length_out_of_range,VPAESEAAHLRVRRGFGCPLNQGACHNHCRSIRRRGGYCSGIIKQTCTCYRN,grampa
length_out_of_range,VPAESEAAHLRVRRGFGCPLNQGACHNHCRSIRRRGGYCSGIIKQTCTCYRN,grampa
length_out_of_range,VPAESEAAHLRVRRGFGCPLNQGACHNHCRSIRRRGGYCSGIIKQTCTCYRN,grampa
length_out_of_range,VPAESEAAHLRVRRGFGCPLNQGACHNHCRSIRRRGGYCSGIIKQTCTCYRN,grampa
length_out_of_range,VPAESEAAHLRVRRGFGCPLNQGACHNHCRSIRRRGGYCSGIIKQTCTCYRN,grampa
length_out_of_range,VPAESEAAHLRVRRGFGCPLNQGACHNHCRSIRRRGGYCSGIIKQTCTCYRN,grampa
length_out_of_range,GWINEEKIQKKIDERMGNTVLGGMAKAIVHKMAKNEFQCMANMDMLGNCEKHCQTSGEKGYCHGTKCKCGTPLSY,grampa
length_out_of_range,GWINEEKIQKKIDERMGNTVLGGMAKAIVHKMAKNEFQCMANMDMLGNCEKHCQTSGEKGYCHGTKCKCGTPLSY,grampa
length_out_of_range,DVAGGGGAQQCPVETKLNSCRNYLLDRCSTMKDFPVTWRWWKWWKGGCQELLGECCSRLGQMPPQCRCNIIQGSIQGDLGGIFGFQRDRASKVIQEAKNLPPRCNQGPPCNIPGTIGY,grampa
length_out_of_range,DVAGGGGAQQCPVETKLNSCRNYLLDRCSTMKDFPVTWRWWKWWKGGCQELLGECCSRLGQMPPQCRCNIIQGSIQGDLGGIFGFQRDRASKVIQEAKNLPPRCNQGPPCNIPGTIGY,grampa
length_out_of_range,DVAGGGGAQQCPVETKLNSCRNYLLDRCSTMKDFPVTWRWWKWWKGGCQELLGECCSRLGQMPPQCRCNIIQGSIQGDLGGIFGFQRDRASKVIQEAKNLPPRCNQGPPCNIPGTIGY,grampa
length_out_of_range,DVAGGGGAQQCPVETKLNSCRNYLLDRCSTMKDFPVTWRWWKWWKGGCQELLGECCSRLGQMPPQCRCNIIQGSIQGDLGGIFGFQRDRASKVIQEAKNLPPRCNQGPPCNIPGTIGY,grampa
length_out_of_range,DVAGGGGAQQCPVETKLNSCRNYLLDRCSTMKDFPVTWRWWKWWKGGCQELLGECCSRLGQMPPQCRCNIIQGSIQGDLGGIFGFQRDRASKVIQEAKNLPPRCNQGPPCNIPGTIGY,grampa
length_out_of_range,DVAGGGGAQQCPVETKLNSCRNYLLDRCSTMKDFPVTWRWWKWWKGGCQELLGECCSRLGQMPPQCRCNIIQGSIQGDLGGIFGFQRDRASKVIQEAKNLPPRCNQGPPCNIPGTIGY,grampa
length_out_of_range,RRRFWWR,grampa
length_out_of_range,GNPANPLNLKKHHGVFCDVCKALVEGGEKVGDDDLDAWLDVNIGTLCWTMLLPLHHECEEELKKVKKELKKDIENKDSPDKACKDVDLC,grampa
length_out_of_range,GNPANPLNLKKHHGVFCDVCKALVEGGEKVGDDDLDAWLDVNIGTLCWTMLLPLHHECEEELKKVKKELKKDIENKDSPDKACKDVDLC,grampa
length_out_of_range,GNPANPLNLKKHHGVFCDVCKALVEGGEKVGDDDLDAWLDVNIGTLCWTMLLPLHHECEEELKKVKKELKKDIENKDSPDKACKDVDLC,grampa
length_out_of_range,KKLFKKILKYLAGPAKKLFKKILKYLAGPAKDWEHLKDWEHLKDWEHLKDEL,grampa
length_out_of_range,KKLFKKILKYLAGPAKKLFKKILKYLAGPAKDWEHLKDWEHLKDWEHLKDEL,grampa
length_out_of_range,KKLFKKILKYLAGPAKKLFKKILKYLAGPAKDWEHLKDWEHLKDWEHLKDEL,grampa
length_out_of_range,AMGKCSVLKKVACAAAIAGAVAACGGIDLPCVLAALKAAEGCASCFCEDHCHGVCKDLHLC,grampa
length_out_of_range,AMGKCSVLKKVACAAAIAGAVAACGGIDLPCVLAALKAAEGCASCFCEDHCHGVCKDLHLC,grampa
length_out_of_range,AMGKCSVLKKVACAAAIAGAVAACGGIDLPCVLAALKAAEGCASCFCEDHCHGVCKDLHLC,grampa
length_out_of_range,AMGKCSVLKKVACAAAIAGAVAACGGIDLPCVLAALKAAEGCASCFCEDHCHGVCKDLHLC,grampa
length_out_of_range,AMGKCSVLKKVACAAAIAGAVAACGGIDLPCVLAALKAAEGCASCFCEDHCHGVCKDLHLC,grampa
length_out_of_range,AMGKCSVLKKVACAAAIAGAVAACGGIDLPCVLAALKAAEGCASCFCEDHCHGVCKDLHLC,grampa
length_out_of_range,AMGKCSVLKKVACAAAIAGAVAACGGIDLPCVLAALKAAEGCASCFCEDHCHGVCKDLHLC,grampa
length_out_of_range,AMGKCSVLKKVACAAAIAGAVAACGGIDLPCVLAALKAAEGCASCFCEDHCHGVCKDLHLC,grampa
length_out_of_range,AMGKCSVLKKVACAAAIAGAVAACGGIDLPCVLAALKAAEGCASCFCEDHCHGVCKDLHLC,grampa
length_out_of_range,AMGKCSVLKKVACAAAIAGAVAACGGIDLPCVLAALKAAEGCASCFCEDHCHGVCKDLHLC,grampa
length_out_of_range,VTCELLMFGGVVGDSACAANCLSMGKAGGSCNGGLCDCRKTTFKELWDKRFG,grampa
length_out_of_range,VTCELLMFGGVVGDSACAANCLSMGKAGGSCNGGLCDCRKTTFKELWDKRFG,grampa
length_out_of_range,VTCELLMFGGVVGDSACAANCLSMGKAGGSCNGGLCDCRKTTFKELWDKRFG,grampa
length_out_of_range,VTCELLMFGGVVGDSACAANCLSMGKAGGSCNGGLCDCRKTTFKELWDKRFG,grampa
length_out_of_range,VTCELLMFGGVVGDSACAANCLSMGKAGGSCNGGLCDCRKTTFKELWDKRFG,grampa
length_out_of_range,VTCELLMFGGVVGDSACAANCLSMGKAGGSCNGGLCDCRKTTFKELWDKRFG,grampa
length_out_of_range,RRWFWR,grampa
length_out_of_range,RRWFWR,grampa
length_out_of_range,RYH,grampa
length_out_of_range,RYH,grampa
length_out_of_range,RYH,grampa
length_out_of_range,RYH,grampa
length_out_of_range,RYH,grampa
length_out_of_range,RYH,grampa
length_out_of_range,RYH,grampa
length_out_of_range,RYH,grampa
length_out_of_range,NGVQPKY,grampa
length_out_of_range,NGVQPKY,grampa
length_out_of_range,NGVQPKY,grampa
length_out_of_range,NGVQPKY,grampa
length_out_of_range,NGVQPKY,grampa
length_out_of_range,NGVQPKY,grampa
length_out_of_range,NGVQPKY,grampa
length_out_of_range,NGVQPKY,grampa
length_out_of_range,NGVQPKY,grampa
length_out_of_range,NGVQPKY,grampa
length_out_of_range,NGVQPKY,grampa
length_out_of_range,NGVQPKY,grampa
length_out_of_range,NGVQPKY,grampa
length_out_of_range,NGVQPKY,grampa
length_out_of_range,HHHFGRIGHELHKGVKKVEKVTSDVNKVTNGVKQVANGIAKAKTVIEAGSIAGAVAAAAA,grampa
length_out_of_range,HHHFGRIGHELHKGVKKVEKVTSDVNKVTNGVKQVANGIAKAKTVIEAGSIAGAVAAAAA,grampa
length_out_of_range,VQETQKLAKTVGANLEETNKKLAPQIKSAYDDFVKQAQEVQKKLHEAASKQ,grampa
length_out_of_range,LPVNSPMNKGDTEVMKCIVEVISDTLSKPSPMPVSKECFETLRGDERILSILRHQNLLKELQDLALQGAKERTHQQ,grampa
length_out_of_range,LPVNSPMNKGDTEVMKCIVEVISDTLSKPSPMPVSKECFETLRGDERILSILRHQNLLKELQDLALQGAKERTHQQ,grampa
length_out_of_range,LPVNSPMNKGDTEVMKCIVEVISDTLSKPSPMPVSKECFETLRGDERILSILRHQNLLKELQDLALQGAKERTHQQ,grampa
length_out_of_range,LPVNSPMNKGDTEVMKCIVEVISDTLSKPSPMPVSKECFETLRGDERILSILRHQNLLKELQDLALQGAKERTHQQ,grampa
length_out_of_range,LPVNSPMNKGDTEVMKCIVEVISDTLSKPSPMPVSKECFETLRGDERILSILRHQNLLKELQDLALQGAKERTHQQ,grampa
length_out_of_range,LPVNSPMNKGDTEVMKCIVEVISDTLSKPSPMPVSKECFETLRGDERILSILRHQNLLKELQDLALQGAKERTHQQ,grampa
length_out_of_range,LPVNSPMNKGDTEVMKCIVEVISDTLSKPSPMPVSKECFETLRGDERILSILRHQNLLKELQDLALQGAKERTHQQ,grampa
length_out_of_range,LPVNSPMNKGDTEVMKCIVEVISDTLSKPSPMPVSKECFETLRGDERILSILRHQNLLKELQDLALQGAKERTHQQ,grampa
length_out_of_range,LPVNSPMNKGDTEVMKCIVEVISDTLSKPSPMPVSKECFETLRGDERILSILRHQNLLKELQDLALQGAKERTHQQ,grampa
length_out_of_range,LPVNSPMNKGDTEVMKCIVEVISDTLSKPSPMPVSKECFETLRGDERILSILRHQNLLKELQDLALQGAKERTHQQ,grampa
length_out_of_range,RH,grampa
length_out_of_range,RH,grampa
length_out_of_range,AAKEFGIPAAVAGTVLNVVEAGGWVTTIVSILTAVGSGGLSLLAAAGRESIKAYLKKEIKKKGKRAVIAW,grampa
length_out_of_range,AAKEFGIPAAVAGTVLNVVEAGGWVTTIVSILTAVGSGGLSLLAAAGRESIKAYLKKEIKKKGKRAVIAW,grampa
length_out_of_range,AAKEFGIPAAVAGTVLNVVEAGGWVTTIVSILTAVGSGGLSLLAAAGRESIKAYLKKEIKKKGKRAVIAW,grampa
length_out_of_range,AAKEFGIPAAVAGTVLNVVEAGGWVTTIVSILTAVGSGGLSLLAAAGRESIKAYLKKEIKKKGKRAVIAW,grampa
length_out_of_range,AAKEFGIPAAVAGTVLNVVEAGGWVTTIVSILTAVGSGGLSLLAAAGRESIKAYLKKEIKKKGKRAVIAW,grampa
length_out_of_range,AAKEFGIPAAVAGTVLNVVEAGGWVTTIVSILTAVGSGGLSLLAAAGRESIKAYLKKEIKKKGKRAVIAW,grampa
length_out_of_range,AAKEFGIPAAVAGTVLNVVEAGGWVTTIVSILTAVGSGGLSLLAAAGRESIKAYLKKEIKKKGKRAVIAW,grampa
length_out_of_range,WFN,grampa
length_out_of_range,WFN,grampa
length_out_of_range,WFN,grampa
length_out_of_range,WFN,grampa
length_out_of_range,NVTPATKPTPSKPGYCRVMDELILCPDPPLSKDLCKNDSDCPGAQKCCYRTCIMQCLPPIFRE,grampa
length_out_of_range,NVTPATKPTPSKPGYCRVMDELILCPDPPLSKDLCKNDSDCPGAQKCCYRTCIMQCLPPIFRE,grampa
length_out_of_range,NVTPATKPTPSKPGYCRVMDELILCPDPPLSKDLCKNDSDCPGAQKCCYRTCIMQCLPPIFRE,grampa
length_out_of_range,NVTPATKPTPSKPGYCRVMDELILCPDPPLSKDLCKNDSDCPGAQKCCYRTCIMQCLPPIFRE,grampa
length_out_of_range,VWRHW,grampa
length_out_of_range,VWRHW,grampa
length_out_of_range,VWRHW,grampa
length_out_of_range,VWRHW,grampa
length_out_of_range,VWRHW,grampa
length_out_of_range,VWRHW,grampa
length_out_of_range,VWRHW,grampa
length_out_of_range,PW,grampa
length_out_of_range,PW,grampa
length_out_of_range,PW,grampa
length_out_of_range,PW,grampa
length_out_of_range,PW,grampa
length_out_of_range,PW,grampa
length_out_of_range,PW,grampa
length_out_of_range,PW,grampa
length_out_of_range,PW,grampa
length_out_of_range,PW,grampa
length_out_of_range,PW,grampa
length_out_of_range,YPYYGTNLYQRRPAIAINNPYVPRTYYANPAVVRPHAQIPQRQYLPNSHPPTVVRRP,grampa
length_out_of_range,YPYYGTNLYQRRPAIAINNPYVPRTYYANPAVVRPHAQIPQRQYLPNSHPPTVVRRP,grampa
length_out_of_range,YPYYGTNLYQRRPAIAINNPYVPRTYYANPAVVRPHAQIPQRQYLPNSHPPTVVRRP,grampa
length_out_of_range,YPYYGTNLYQRRPAIAINNPYVPRTYYANPAVVRPHAQIPQRQYLPNSHPPTVVRRP,grampa
length_out_of_range,QKLCERPSGTWSGVCGNNGACRNQCIRLERARHGSCNYVFPAHKCICYFPC,grampa
length_out_of_range,QKLCERPSGTWSGVCGNNGACRNQCIRLERARHGSCNYVFPAHKCICYFPC,grampa
length_out_of_range,LSKYGGECSVEHNTCTYLKGGKDHIVSCPSAANLRCKTERHHCEYDEHHKTVDCQTPV,grampa
length_out_of_range,LSKYGGECSVEHNTCTYLKGGKDHIVSCPSAANLRCKTERHHCEYDEHHKTVDCQTPV,grampa
length_out_of_range,LSKYGGECSVEHNTCTYLKGGKDHIVSCPSAANLRCKTERHHCEYDEHHKTVDCQTPV,grampa
length_out_of_range,LSKYGGECSVEHNTCTYLKGGKDHIVSCPSAANLRCKTERHHCEYDEHHKTVDCQTPV,grampa
length_out_of_range,LSKYGGECSVEHNTCTYLKGGKDHIVSCPSAANLRCKTERHHCEYDEHHKTVDCQTPV,grampa
length_out_of_range,LSKYGGECSVEHNTCTYLKGGKDHIVSCPSAANLRCKTERHHCEYDEHHKTVDCQTPV,grampa
length_out_of_range,LSKYGGECSVEHNTCTYLKGGKDHIVSCPSAANLRCKTERHHCEYDEHHKTVDCQTPV,grampa
length_out_of_range,LSKYGGECSVEHNTCTYLKGGKDHIVSCPSAANLRCKTERHHCEYDEHHKTVDCQTPV,grampa
length_out_of_range,LSKYGGECSVEHNTCTYLKGGKDHIVSCPSAANLRCKTERHHCEYDEHHKTVDCQTPV,grampa
length_out_of_range,LTANLGISSYAAKKVIDIINTGSAVATIIALVTAVVGGGLITAGIVATAKSLIKKYGAKYAAAW,grampa
length_out_of_range,LTANLGISSYAAKKVIDIINTGSAVATIIALVTAVVGGGLITAGIVATAKSLIKKYGAKYAAAW,grampa
length_out_of_range,LTANLGISSYAAKKVIDIINTGSAVATIIALVTAVVGGGLITAGIVATAKSLIKKYGAKYAAAW,grampa
length_out_of_range,LTANLGISSYAAKKVIDIINTGSAVATIIALVTAVVGGGLITAGIVATAKSLIKKYGAKYAAAW,grampa
length_out_of_range,LTANLGISSYAAKKVIDIINTGSAVATIIALVTAVVGGGLITAGIVATAKSLIKKYGAKYAAAW,grampa
length_out_of_range,LTANLGISSYAAKKVIDIINTGSAVATIIALVTAVVGGGLITAGIVATAKSLIKKYGAKYAAAW,grampa
length_out_of_range,LTANLGISSYAAKKVIDIINTGSAVATIIALVTAVVGGGLITAGIVATAKSLIKKYGAKYAAAW,grampa
length_out_of_range,LTANLGISSYAAKKVIDIINTGSAVATIIALVTAVVGGGLITAGIVATAKSLIKKYGAKYAAAW,grampa
length_out_of_range,LTANLGISSYAAKKVIDIINTGSAVATIIALVTAVVGGGLITAGIVATAKSLIKKYGAKYAAAW,grampa
length_out_of_range,LTANLGISSYAAKKVIDIINTGSAVATIIALVTAVVGGGLITAGIVATAKSLIKKYGAKYAAAW,grampa
length_out_of_range,LTANLGISSYAAKKVIDIINTGSAVATIIALVTAVVGGGLITAGIVATAKSLIKKYGAKYAAAW,grampa
length_out_of_range,LTANLGISSYAAKKVIDIINTGSAVATIIALVTAVVGGGLITAGIVATAKSLIKKYGAKYAAAW,grampa
length_out_of_range,LTANLGISSYAAKKVIDIINTGSAVATIIALVTAVVGGGLITAGIVATAKSLIKKYGAKYAAAW,grampa
length_out_of_range,LTANLGISSYAAKKVIDIINTGSAVATIIALVTAVVGGGLITAGIVATAKSLIKKYGAKYAAAW,grampa
length_out_of_range,LTANLGISSYAAKKVIDIINTGSAVATIIALVTAVVGGGLITAGIVATAKSLIKKYGAKYAAAW,grampa
length_out_of_range,LTANLGISSYAAKKVIDIINTGSAVATIIALVTAVVGGGLITAGIVATAKSLIKKYGAKYAAAW,grampa
length_out_of_range,LTANLGISSYAAKKVIDIINTGSAVATIIALVTAVVGGGLITAGIVATAKSLIKKYGAKYAAAW,grampa
length_out_of_range,LTANLGISSYAAKKVIDIINTGSAVATIIALVTAVVGGGLITAGIVATAKSLIKKYGAKYAAAW,grampa
length_out_of_range,LTANLGISSYAAKKVIDIINTGSAVATIIALVTAVVGGGLITAGIVATAKSLIKKYGAKYAAAW,grampa
length_out_of_range,LTANLGISSYAAKKVIDIINTGSAVATIIALVTAVVGGGLITAGIVATAKSLIKKYGAKYAAAW,grampa
length_out_of_range,LTANLGISSYAAKKVIDIINTGSAVATIIALVTAVVGGGLITAGIVATAKSLIKKYGAKYAAAW,grampa
length_out_of_range,LTANLGISSYAAKKVIDIINTGSAVATIIALVTAVVGGGLITAGIVATAKSLIKKYGAKYAAAW,grampa
length_out_of_range,LTANLGISSYAAKKVIDIINTGSAVATIIALVTAVVGGGLITAGIVATAKSLIKKYGAKYAAAW,grampa
length_out_of_range,LLSHSL,grampa
length_out_of_range,LLSHSL,grampa
length_out_of_range,LLSHSL,grampa
length_out_of_range,GFFGNTWKKIKGKADKIMLKKAVKIMVKKEGISKEEAQAKVDAMSKKQIRLYLLKYYGKKALQKASEKL,grampa
length_out_of_range,GFFGNTWKKIKGKADKIMLKKAVKIMVKKEGISKEEAQAKVDAMSKKQIRLYLLKYYGKKALQKASEKL,grampa
length_out_of_range,GFFGNTWKKIKGKADKIMLKKAVKIMVKKEGISKEEAQAKVDAMSKKQIRLYLLKYYGKKALQKASEKL,grampa
length_out_of_range,GFFGNTWKKIKGKADKIMLKKAVKIMVKKEGISKEEAQAKVDAMSKKQIRLYLLKYYGKKALQKASEKL,grampa
length_out_of_range,GFFGNTWKKIKGKADKIMLKKAVKIMVKKEGISKEEAQAKVDAMSKKQIRLYLLKYYGKKALQKASEKL,grampa
length_out_of_range,GFFGNTWKKIKGKADKIMLKKAVKIMVKKEGISKEEAQAKVDAMSKKQIRLYLLKYYGKKALQKASEKL,grampa
length_out_of_range,GFFGNTWKKIKGKADKIMLKKAVKIMVKKEGISKEEAQAKVDAMSKKQIRLYLLKYYGKKALQKASEKL,grampa
length_out_of_range,GFFGNTWKKIKGKADKIMLKKAVKIMVKKEGISKEEAQAKVDAMSKKQIRLYLLKYYGKKALQKASEKL,grampa
length_out_of_range,GFFGNTWKKIKGKADKIMLKKAVKIMVKKEGISKEEAQAKVDAMSKKQIRLYLLKYYGKKALQKASEKL,grampa
length_out_of_range,GFFGNTWKKIKGKADKIMLKKAVKIMVKKEGISKEEAQAKVDAMSKKQIRLYLLKYYGKKALQKASEKL,grampa
length_out_of_range,KRKILI,grampa
length_out_of_range,KRKILI,grampa
length_out_of_range,KRKILI,grampa
length_out_of_range,RWRWRW,grampa
length_out_of_range,RWRWRW,grampa
length_out_of_range,RWRWRW,grampa
length_out_of_range,RWRWRW,grampa
length_out_of_range,RWRWRW,grampa
length_out_of_range,RWRWRW,grampa
length_out_of_range,RWRWRW,grampa
length_out_of_range,RWRWRW,grampa
length_out_of_range,RWRWRW,grampa
length_out_of_range,KSTVGQKLKKKLNQAVDKVKEVLNKSEYMCPVVSSFCKQHCARLGKSGQCDLLECIC,grampa
length_out_of_range,GHK,grampa
length_out_of_range,GHK,grampa
length_out_of_range,GHK,grampa
length_out_of_range,GHK,grampa
length_out_of_range,CKAAFC,grampa
length_out_of_range,CKAAFC,grampa
length_out_of_range,MAKEFGIPAAVAGTVLNVVEAGGWVTTIVSILTAVGSGGKSLLAAAGRESIKAYLKKEIKKKGKRAVIAW,grampa
length_out_of_range,MAKEFGIPAAVAGTVLNVVEAGGWVTTIVSILTAVGSGGKSLLAAAGRESIKAYLKKEIKKKGKRAVIAW,grampa
length_out_of_range,MAKEFGIPAAVAGTVLNVVEAGGWVTTIVSILTAVGSGGKSLLAAAGRESIKAYLKKEIKKKGKRAVIAW,grampa
length_out_of_range,MAKEFGIPAAVAGTVLNVVEAGGWVTTIVSILTAVGSGGKSLLAAAGRESIKAYLKKEIKKKGKRAVIAW,grampa
length_out_of_range,MAKEFGIPAAVAGTVLNVVEAGGWVTTIVSILTAVGSGGKSLLAAAGRESIKAYLKKEIKKKGKRAVIAW,grampa
length_out_of_range,MAKEFGIPAAVAGTVLNVVEAGGWVTTIVSILTAVGSGGKSLLAAAGRESIKAYLKKEIKKKGKRAVIAW,grampa
length_out_of_range,MAKEFGIPAAVAGTVLNVVEAGGWVTTIVSILTAVGSGGKSLLAAAGRESIKAYLKKEIKKKGKRAVIAW,grampa
length_out_of_range,MAKEFGIPAAVAGTVLNVVEAGGWVTTIVSILTAVGSGGKSLLAAAGRESIKAYLKKEIKKKGKRAVIAW,grampa
length_out_of_range,KPKGMTSSQWFKIQHMQPSPQACNSAMKNINKHTKRCKDLNTFLHEPFSSVAATCQTPKIACKNGDKNCHQSHGAVSLTMCKLTSGKYPNCRYKEKRQNKSYVVACKPPQKKDSQQFHLVPVHLDRVL,grampa
length_out_of_range,KPKGMTSSQWFKIQHMQPSPQACNSAMKNINKHTKRCKDLNTFLHEPFSSVAATCQTPKIACKNGDKNCHQSHGAVSLTMCKLTSGKYPNCRYKEKRQNKSYVVACKPPQKKDSQQFHLVPVHLDRVL,grampa
length_out_of_range,KPKGMTSSQWFKIQHMQPSPQACNSAMKNINKHTKRCKDLNTFLHEPFSSVAATCQTPKIACKNGDKNCHQSHGAVSLTMCKLTSGKYPNCRYKEKRQNKSYVVACKPPQKKDSQQFHLVPVHLDRVL,grampa
length_out_of_range,KPKGMTSSQWFKIQHMQPSPQACNSAMKNINKHTKRCKDLNTFLHEPFSSVAATCQTPKIACKNGDKNCHQSHGAVSLTMCKLTSGKYPNCRYKEKRQNKSYVVACKPPQKKDSQQFHLVPVHLDRVL,grampa
length_out_of_range,KPKGMTSSQWFKIQHMQPSPQACNSAMKNINKHTKRCKDLNTFLHEPFSSVAATCQTPKIACKNGDKNCHQSHGAVSLTMCKLTSGKYPNCRYKEKRQNKSYVVACKPPQKKDSQQFHLVPVHLDRVL,grampa
length_out_of_range,KPKGMTSSQWFKIQHMQPSPQACNSAMKNINKHTKRCKDLNTFLHEPFSSVAATCQTPKIACKNGDKNCHQSHGAVSLTMCKLTSGKYPNCRYKEKRQNKSYVVACKPPQKKDSQQFHLVPVHLDRVL,grampa
length_out_of_range,KPKGMTSSQWFKIQHMQPSPQACNSAMKNINKHTKRCKDLNTFLHEPFSSVAATCQTPKIACKNGDKNCHQSHGAVSLTMCKLTSGKYPNCRYKEKRQNKSYVVACKPPQKKDSQQFHLVPVHLDRVL,grampa
length_out_of_range,KPKGMTSSQWFKIQHMQPSPQACNSAMKNINKHTKRCKDLNTFLHEPFSSVAATCQTPKIACKNGDKNCHQSHGAVSLTMCKLTSGKYPNCRYKEKRQNKSYVVACKPPQKKDSQQFHLVPVHLDRVL,grampa
length_out_of_range,KPKGMTSSQWFKIQHMQPSPQACNSAMKNINKHTKRCKDLNTFLHEPFSSVAATCQTPKIACKNGDKNCHQSHGAVSLTMCKLTSGKYPNCRYKEKRQNKSYVVACKPPQKKDSQQFHLVPVHLDRVL,grampa
length_out_of_range,FSKYERQKDKRPYSERKNQYTGPQFLYPPERIPPQKVIKWNEEGLPIYEIPGEGGHAEPAAA,grampa
length_out_of_range,FSKYERQKDKRPYSERKNQYTGPQFLYPPERIPPQKVIKWNEEGLPIYEIPGEGGHAEPAAA,grampa
length_out_of_range,FSKYERQKDKRPYSERKNQYTGPQFLYPPERIPPQKVIKWNEEGLPIYEIPGEGGHAEPAAA,grampa
length_out_of_range,FSKYERQKDKRPYSERKNQYTGPQFLYPPERIPPQKVIKWNEEGLPIYEIPGEGGHAEPAAA,grampa
length_out_of_range,FSKYERQKDKRPYSERKNQYTGPQFLYPPERIPPQKVIKWNEEGLPIYEIPGEGGHAEPAAA,grampa
length_out_of_range,FSKYERQKDKRPYSERKNQYTGPQFLYPPERIPPQKVIKWNEEGLPIYEIPGEGGHAEPAAA,grampa
length_out_of_range,FSKYERQKDKRPYSERKNQYTGPQFLYPPERIPPQKVIKWNEEGLPIYEIPGEGGHAEPAAA,grampa
length_out_of_range,FSKYERQKDKRPYSERKNQYTGPQFLYPPERIPPQKVIKWNEEGLPIYEIPGEGGHAEPAAA,grampa
length_out_of_range,FSKYERQKDKRPYSERKNQYTGPQFLYPPERIPPQKVIKWNEEGLPIYEIPGEGGHAEPAAA,grampa
length_out_of_range,RQRDPQQQYEQCQERCQRHETEPRHMQTCQQRCERRYEKEKRKQQKRYEEQQREDEEKYEERMKEED,grampa
length_out_of_range,RQRDPQQQYEQCQERCQRHETEPRHMQTCQQRCERRYEKEKRKQQKRYEEQQREDEEKYEERMKEED,grampa
length_out_of_range,RQRDPQQQYEQCQERCQRHETEPRHMQTCQQRCERRYEKEKRKQQKRYEEQQREDEEKYEERMKEED,grampa
length_out_of_range,RQRDPQQQYEQCQERCQRHETEPRHMQTCQQRCERRYEKEKRKQQKRYEEQQREDEEKYEERMKEED,grampa
length_out_of_range,RQRDPQQQYEQCQERCQRHETEPRHMQTCQQRCERRYEKEKRKQQKRYEEQQREDEEKYEERMKEED,grampa
length_out_of_range,RQRDPQQQYEQCQERCQRHETEPRHMQTCQQRCERRYEKEKRKQQKRYEEQQREDEEKYEERMKEED,grampa
length_out_of_range,RQRDPQQQYEQCQERCQRHETEPRHMQTCQQRCERRYEKEKRKQQKRYEEQQREDEEKYEERMKEED,grampa
length_out_of_range,RQRDPQQQYEQCQERCQRHETEPRHMQTCQQRCERRYEKEKRKQQKRYEEQQREDEEKYEERMKEED,grampa
length_out_of_range,RQRDPQQQYEQCQERCQRHETEPRHMQTCQQRCERRYEKEKRKQQKRYEEQQREDEEKYEERMKEED,grampa
length_out_of_range,RQRDPQQQYEQCQERCQRHETEPRHMQTCQQRCERRYEKEKRKQQKRYEEQQREDEEKYEERMKEED,grampa
length_out_of_range,RQRDPQQQYEQCQERCQRHETEPRHMQTCQQRCERRYEKEKRKQQKRYEEQQREDEEKYEERMKEED,grampa
length_out_of_range,RQRDPQQQYEQCQERCQRHETEPRHMQTCQQRCERRYEKEKRKQQKRYEEQQREDEEKYEERMKEED,grampa
length_out_of_range,MAKEFGIPAAVAGTVLNVVEAGGWVTTIVSILTAVGSGGLSLLAAAGRESIKAYLKKEIKKKGKRAVIAW,grampa
length_out_of_range,MAKEFGIPAAVAGTVLNVVEAGGWVTTIVSILTAVGSGGLSLLAAAGRESIKAYLKKEIKKKGKRAVIAW,grampa
length_out_of_range,MAKEFGIPAAVAGTVLNVVEAGGWVTTIVSILTAVGSGGLSLLAAAGRESIKAYLKKEIKKKGKRAVIAW,grampa
length_out_of_range,MAKEFGIPAAVAGTVLNVVEAGGWVTTIVSILTAVGSGGLSLLAAAGRESIKAYLKKEIKKKGKRAVIAW,grampa
length_out_of_range,MAKEFGIPAAVAGTVLNVVEAGGWVTTIVSILTAVGSGGLSLLAAAGRESIKAYLKKEIKKKGKRAVIAW,grampa
length_out_of_range,MAKEFGIPAAVAGTVLNVVEAGGWVTTIVSILTAVGSGGLSLLAAAGRESIKAYLKKEIKKKGKRAVIAW,grampa
length_out_of_range,MAKEFGIPAAVAGTVLNVVEAGGWVTTIVSILTAVGSGGLSLLAAAGRESIKAYLKKEIKKKGKRAVIAW,grampa
length_out_of_range,MAKEFGIPAAVAGTVLNVVEAGGWVTTIVSILTAVGSGGLSLLAAAGRESIKAYLKKEIKKKGKRAVIAW,grampa
length_out_of_range,MAKEFGIPAAVAGTVLNVVEAGGWVTTIVSILTAVGSGGLSLLAAAGRESIKAYLKKEIKKKGKRAVIAW,grampa
length_out_of_range,FKLKQ,grampa
length_out_of_range,FKLKQ,grampa
length_out_of_range,ASFDISSFISTTADTVIKRLYVDREINLFDHYCIISRSPHISRWELKWQATVTCPGWTPVKGKVRGYSNPLSAEREATRDFVQRIVQRGLVTRDEASEWL,grampa
length_out_of_range,ASFDISSFISTTADTVIKRLYVDREINLFDHYCIISRSPHISRWELKWQATVTCPGWTPVKGKVRGYSNPLSAEREATRDFVQRIVQRGLVTRDEASEWL,grampa
length_out_of_range,ASFDISSFISTTADTVIKRLYVDREINLFDHYCIISRSPHISRWELKWQATVTCPGWTPVKGKVRGYSNPLSAEREATRDFVQRIVQRGLVTRDEASEWL,grampa
length_out_of_range,ASFDISSFISTTADTVIKRLYVDREINLFDHYCIISRSPHISRWELKWQATVTCPGWTPVKGKVRGYSNPLSAEREATRDFVQRIVQRGLVTRDEASEWL,grampa
length_out_of_range,ASFDISSFISTTADTVIKRLYVDREINLFDHYCIISRSPHISRWELKWQATVTCPGWTPVKGKVRGYSNPLSAEREATRDFVQRIVQRGLVTRDEASEWL,grampa
length_out_of_range,ASFDISSFISTTADTVIKRLYVDREINLFDHYCIISRSPHISRWELKWQATVTCPGWTPVKGKVRGYSNPLSAEREATRDFVQRIVQRGLVTRDEASEWL,grampa
length_out_of_range,RWWRWWR,grampa
length_out_of_range,RWWRWWR,grampa
length_out_of_range,MAKEFGIPAAVAGTVLNVVEAGGWVTTIVSILTAVGSGGLSLLAAAGRESIKAYLKKEIKKKGKRAVIAA,grampa
length_out_of_range,MAKEFGIPAAVAGTVLNVVEAGGWVTTIVSILTAVGSGGLSLLAAAGRESIKAYLKKEIKKKGKRAVIAA,grampa
length_out_of_range,MAKEFGIPAAVAGTVLNVVEAGGWVTTIVSILTAVGSGGLSLLAAAGRESIKAYLKKEIKKKGKRAVIAA,grampa
length_out_of_range,MAKEFGIPAAVAGTVLNVVEAGGWVTTIVSILTAVGSGGLSLLAAAGRESIKAYLKKEIKKKGKRAVIAA,grampa
length_out_of_range,MAKEFGIPAAVAGTVLNVVEAGGWVTTIVSILTAVGSGGLSLLAAAGRESIKAYLKKEIKKKGKRAVIAA,grampa
length_out_of_range,MAKEFGIPAAVAGTVLNVVEAGGWVTTIVSILTAVGSGGLSLLAAAGRESIKAYLKKEIKKKGKRAVIAA,grampa
length_out_of_range,MAKEFGIPAAVAGTVLNVVEAGGWVTTIVSILTAVGSGGLSLLAAAGRESIKAYLKKEIKKKGKRAVIAA,grampa
length_out_of_range,SAFTVWSGPGCNNRAERYSKCGCSAIHQKGGYDFSYTGQTAALYNQAGCSGVAHTRFGSSARACNPFGWKSIFIQC,grampa
length_out_of_range,SAFTVWSGPGCNNRAERYSKCGCSAIHQKGGYDFSYTGQTAALYNQAGCSGVAHTRFGSSARACNPFGWKSIFIQC,grampa
length_out_of_range,SAFTVWSGPGCNNRAERYSKCGCSAIHQKGGYDFSYTGQTAALYNQAGCSGVAHTRFGSSARACNPFGWKSIFIQC,grampa
length_out_of_range,SAFTVWSGPGCNNRAERYSKCGCSAIHQKGGYDFSYTGQTAALYNQAGCSGVAHTRFGSSARACNPFGWKSIFIQC,grampa
length_out_of_range,SAFTVWSGPGCNNRAERYSKCGCSAIHQKGGYDFSYTGQTAALYNQAGCSGVAHTRFGSSARACNPFGWKSIFIQC,grampa
length_out_of_range,SAFTVWSGPGCNNRAERYSKCGCSAIHQKGGYDFSYTGQTAALYNQAGCSGVAHTRFGSSARACNPFGWKSIFIQC,grampa
length_out_of_range,SAFTVWSGPGCNNRAERYSKCGCSAIHQKGGYDFSYTGQTAALYNQAGCSGVAHTRFGSSARACNPFGWKSIFIQC,grampa
length_out_of_range,SAFTVWSGPGCNNRAERYSKCGCSAIHQKGGYDFSYTGQTAALYNQAGCSGVAHTRFGSSARACNPFGWKSIFIQC,grampa
length_out_of_range,SAFTVWSGPGCNNRAERYSKCGCSAIHQKGGYDFSYTGQTAALYNQAGCSGVAHTRFGSSARACNPFGWKSIFIQC,grampa
length_out_of_range,SAFTVWSGPGCNNRAERYSKCGCSAIHQKGGYDFSYTGQTAALYNQAGCSGVAHTRFGSSARACNPFGWKSIFIQC,grampa
length_out_of_range,SAFTVWSGPGCNNRAERYSKCGCSAIHQKGGYDFSYTGQTAALYNQAGCSGVAHTRFGSSARACNPFGWKSIFIQC,grampa
length_out_of_range,SAFTVWSGPGCNNRAERYSKCGCSAIHQKGGYDFSYTGQTAALYNQAGCSGVAHTRFGSSARACNPFGWKSIFIQC,grampa
length_out_of_range,SAFTVWSGPGCNNRAERYSKCGCSAIHQKGGYDFSYTGQTAALYNQAGCSGVAHTRFGSSARACNPFGWKSIFIQC,grampa
length_out_of_range,SAFTVWSGPGCNNRAERYSKCGCSAIHQKGGYDFSYTGQTAALYNQAGCSGVAHTRFGSSARACNPFGWKSIFIQC,grampa
length_out_of_range,SAFTVWSGPGCNNRAERYSKCGCSAIHQKGGYDFSYTGQTAALYNQAGCSGVAHTRFGSSARACNPFGWKSIFIQC,grampa
length_out_of_range,SAFTVWSGPGCNNRAERYSKCGCSAIHQKGGYDFSYTGQTAALYNQAGCSGVAHTRFGSSARACNPFGWKSIFIQC,grampa
length_out_of_range,SAFTVWSGPGCNNRAERYSKCGCSAIHQKGGYDFSYTGQTAALYNQAGCSGVAHTRFGSSARACNPFGWKSIFIQC,grampa
length_out_of_range,SAFTVWSGPGCNNRAERYSKCGCSAIHQKGGYDFSYTGQTAALYNQAGCSGVAHTRFGSSARACNPFGWKSIFIQC,grampa
length_out_of_range,SAFTVWSGPGCNNRAERYSKCGCSAIHQKGGYDFSYTGQTAALYNQAGCSGVAHTRFGSSARACNPFGWKSIFIQC,grampa
length_out_of_range,SAFTVWSGPGCNNRAERYSKCGCSAIHQKGGYDFSYTGQTAALYNQAGCSGVAHTRFGSSARACNPFGWKSIFIQC,grampa
length_out_of_range,RGFRRR,grampa
length_out_of_range,LIDHLGAPRWAVDTILGAIAVGNLASWVLALVPGPGWAVKAGLATAAAIVKHQGKAAAAAW,grampa
length_out_of_range,LIDHLGAPRWAVDTILGAIAVGNLASWVLALVPGPGWAVKAGLATAAAIVKHQGKAAAAAW,grampa
length_out_of_range,LIDHLGAPRWAVDTILGAIAVGNLASWVLALVPGPGWAVKAGLATAAAIVKHQGKAAAAAW,grampa
length_out_of_range,LIDHLGAPRWAVDTILGAIAVGNLASWVLALVPGPGWAVKAGLATAAAIVKHQGKAAAAAW,grampa
length_out_of_range,LIDHLGAPRWAVDTILGAIAVGNLASWVLALVPGPGWAVKAGLATAAAIVKHQGKAAAAAW,grampa
length_out_of_range,LIDHLGAPRWAVDTILGAIAVGNLASWVLALVPGPGWAVKAGLATAAAIVKHQGKAAAAAW,grampa
length_out_of_range,LIDHLGAPRWAVDTILGAIAVGNLASWVLALVPGPGWAVKAGLATAAAIVKHQGKAAAAAW,grampa
length_out_of_range,LIDHLGAPRWAVDTILGAIAVGNLASWVLALVPGPGWAVKAGLATAAAIVKHQGKAAAAAW,grampa
length_out_of_range,LIDHLGAPRWAVDTILGAIAVGNLASWVLALVPGPGWAVKAGLATAAAIVKHQGKAAAAAW,grampa
length_out_of_range,LIDHLGAPRWAVDTILGAIAVGNLASWVLALVPGPGWAVKAGLATAAAIVKHQGKAAAAAW,grampa
length_out_of_range,LIDHLGAPRWAVDTILGAIAVGNLASWVLALVPGPGWAVKAGLATAAAIVKHQGKAAAAAW,grampa
length_out_of_range,LIDHLGAPRWAVDTILGAIAVGNLASWVLALVPGPGWAVKAGLATAAAIVKHQGKAAAAAW,grampa
length_out_of_range,LIDHLGAPRWAVDTILGAIAVGNLASWVLALVPGPGWAVKAGLATAAAIVKHQGKAAAAAW,grampa
length_out_of_range,LIDHLGAPRWAVDTILGAIAVGNLASWVLALVPGPGWAVKAGLATAAAIVKHQGKAAAAAW,grampa
length_out_of_range,LIDHLGAPRWAVDTILGAIAVGNLASWVLALVPGPGWAVKAGLATAAAIVKHQGKAAAAAW,grampa
length_out_of_range,LIDHLGAPRWAVDTILGAIAVGNLASWVLALVPGPGWAVKAGLATAAAIVKHQGKAAAAAW,grampa
length_out_of_range,LIDHLGAPRWAVDTILGAIAVGNLASWVLALVPGPGWAVKAGLATAAAIVKHQGKAAAAAW,grampa
length_out_of_range,LIDHLGAPRWAVDTILGAIAVGNLASWVLALVPGPGWAVKAGLATAAAIVKHQGKAAAAAW,grampa
length_out_of_range,LIDHLGAPRWAVDTILGAIAVGNLASWVLALVPGPGWAVKAGLATAAAIVKHQGKAAAAAW,grampa
length_out_of_range,LIDHLGAPRWAVDTILGAIAVGNLASWVLALVPGPGWAVKAGLATAAAIVKHQGKAAAAAW,grampa
length_out_of_range,LIDHLGAPRWAVDTILGAIAVGNLASWVLALVPGPGWAVKAGLATAAAIVKHQGKAAAAAW,grampa
length_out_of_range,LIDHLGAPRWAVDTILGAIAVGNLASWVLALVPGPGWAVKAGLATAAAIVKHQGKAAAAAW,grampa
length_out_of_range,LIDHLGAPRWAVDTILGAIAVGNLASWVLALVPGPGWAVKAGLATAAAIVKHQGKAAAAAW,grampa
length_out_of_range,LIDHLGAPRWAVDTILGAIAVGNLASWVLALVPGPGWAVKAGLATAAAIVKHQGKAAAAAW,grampa
length_out_of_range,LIDHLGAPRWAVDTILGAIAVGNLASWVLALVPGPGWAVKAGLATAAAIVKHQGKAAAAAW,grampa
length_out_of_range,LIDHLGAPRWAVDTILGAIAVGNLASWVLALVPGPGWAVKAGLATAAAIVKHQGKAAAAAW,grampa
length_out_of_range,LIDHLGAPRWAVDTILGAIAVGNLASWVLALVPGPGWAVKAGLATAAAIVKHQGKAAAAAW,grampa
length_out_of_range,LIDHLGAPRWAVDTILGAIAVGNLASWVLALVPGPGWAVKAGLATAAAIVKHQGKAAAAAW,grampa
length_out_of_range,LIDHLGAPRWAVDTILGAIAVGNLASWVLALVPGPGWAVKAGLATAAAIVKHQGKAAAAAW,grampa
length_out_of_range,LIDHLGAPRWAVDTILGAIAVGNLASWVLALVPGPGWAVKAGLATAAAIVKHQGKAAAAAW,grampa
length_out_of_range,LIDHLGAPRWAVDTILGAIAVGNLASWVLALVPGPGWAVKAGLATAAAIVKHQGKAAAAAW,grampa
length_out_of_range,LIDHLGAPRWAVDTILGAIAVGNLASWVLALVPGPGWAVKAGLATAAAIVKHQGKAAAAAW,grampa
length_out_of_range,LIDHLGAPRWAVDTILGAIAVGNLASWVLALVPGPGWAVKAGLATAAAIVKHQGKAAAAAW,grampa
length_out_of_range,LIDHLGAPRWAVDTILGAIAVGNLASWVLALVPGPGWAVKAGLATAAAIVKHQGKAAAAAW,grampa
length_out_of_range,SRSGRGSGKGGRGGSRGSSGSRGSKGPSGSRGSSGSRGSKGSRGGRSGRGSTIAGNGNRNNGGTRTA,grampa
length_out_of_range,SRSGRGSGKGGRGGSRGSSGSRGSKGPSGSRGSSGSRGSKGSRGGRSGRGSTIAGNGNRNNGGTRTA,grampa
length_out_of_range,SRSGRGSGKGGRGGSRGSSGSRGSKGPSGSRGSSGSRGSKGSRGGRSGRGSTIAGNGNRNNGGTRTA,grampa
length_out_of_range,SRSGRGSGKGGRGGSRGSSGSRGSKGPSGSRGSSGSRGSKGSRGGRSGRGSTIAGNGNRNNGGTRTA,grampa
length_out_of_range,SRSGRGSGKGGRGGSRGSSGSRGSKGPSGSRGSSGSRGSKGSRGGRSGRGSTIAGNGNRNNGGTRTA,grampa
length_out_of_range,SRSGRGSGKGGRGGSRGSSGSRGSKGPSGSRGSSGSRGSKGSRGGRSGRGSTIAGNGNRNNGGTRTA,grampa
length_out_of_range,SRSGRGSGKGGRGGSRGSSGSRGSKGPSGSRGSSGSRGSKGSRGGRSGRGSTIAGNGNRNNGGTRTA,grampa
length_out_of_range,SRSGRGSGKGGRGGSRGSSGSRGSKGPSGSRGSSGSRGSKGSRGGRSGRGSTIAGNGNRNNGGTRTA,grampa
length_out_of_range,SRSGRGSGKGGRGGSRGSSGSRGSKGPSGSRGSSGSRGSKGSRGGRSGRGSTIAGNGNRNNGGTRTA,grampa
length_out_of_range,SRSGRGSGKGGRGGSRGSSGSRGSKGPSGSRGSSGSRGSKGSRGGRSGRGSTIAGNGNRNNGGTRTA,grampa
length_out_of_range,SRSGRGSGKGGRGGSRGSSGSRGSKGPSGSRGSSGSRGSKGSRGGRSGRGSTIAGNGNRNNGGTRTA,grampa
length_out_of_range,MFKTILVLVVALNLLGAFTYASPRPDDKKNQGSASVDVQNERGEGTKVDARVRQELWRSDDGRTRAQAYGHWDRTYGGRNHGERSYGGGMRIEHTWGN,grampa
length_out_of_range,MFKTILVLVVALNLLGAFTYASPRPDDKKNQGSASVDVQNERGEGTKVDARVRQELWRSDDGRTRAQAYGHWDRTYGGRNHGERSYGGGMRIEHTWGN,grampa
length_out_of_range,MFKTILVLVVALNLLGAFTYASPRPDDKKNQGSASVDVQNERGEGTKVDARVRQELWRSDDGRTRAQAYGHWDRTYGGRNHGERSYGGGMRIEHTWGN,grampa
length_out_of_range,MFKTILVLVVALNLLGAFTYASPRPDDKKNQGSASVDVQNERGEGTKVDARVRQELWRSDDGRTRAQAYGHWDRTYGGRNHGERSYGGGMRIEHTWGN,grampa
length_out_of_range,MFKTILVLVVALNLLGAFTYASPRPDDKKNQGSASVDVQNERGEGTKVDARVRQELWRSDDGRTRAQAYGHWDRTYGGRNHGERSYGGGMRIEHTWGN,grampa
length_out_of_range,MFKTILVLVVALNLLGAFTYASPRPDDKKNQGSASVDVQNERGEGTKVDARVRQELWRSDDGRTRAQAYGHWDRTYGGRNHGERSYGGGMRIEHTWGN,grampa
length_out_of_range,MFKTILVLVVALNLLGAFTYASPRPDDKKNQGSASVDVQNERGEGTKVDARVRQELWRSDDGRTRAQAYGHWDRTYGGRNHGERSYGGGMRIEHTWGN,grampa
length_out_of_range,MFKTILVLVVALNLLGAFTYASPRPDDKKNQGSASVDVQNERGEGTKVDARVRQELWRSDDGRTRAQAYGHWDRTYGGRNHGERSYGGGMRIEHTWGN,grampa
length_out_of_range,RRRFFF,grampa
length_out_of_range,RRRFFF,grampa
length_out_of_range,RRRFFF,grampa
length_out_of_range,RRRFFF,grampa
length_out_of_range,GWLDIVKAIVVPAARETIKTQEITLLDHYCTLSRSPYIKSLELHYRAEVTCPGWTIIRGRGSNHRNPTNSGKDALKDFMTQAVAAGLVTKEEAAPWLNHR,grampa
length_out_of_range,GWLDIVKAIVVPAARETIKTQEITLLDHYCTLSRSPYIKSLELHYRAEVTCPGWTIIRGRGSNHRNPTNSGKDALKDFMTQAVAAGLVTKEEAAPWLNHR,grampa
length_out_of_range,GWLDIVKAIVVPAARETIKTQEITLLDHYCTLSRSPYIKSLELHYRAEVTCPGWTIIRGRGSNHRNPTNSGKDALKDFMTQAVAAGLVTKEEAAPWLNHR,grampa
length_out_of_range,GWLDIVKAIVVPAARETIKTQEITLLDHYCTLSRSPYIKSLELHYRAEVTCPGWTIIRGRGSNHRNPTNSGKDALKDFMTQAVAAGLVTKEEAAPWLNHR,grampa
length_out_of_range,GWLDIVKAIVVPAARETIKTQEITLLDHYCTLSRSPYIKSLELHYRAEVTCPGWTIIRGRGSNHRNPTNSGKDALKDFMTQAVAAGLVTKEEAAPWLNHR,grampa
length_out_of_range,YETLIASVLGKLTGLWHNNSVDFMGHTCHFRRRPKVRKFKLYHEGKFWCPGWAPFEGRSRTKSRSGSSREAIKDFVRKALQNGLITQQDATVWVN,grampa
length_out_of_range,YETLIASVLGKLTGLWHNNSVDFMGHTCHFRRRPKVRKFKLYHEGKFWCPGWAPFEGRSRTKSRSGSSREAIKDFVRKALQNGLITQQDATVWVN,grampa
length_out_of_range,YETLIASVLGKLTGLWHNNSVDFMGHTCHFRRRPKVRKFKLYHEGKFWCPGWAPFEGRSRTKSRSGSSREAIKDFVRKALQNGLITQQDATVWVN,grampa
length_out_of_range,YETLIASVLGKLTGLWHNNSVDFMGHTCHFRRRPKVRKFKLYHEGKFWCPGWAPFEGRSRTKSRSGSSREAIKDFVRKALQNGLITQQDATVWVN,grampa
length_out_of_range,YETLIASVLGKLTGLWHNNSVDFMGHTCHFRRRPKVRKFKLYHEGKFWCPGWAPFEGRSRTKSRSGSSREAIKDFVRKALQNGLITQQDATVWVN,grampa
length_out_of_range,YETLIASVLGKLTGLWHNNSVDFMGHTCHFRRRPKVRKFKLYHEGKFWCPGWAPFEGRSRTKSRSGSSREAIKDFVRKALQNGLITQQDATVWVN,grampa
length_out_of_range,YETLIASVLGKLTGLWHNNSVDFMGHTCHFRRRPKVRKFKLYHEGKFWCPGWAPFEGRSRTKSRSGSSREAIKDFVRKALQNGLITQQDATVWVN,grampa
length_out_of_range,YETLIASVLGKLTGLWHNNSVDFMGHTCHFRRRPKVRKFKLYHEGKFWCPGWAPFEGRSRTKSRSGSSREAIKDFVRKALQNGLITQQDATVWVN,grampa
length_out_of_range,YETLIASVLGKLTGLWHNNSVDFMGHTCHFRRRPKVRKFKLYHEGKFWCPGWAPFEGRSRTKSRSGSSREAIKDFVRKALQNGLITQQDATVWVN,grampa
length_out_of_range,YETLIASVLGKLTGLWHNNSVDFMGHTCHFRRRPKVRKFKLYHEGKFWCPGWAPFEGRSRTKSRSGSSREAIKDFVRKALQNGLITQQDATVWVN,grampa
length_out_of_range,YETLIASVLGKLTGLWHNNSVDFMGHTCHFRRRPKVRKFKLYHEGKFWCPGWAPFEGRSRTKSRSGSSREAIKDFVRKALQNGLITQQDATVWVN,grampa
length_out_of_range,YETLIASVLGKLTGLWHNNSVDFMGHTCHFRRRPKVRKFKLYHEGKFWCPGWAPFEGRSRTKSRSGSSREAIKDFVRKALQNGLITQQDATVWVN,grampa
length_out_of_range,YETLIASVLGKLTGLWHNNSVDFMGHTCHFRRRPKVRKFKLYHEGKFWCPGWAPFEGRSRTKSRSGSSREAIKDFVRKALQNGLITQQDATVWVN,grampa
length_out_of_range,YETLIASVLGKLTGLWHNNSVDFMGHTCHFRRRPKVRKFKLYHEGKFWCPGWAPFEGRSRTKSRSGSSREAIKDFVRKALQNGLITQQDATVWVN,grampa
length_out_of_range,YETLIASVLGKLTGLWHNNSVDFMGHTCHFRRRPKVRKFKLYHEGKFWCPGWAPFEGRSRTKSRSGSSREAIKDFVRKALQNGLITQQDATVWVN,grampa
length_out_of_range,RDDFR,grampa
length_out_of_range,FSLKDLFVPVIKDQVSDLWRTGDIDLVGHSCTYNVKPDIQGFELYFIGSVTCPGWTTLRGESNTRSKSGVVNSAVKDFIQKALKAGLVTEEEAKPHLV,grampa
length_out_of_range,FSLKDLFVPVIKDQVSDLWRTGDIDLVGHSCTYNVKPDIQGFELYFIGSVTCPGWTTLRGESNTRSKSGVVNSAVKDFIQKALKAGLVTEEEAKPHLV,grampa
length_out_of_range,FSLKDLFVPVIKDQVSDLWRTGDIDLVGHSCTYNVKPDIQGFELYFIGSVTCPGWTTLRGESNTRSKSGVVNSAVKDFIQKALKAGLVTEEEAKPHLV,grampa
length_out_of_range,FSLKDLFVPVIKDQVSDLWRTGDIDLVGHSCTYNVKPDIQGFELYFIGSVTCPGWTTLRGESNTRSKSGVVNSAVKDFIQKALKAGLVTEEEAKPHLV,grampa
length_out_of_range,FSLKDLFVPVIKDQVSDLWRTGDIDLVGHSCTYNVKPDIQGFELYFIGSVTCPGWTTLRGESNTRSKSGVVNSAVKDFIQKALKAGLVTEEEAKPHLV,grampa
length_out_of_range,FSLKDLFVPVIKDQVSDLWRTGDIDLVGHSCTYNVKPDIQGFELYFIGSVTCPGWTTLRGESNTRSKSGVVNSAVKDFIQKALKAGLVTEEEAKPHLV,grampa
length_out_of_range,FSLKDLFVPVIKDQVSDLWRTGDIDLVGHSCTYNVKPDIQGFELYFIGSVTCPGWTTLRGESNTRSKSGVVNSAVKDFIQKALKAGLVTEEEAKPHLV,grampa
length_out_of_range,FSLKDLFVPVIKDQVSDLWRTGDIDLVGHSCTYNVKPDIQGFELYFIGSVTCPGWTTLRGESNTRSKSGVVNSAVKDFIQKALKAGLVTEEEAKPHLV,grampa
length_out_of_range,FSLKDLFVPVIKDQVSDLWRTGDIDLVGHSCTYNVKPDIQGFELYFIGSVTCPGWTTLRGESNTRSKSGVVNSAVKDFIQKALKAGLVTEEEAKPHLV,grampa
length_out_of_range,FSLKDLFVPVIKDQVSDLWRTGDIDLVGHSCTYNVKPDIQGFELYFIGSVTCPGWTTLRGESNTRSKSGVVNSAVKDFIQKALKAGLVTEEEAKPHLV,grampa
length_out_of_range,FSLKDLFVPVIKDQVSDLWRTGDIDLVGHSCTYNVKPDIQGFELYFIGSVTCPGWTTLRGESNTRSKSGVVNSAVKDFIQKALKAGLVTEEEAKPHLV,grampa
length_out_of_range,FSLKDLFVPVIKDQVSDLWRTGDIDLVGHSCTYNVKPDIQGFELYFIGSVTCPGWTTLRGESNTRSKSGVVNSAVKDFIQKALKAGLVTEEEAKPHLV,grampa
length_out_of_range,FSLKDLFVPVIKDQVSDLWRTGDIDLVGHSCTYNVKPDIQGFELYFIGSVTCPGWTTLRGESNTRSKSGVVNSAVKDFIQKALKAGLVTEEEAKPHLV,grampa
length_out_of_range,FSLKDLFVPVIKDQVSDLWRTGDIDLVGHSCTYNVKPDIQGFELYFIGSVTCPGWTTLRGESNTRSKSGVVNSAVKDFIQKALKAGLVTEEEAKPHLV,grampa
length_out_of_range,FSLKDLFVPVIKDQVSDLWRTGDIDLVGHSCTYNVKPDIQGFELYFIGSVTCPGWTTLRGESNTRSKSGVVNSAVKDFIQKALKAGLVTEEEAKPHLV,grampa
length_out_of_range,FSLKDLFVPVIKDQVSDLWRTGDIDLVGHSCTYNVKPDIQGFELYFIGSVTCPGWTTLRGESNTRSKSGVVNSAVKDFIQKALKAGLVTEEEAKPHLV,grampa
length_out_of_range,FSLKDLFVPVIKDQVSDLWRTGDIDLVGHSCTYNVKPDIQGFELYFIGSVTCPGWTTLRGESNTRSKSGVVNSAVKDFIQKALKAGLVTEEEAKPHLV,grampa
length_out_of_range,KPKGMTSSQWFKIQHMQPSPQACNSAMKNINKHTKRCKDLNTFLHEPFSSVAATCQTPKIACKNGDKNCHQSHGAVSLTMCKLTSGKYPNCRYKEKRQNKSYVVACK,grampa
length_out_of_range,KPKGMTSSQWFKIQHMQPSPQACNSAMKNINKHTKRCKDLNTFLHEPFSSVAATCQTPKIACKNGDKNCHQSHGAVSLTMCKLTSGKYPNCRYKEKRQNKSYVVACK,grampa
length_out_of_range,KPKGMTSSQWFKIQHMQPSPQACNSAMKNINKHTKRCKDLNTFLHEPFSSVAATCQTPKIACKNGDKNCHQSHGAVSLTMCKLTSGKYPNCRYKEKRQNKSYVVACK,grampa
length_out_of_range,FLLPPSTACCTQLYRKPLSDKLLRKVIQVELQEADGDCHLQAFVLHLAQRSICIHPQNPSLSQWFEHQERKLHGTLPKLNFGMLRKMG,grampa
length_out_of_range,FLLPPSTACCTQLYRKPLSDKLLRKVIQVELQEADGDCHLQAFVLHLAQRSICIHPQNPSLSQWFEHQERKLHGTLPKLNFGMLRKMG,grampa
length_out_of_range,FLLPPSTACCTQLYRKPLSDKLLRKVIQVELQEADGDCHLQAFVLHLAQRSICIHPQNPSLSQWFEHQERKLHGTLPKLNFGMLRKMG,grampa
length_out_of_range,FLLPPSTACCTQLYRKPLSDKLLRKVIQVELQEADGDCHLQAFVLHLAQRSICIHPQNPSLSQWFEHQERKLHGTLPKLNFGMLRKMG,grampa
length_out_of_range,FLLPPSTACCTQLYRKPLSDKLLRKVIQVELQEADGDCHLQAFVLHLAQRSICIHPQNPSLSQWFEHQERKLHGTLPKLNFGMLRKMG,grampa
length_out_of_range,FLLPPSTACCTQLYRKPLSDKLLRKVIQVELQEADGDCHLQAFVLHLAQRSICIHPQNPSLSQWFEHQERKLHGTLPKLNFGMLRKMG,grampa
length_out_of_range,IKKVASV,grampa
length_out_of_range,IKKVASV,grampa
length_out_of_range,IKKVASV,grampa
length_out_of_range,IKKVASV,grampa
length_out_of_range,IKKVASV,grampa
length_out_of_range,KYR,grampa
length_out_of_range,KYR,grampa
length_out_of_range,KYR,grampa
length_out_of_range,KYR,grampa
length_out_of_range,KYR,grampa
length_out_of_range,KYR,grampa
length_out_of_range,KYR,grampa
length_out_of_range,KYR,grampa
length_out_of_range,KYR,grampa
length_out_of_range,FNKLKQGSSKRTCAKCFRKIMPSVHELDERRRGANRWAAGFRKCVSSICRY,grampa
length_out_of_range,FNKLKQGSSKRTCAKCFRKIMPSVHELDERRRGANRWAAGFRKCVSSICRY,grampa
length_out_of_range,FNKLKQGSSKRTCAKCFRKIMPSVHELDERRRGANRWAAGFRKCVSSICRY,grampa
length_out_of_range,FNKLKQGSSKRTCAKCFRKIMPSVHELDERRRGANRWAAGFRKCVSSICRY,grampa
length_out_of_range,FNKLKQGSSKRTCAKCFRKIMPSVHELDERRRGANRWAAGFRKCVSSICRY,grampa
length_out_of_range,FNKLKQGSSKRTCAKCFRKIMPSVHELDERRRGANRWAAGFRKCVSSICRY,grampa
length_out_of_range,FNKLKQGSSKRTCAKCFRKIMPSVHELDERRRGANRWAAGFRKCVSSICRY,grampa
length_out_of_range,FNKLKQGSSKRTCAKCFRKIMPSVHELDERRRGANRWAAGFRKCVSSICRY,grampa
length_out_of_range,FNKLKQGSSKRTCAKCFRKIMPSVHELDERRRGANRWAAGFRKCVSSICRY,grampa
length_out_of_range,ADDDDDD,grampa
length_out_of_range,PTTKTYFPHFDLSHGSAQVKGHGAKVAAALTKAVEHLDDLPGALSELSDLHAHKLRVDPVNF,grampa
length_out_of_range,PTTKTYFPHFDLSHGSAQVKGHGAKVAAALTKAVEHLDDLPGALSELSDLHAHKLRVDPVNF,grampa
length_out_of_range,PTTKTYFPHFDLSHGSAQVKGHGAKVAAALTKAVEHLDDLPGALSELSDLHAHKLRVDPVNF,grampa
length_out_of_range,PTTKTYFPHFDLSHGSAQVKGHGAKVAAALTKAVEHLDDLPGALSELSDLHAHKLRVDPVNF,grampa
length_out_of_range,PRRRK,grampa
length_out_of_range,PRRRK,grampa
length_out_of_range,RRRRWWK,grampa
length_out_of_range,RRRRWWW,grampa
length_out_of_range,RRRRWWW,grampa
length_out_of_range,RRRWWWK,grampa
length_out_of_range,QYEALVTSILGKLTGLWHNDSVDFMGHICYFRRRPKIRRFKLYHEGKFWCPGWAPFEGRCKYCVVF,grampa
length_out_of_range,QYEALVTSILGKLTGLWHNDSVDFMGHICYFRRRPKIRRFKLYHEGKFWCPGWAPFEGRCKYCVVF,grampa
length_out_of_range,QYEALVTSILGKLTGLWHNDSVDFMGHICYFRRRPKIRRFKLYHEGKFWCPGWAPFEGRCKYCVVF,grampa
length_out_of_range,QYEALVTSILGKLTGLWHNDSVDFMGHICYFRRRPKIRRFKLYHEGKFWCPGWAPFEGRCKYCVVF,grampa
length_out_of_range,QYEALVTSILGKLTGLWHNDSVDFMGHICYFRRRPKIRRFKLYHEGKFWCPGWAPFEGRCKYCVVF,grampa
length_out_of_range,HHQELCTKGDDALVTELECIRLRISPETNAAFDNAVQQLNCLNRACAYRKMCATNNLEQAMSVYFTNEQIKEIHDAATACDPEAHHEHDH,grampa
length_out_of_range,WKWKWK,grampa
length_out_of_range,WKWKWK,grampa
length_out_of_range,WKWKWK,grampa
length_out_of_range,WKWKWK,grampa
length_out_of_range,WKWKWK,grampa
length_out_of_range,WKWKWK,grampa
length_out_of_range,WKWKWK,grampa
length_out_of_range,WKWKWK,grampa
length_out_of_range,WKWKWK,grampa
length_out_of_range,WKWKWK,grampa
length_out_of_range,WKWKWK,grampa
length_out_of_range,WKWKWK,grampa
length_out_of_range,WKWKWK,grampa
length_out_of_range,QYEALTAAILTKLSKMWHSDTLNFLGHTCHVSRTPTVKRFKLYWKGKFWCPGWAPFSGTSRTKSRSGSAREATKSFVDQALQRRLITQQEADLWLKG,grampa
length_out_of_range,QYEALTAAILTKLSKMWHSDTLNFLGHTCHVSRTPTVKRFKLYWKGKFWCPGWAPFSGTSRTKSRSGSAREATKSFVDQALQRRLITQQEADLWLKG,grampa
length_out_of_range,QYEALTAAILTKLSKMWHSDTLNFLGHTCHVSRTPTVKRFKLYWKGKFWCPGWAPFSGTSRTKSRSGSAREATKSFVDQALQRRLITQQEADLWLKG,grampa
length_out_of_range,QYEALTAAILTKLSKMWHSDTLNFLGHTCHVSRTPTVKRFKLYWKGKFWCPGWAPFSGTSRTKSRSGSAREATKSFVDQALQRRLITQQEADLWLKG,grampa
length_out_of_range,QYEALTAAILTKLSKMWHSDTLNFLGHTCHVSRTPTVKRFKLYWKGKFWCPGWAPFSGTSRTKSRSGSAREATKSFVDQALQRRLITQQEADLWLKG,grampa
length_out_of_range,QYEALTAAILTKLSKMWHSDTLNFLGHTCHVSRTPTVKRFKLYWKGKFWCPGWAPFSGTSRTKSRSGSAREATKSFVDQALQRRLITQQEADLWLKG,grampa
length_out_of_range,TDHQMAQSACIGVSQDNAYASAIPRDCHGGKTCEGICADATATMDRYSDTGGPLSTARCVNAFHFYKRRGEENVSYKPFVVSWKYGVAGCFYTHCGPNFCCCIS,grampa
length_out_of_range,TDHQMAQSACIGVSQDNAYASAIPRDCHGGKTCEGICADATATMDRYSDTGGPLSTARCVNAFHFYKRRGEENVSYKPFVVSWKYGVAGCFYTHCGPNFCCCIS,grampa
length_out_of_range,TDHQMAQSACIGVSQDNAYASAIPRDCHGGKTCEGICADATATMDRYSDTGGPLSTARCVNAFHFYKRRGEENVSYKPFVVSWKYGVAGCFYTHCGPNFCCCIS,grampa
length_out_of_range,TDHQMAQSACIGVSQDNAYASAIPRDCHGGKTCEGICADATATMDRYSDTGGPLSTARCVNAFHFYKRRGEENVSYKPFVVSWKYGVAGCFYTHCGPNFCCCIS,grampa
length_out_of_range,TDHQMAQSACIGVSQDNAYASAIPRDCHGGKTCEGICADATATMDRYSDTGGPLSTARCVNAFHFYKRRGEENVSYKPFVVSWKYGVAGCFYTHCGPNFCCCIS,grampa
length_out_of_range,TDHQMAQSACIGVSQDNAYASAIPRDCHGGKTCEGICADATATMDRYSDTGGPLSTARCVNAFHFYKRRGEENVSYKPFVVSWKYGVAGCFYTHCGPNFCCCIS,grampa
length_out_of_range,TDHQMAQSACIGVSQDNAYASAIPRDCHGGKTCEGICADATATMDRYSDTGGPLSTARCVNAFHFYKRRGEENVSYKPFVVSWKYGVAGCFYTHCGPNFCCCIS,grampa
length_out_of_range,TDHQMAQSACIGVSQDNAYASAIPRDCHGGKTCEGICADATATMDRYSDTGGPLSTARCVNAFHFYKRRGEENVSYKPFVVSWKYGVAGCFYTHCGPNFCCCIS,grampa
length_out_of_range,TDHQMAQSACIGVSQDNAYASAIPRDCHGGKTCEGICADATATMDRYSDTGGPLSTARCVNAFHFYKRRGEENVSYKPFVVSWKYGVAGCFYTHCGPNFCCCIS,grampa
length_out_of_range,TDHQMAQSACIGVSQDNAYASAIPRDCHGGKTCEGICADATATMDRYSDTGGPLSTARCVNAFHFYKRRGEENVSYKPFVVSWKYGVAGCFYTHCGPNFCCCIS,grampa
length_out_of_range,YQCGQGG,grampa
length_out_of_range,KLLSHSL,grampa
length_out_of_range,KLLSHSL,grampa
length_out_of_range,KLLSHSL,grampa
length_out_of_range,GVIPGQKQCIALKGVCRDKLCSTLDDTIGICNEGKKCCRRWWILEPYPTPVPKGKSP,grampa
length_out_of_range,GVIPGQKQCIALKGVCRDKLCSTLDDTIGICNEGKKCCRRWWILEPYPTPVPKGKSP,grampa
length_out_of_range,GVIPGQKQCIALKGVCRDKLCSTLDDTIGICNEGKKCCRRWWILEPYPTPVPKGKSP,grampa
length_out_of_range,WNPFRKLYRKECNDVTSCDTVSGVKTCTKKNCCHRKFFGKTILKAPECTVIS,grampa
length_out_of_range,WNPFRKLYRKECNDVTSCDTVSGVKTCTKKNCCHRKFFGKTILKAPECTVIS,grampa
length_out_of_range,WNPFRKLYRKECNDVTSCDTVSGVKTCTKKNCCHRKFFGKTILKAPECTVIS,grampa
length_out_of_range,WNPFRKLYRKECNDVTSCDTVSGVKTCTKKNCCHRKFFGKTILKAPECTVIS,grampa
length_out_of_range,RHRHCFSQSHKFVGACLRESNCENVCKTEGFPSGECKWHGIVSKCHCKRIC,grampa
length_out_of_range,RHRHCFSQSHKFVGACLRESNCENVCKTEGFPSGECKWHGIVSKCHCKRIC,grampa
length_out_of_range,RHRHCFSQSHKFVGACLRESNCENVCKTEGFPSGECKWHGIVSKCHCKRIC,grampa
length_out_of_range,TDTNVIGECFDEWSRCHRQTRWWTKILFQSCENRCKCKVQLMGNCIKVPFKCFLWKQKRFMCECYGPISGTKPWYCGWEL,grampa
length_out_of_range,TDTNVIGECFDEWSRCHRQTRWWTKILFQSCENRCKCKVQLMGNCIKVPFKCFLWKQKRFMCECYGPISGTKPWYCGWEL,grampa
length_out_of_range,TDTNVIGECFDEWSRCHRQTRWWTKILFQSCENRCKCKVQLMGNCIKVPFKCFLWKQKRFMCECYGPISGTKPWYCGWEL,grampa
length_out_of_range,TDTNVIGECFDEWSRCHRQTRWWTKILFQSCENRCKCKVQLMGNCIKVPFKCFLWKQKRFMCECYGPISGTKPWYCGWEL,grampa
length_out_of_range,TDTNVIGECFDEWSRCHRQTRWWTKILFQSCENRCKCKVQLMGNCIKVPFKCFLWKQKRFMCECYGPISGTKPWYCGWEL,grampa
length_out_of_range,TDTNVIGECFDEWSRCHRQTRWWTKILFQSCENRCKCKVQLMGNCIKVPFKCFLWKQKRFMCECYGPISGTKPWYCGWEL,grampa
length_out_of_range,TDTNVIGECFDEWSRCHRQTRWWTKILFQSCENRCKCKVQLMGNCIKVPFKCFLWKQKRFMCECYGPISGTKPWYCGWEL,grampa
length_out_of_range,GSHGAFCHLCEDLIKDGKEAGDVALDVWLDEEIGSRCKDFGVLASECFKELKVAEHDIWEAIDQEIPEDKTCKEAKLC,grampa
length_out_of_range,GSHGAFCHLCEDLIKDGKEAGDVALDVWLDEEIGSRCKDFGVLASECFKELKVAEHDIWEAIDQEIPEDKTCKEAKLC,grampa
length_out_of_range,GSHGAFCHLCEDLIKDGKEAGDVALDVWLDEEIGSRCKDFGVLASECFKELKVAEHDIWEAIDQEIPEDKTCKEAKLC,grampa
length_out_of_range,WF,grampa
length_out_of_range,WF,grampa
length_out_of_range,WF,grampa
length_out_of_range,WF,grampa
length_out_of_range,WF,grampa
length_out_of_range,WF,grampa
length_out_of_range,WF,grampa
length_out_of_range,WF,grampa
length_out_of_range,WF,grampa
length_out_of_range,WF,grampa
length_out_of_range,WF,grampa
length_out_of_range,WF,grampa
length_out_of_range,WF,grampa
length_out_of_range,WF,grampa
length_out_of_range,WF,grampa
length_out_of_range,WF,grampa
length_out_of_range,WF,grampa
length_out_of_range,WF,grampa
length_out_of_range,WF,grampa
length_out_of_range,WF,grampa
length_out_of_range,WL,grampa
length_out_of_range,WL,grampa
length_out_of_range,WL,grampa
length_out_of_range,WL,grampa
length_out_of_range,WL,grampa
length_out_of_range,WL,grampa
length_out_of_range,WL,grampa
length_out_of_range,WL,grampa
length_out_of_range,WL,grampa
length_out_of_range,WL,grampa
length_out_of_range,WL,grampa
length_out_of_range,WI,grampa
length_out_of_range,WI,grampa
length_out_of_range,WI,grampa
length_out_of_range,WI,grampa
length_out_of_range,WI,grampa
length_out_of_range,WI,grampa
length_out_of_range,WI,grampa
length_out_of_range,WI,grampa
length_out_of_range,WI,grampa
length_out_of_range,WI,grampa
length_out_of_range,WI,grampa
length_out_of_range,WI,grampa
length_out_of_range,WI,grampa
length_out_of_range,WI,grampa
length_out_of_range,WI,grampa
length_out_of_range,WI,grampa
length_out_of_range,WI,grampa
length_out_of_range,WI,grampa
length_out_of_range,WP,grampa
length_out_of_range,WP,grampa
length_out_of_range,WP,grampa
length_out_of_range,WP,grampa
length_out_of_range,WP,grampa
length_out_of_range,WP,grampa
length_out_of_range,WP,grampa
length_out_of_range,WP,grampa
length_out_of_range,WP,grampa
length_out_of_range,WP,grampa
length_out_of_range,WP,grampa
length_out_of_range,WP,grampa
length_out_of_range,WP,grampa
length_out_of_range,WP,grampa
length_out_of_range,WY,grampa
length_out_of_range,WY,grampa
length_out_of_range,WY,grampa
length_out_of_range,WY,grampa
length_out_of_range,WY,grampa
length_out_of_range,WY,grampa
length_out_of_range,WY,grampa
length_out_of_range,WY,grampa
length_out_of_range,WY,grampa
length_out_of_range,WY,grampa
length_out_of_range,WY,grampa
length_out_of_range,WY,grampa
length_out_of_range,WY,grampa
length_out_of_range,WY,grampa
length_out_of_range,WY,grampa
length_out_of_range,WY,grampa
length_out_of_range,WY,grampa
length_out_of_range,WY,grampa
length_out_of_range,LKFLKFG,grampa
length_out_of_range,LKFLKFG,grampa
length_out_of_range,LKFLKFG,grampa
length_out_of_range,LKFLKFG,grampa
length_out_of_range,LKFLKFG,grampa
length_out_of_range,LKFLKFG,grampa
length_out_of_range,LKFLKFG,grampa
length_out_of_range,RHRHRH,grampa
length_out_of_range,RHRHRH,grampa
length_out_of_range,DDDDDDD,grampa
length_out_of_range,DDDDDDD,grampa
length_out_of_range,DDDDDDD,grampa
length_out_of_range,DDDDDDD,grampa
length_out_of_range,DDDDDDD,grampa
length_out_of_range,DDDDDDD,grampa
length_out_of_range,DDDDDDD,grampa
length_out_of_range,DDDDDDD,grampa
length_out_of_range,PKRKAEGDAKGDKAKVKDEPQRRSARLSAKPAPPKPEPKPKKAPAKKGEKVPKGKKGKADAGKEGNNPAENGDAKTDQAQKAEGAGDAK,grampa
length_out_of_range,PKRKAEGDAKGDKAKVKDEPQRRSARLSAKPAPPKPEPKPKKAPAKKGEKVPKGKKGKADAGKEGNNPAENGDAKTDQAQKAEGAGDAK,grampa
length_out_of_range,PKRKAEGDAKGDKAKVKDEPQRRSARLSAKPAPPKPEPKPKKAPAKKGEKVPKGKKGKADAGKEGNNPAENGDAKTDQAQKAEGAGDAK,grampa
length_out_of_range,RWRKRWK,grampa
length_out_of_range,YSYKKIDCGGACAARCRLSSRPRLCNRACGTCCARCNCVPPGTSGNTETCPCYASLTTHGNKRKCP,grampa
length_out_of_range,YSYKKIDCGGACAARCRLSSRPRLCNRACGTCCARCNCVPPGTSGNTETCPCYASLTTHGNKRKCP,grampa
length_out_of_range,YSYKKIDCGGACAARCRLSSRPRLCNRACGTCCARCNCVPPGTSGNTETCPCYASLTTHGNKRKCP,grampa
length_out_of_range,YSYKKIDCGGACAARCRLSSRPRLCNRACGTCCARCNCVPPGTSGNTETCPCYASLTTHGNKRKCP,grampa
length_out_of_range,YSYKKIDCGGACAARCRLSSRPRLCNRACGTCCARCNCVPPGTSGNTETCPCYASLTTHGNKRKCP,grampa
length_out_of_range,YSYKKIDCGGACAARCRLSSRPRLCNRACGTCCARCNCVPPGTSGNTETCPCYASLTTHGNKRKCP,grampa
length_out_of_range,YSYKKIDCGGACAARCRLSSRPRLCNRACGTCCARCNCVPPGTSGNTETCPCYASLTTHGNKRKCP,grampa
length_out_of_range,YSYKKIDCGGACAARCRLSSRPRLCNRACGTCCARCNCVPPGTSGNTETCPCYASLTTHGNKRKCP,grampa
length_out_of_range,YSYKKIDCGGACAARCRLSSRPRLCNRACGTCCARCNCVPPGTSGNTETCPCYASLTTHGNKRKCP,grampa
length_out_of_range,YSYKKIDCGGACAARCRLSSRPRLCNRACGTCCARCNCVPPGTSGNTETCPCYASLTTHGNKRKCP,grampa
length_out_of_range,YSYKKIDCGGACAARCRLSSRPRLCNRACGTCCARCNCVPPGTSGNTETCPCYASLTTHGNKRKCP,grampa
length_out_of_range,YSYKKIDCGGACAARCRLSSRPRLCNRACGTCCARCNCVPPGTSGNTETCPCYASLTTHGNKRKCP,grampa
length_out_of_range,RRIRPRP,grampa
length_out_of_range,RRIRPRP,grampa
length_out_of_range,RRIRPRP,grampa
length_out_of_range,ASNFDCCLGYTDRILHPKFIVGFTRQLANEGCDINAIIFHTKKKLSVCANPKQTWVKYIVRLLSKKVKNM,grampa
length_out_of_range,ASNFDCCLGYTDRILHPKFIVGFTRQLANEGCDINAIIFHTKKKLSVCANPKQTWVKYIVRLLSKKVKNM,grampa
length_out_of_range,ASNFDCCLGYTDRILHPKFIVGFTRQLANEGCDINAIIFHTKKKLSVCANPKQTWVKYIVRLLSKKVKNM,grampa
length_out_of_range,ASNFDCCLGYTDRILHPKFIVGFTRQLANEGCDINAIIFHTKKKLSVCANPKQTWVKYIVRLLSKKVKNM,grampa
length_out_of_range,ASNFDCCLGYTDRILHPKFIVGFTRQLANEGCDINAIIFHTKKKLSVCANPKQTWVKYIVRLLSKKVKNM,grampa
length_out_of_range,ASNFDCCLGYTDRILHPKFIVGFTRQLANEGCDINAIIFHTKKKLSVCANPKQTWVKYIVRLLSKKVKNM,grampa
length_out_of_range,ASNFDCCLGYTDRILHPKFIVGFTRQLANEGCDINAIIFHTKKKLSVCANPKQTWVKYIVRLLSKKVKNM,grampa
length_out_of_range,ASNFDCCLGYTDRILHPKFIVGFTRQLANEGCDINAIIFHTKKKLSVCANPKQTWVKYIVRLLSKKVKNM,grampa
length_out_of_range,ASNFDCCLGYTDRILHPKFIVGFTRQLANEGCDINAIIFHTKKKLSVCANPKQTWVKYIVRLLSKKVKNM,grampa
length_out_of_range,RVPPYLGRDCKHWCRDNNQALYCCGPPGITYPPFIRKHPGKCPSVRSTCTGVRSSRPKFCPHDDACEFRSKCCYDACVKHHVCKTVEFY,grampa
length_out_of_range,RVPPYLGRDCKHWCRDNNQALYCCGPPGITYPPFIRKHPGKCPSVRSTCTGVRSSRPKFCPHDDACEFRSKCCYDACVKHHVCKTVEFY,grampa
length_out_of_range,GSFDFSSLLSSVANTAIKRLFVEREIDLFDHYCVLSRSPHIYSWELKFEATVTCPGWTPEKGRVRGYSSPTSAEREATKDFVQKIVRRGLVTREEASEWL,grampa
length_out_of_range,GSFDFSSLLSSVANTAIKRLFVEREIDLFDHYCVLSRSPHIYSWELKFEATVTCPGWTPEKGRVRGYSSPTSAEREATKDFVQKIVRRGLVTREEASEWL,grampa
length_out_of_range,GSFDFSSLLSSVANTAIKRLFVEREIDLFDHYCVLSRSPHIYSWELKFEATVTCPGWTPEKGRVRGYSSPTSAEREATKDFVQKIVRRGLVTREEASEWL,grampa
length_out_of_range,GSFDFSSLLSSVANTAIKRLFVEREIDLFDHYCVLSRSPHIYSWELKFEATVTCPGWTPEKGRVRGYSSPTSAEREATKDFVQKIVRRGLVTREEASEWL,grampa
length_out_of_range,GSFDFSSLLSSVANTAIKRLFVEREIDLFDHYCVLSRSPHIYSWELKFEATVTCPGWTPEKGRVRGYSSPTSAEREATKDFVQKIVRRGLVTREEASEWL,grampa
length_out_of_range,GSFDFSSLLSSVANTAIKRLFVEREIDLFDHYCVLSRSPHIYSWELKFEATVTCPGWTPEKGRVRGYSSPTSAEREATKDFVQKIVRRGLVTREEASEWL,grampa
length_out_of_range,GSFDFSSLLSSVANTAIKRLFVEREIDLFDHYCVLSRSPHIYSWELKFEATVTCPGWTPEKGRVRGYSSPTSAEREATKDFVQKIVRRGLVTREEASEWL,grampa
length_out_of_range,GSFDFSSLLSSVANTAIKRLFVEREIDLFDHYCVLSRSPHIYSWELKFEATVTCPGWTPEKGRVRGYSSPTSAEREATKDFVQKIVRRGLVTREEASEWL,grampa
length_out_of_range,SQLGDLGSGAGQGGGGGGSIRAAGGAFGKLEAAREEEFFYKKQKEQLERLKNDQIHQAEFHHQQIKEHEEAIQRHKDFLNNLHK,grampa
length_out_of_range,SQLGDLGSGAGQGGGGGGSIRAAGGAFGKLEAAREEEFFYKKQKEQLERLKNDQIHQAEFHHQQIKEHEEAIQRHKDFLNNLHK,grampa
length_out_of_range,SQLGDLGSGAGQGGGGGGSIRAAGGAFGKLEAAREEEFFYKKQKEQLERLKNDQIHQAEFHHQQIKEHEEAIQRHKDFLNNLHK,grampa
length_out_of_range,SQLGDLGSGAGQGGGGGGSIRAAGGAFGKLEAAREEEFFYKKQKEQLERLKNDQIHQAEFHHQQIKEHEEAIQRHKDFLNNLHK,grampa
length_out_of_range,SQLGDLGSGAGQGGGGGGSIRAAGGAFGKLEAAREEEFFYKKQKEQLERLKNDQIHQAEFHHQQIKEHEEAIQRHKDFLNNLHK,grampa
length_out_of_range,SQLGDLGSGAGQGGGGGGSIRAAGGAFGKLEAAREEEFFYKKQKEQLERLKNDQIHQAEFHHQQIKEHEEAIQRHKDFLNNLHK,grampa
length_out_of_range,DGVKLCDVPSGTWSGHCGSSSKCSQQCKDREHFAYGGACHYQFPSVKCFCKRQC,grampa
length_out_of_range,DGVKLCDVPSGTWSGHCGSSSKCSQQCKDREHFAYGGACHYQFPSVKCFCKRQC,grampa
length_out_of_range,DGVKLCDVPSGTWSGHCGSSSKCSQQCKDREHFAYGGACHYQFPSVKCFCKRQC,grampa
length_out_of_range,DGVKLCDVPSGTWSGHCGSSSKCSQQCKDREHFAYGGACHYQFPSVKCFCKRQC,grampa
length_out_of_range,DGVKLCDVPSGTWSGHCGSSSKCSQQCKDREHFAYGGACHYQFPSVKCFCKRQC,grampa
length_out_of_range,DGVKLCDVPSGTWSGHCGSSSKCSQQCKDREHFAYGGACHYQFPSVKCFCKRQC,grampa
length_out_of_range,DGVKLCDVPSGTWSGHCGSSSKCSQQCKDREHFAYGGACHYQFPSVKCFCKRQC,grampa
length_out_of_range,DGVKLCDVPSGTWSGHCGSSSKCSQQCKDREHFAYGGACHYQFPSVKCFCKRQC,grampa
length_out_of_range,DGVKLCDVPSGTWSGHCGSSSKCSQQCKDREHFAYGGACHYQFPSVKCFCKRQC,grampa
length_out_of_range,LKWLKWG,grampa
length_out_of_range,LKWLKWG,grampa
length_out_of_range,LKWLKWG,grampa
length_out_of_range,LKWLKWG,grampa
length_out_of_range,LKWLKWG,grampa
length_out_of_range,LKWLKWG,grampa
length_out_of_range,LKWLKWG,grampa
length_out_of_range,LGSCVANKIKDEFFAMISISAIVKAAQKKAWKELAVTVLRFAKANGLKTNAIIVAGQLALWAVQCGLS,grampa
length_out_of_range,LGSCVANKIKDEFFAMISISAIVKAAQKKAWKELAVTVLRFAKANGLKTNAIIVAGQLALWAVQCGLS,grampa
length_out_of_range,LGSCVANKIKDEFFAMISISAIVKAAQKKAWKELAVTVLRFAKANGLKTNAIIVAGQLALWAVQCGLS,grampa
length_out_of_range,LGSCVANKIKDEFFAMISISAIVKAAQKKAWKELAVTVLRFAKANGLKTNAIIVAGQLALWAVQCGLS,grampa
length_out_of_range,LGSCVANKIKDEFFAMISISAIVKAAQKKAWKELAVTVLRFAKANGLKTNAIIVAGQLALWAVQCGLS,grampa
length_out_of_range,LGSCVANKIKDEFFAMISISAIVKAAQKKAWKELAVTVLRFAKANGLKTNAIIVAGQLALWAVQCGLS,grampa
length_out_of_range,LVNQLGISKSLANTILGAIAVGNLASWLLALVPGPGWATKAALATAETIVKHEGKAAAIAW,grampa
length_out_of_range,LVNQLGISKSLANTILGAIAVGNLASWLLALVPGPGWATKAALATAETIVKHEGKAAAIAW,grampa
length_out_of_range,LVNQLGISKSLANTILGAIAVGNLASWLLALVPGPGWATKAALATAETIVKHEGKAAAIAW,grampa
length_out_of_range,LVNQLGISKSLANTILGAIAVGNLASWLLALVPGPGWATKAALATAETIVKHEGKAAAIAW,grampa
length_out_of_range,LVNQLGISKSLANTILGAIAVGNLASWLLALVPGPGWATKAALATAETIVKHEGKAAAIAW,grampa
length_out_of_range,LVNQLGISKSLANTILGAIAVGNLASWLLALVPGPGWATKAALATAETIVKHEGKAAAIAW,grampa
length_out_of_range,LVNQLGISKSLANTILGAIAVGNLASWLLALVPGPGWATKAALATAETIVKHEGKAAAIAW,grampa
length_out_of_range,LVNQLGISKSLANTILGAIAVGNLASWLLALVPGPGWATKAALATAETIVKHEGKAAAIAW,grampa
length_out_of_range,LVNQLGISKSLANTILGAIAVGNLASWLLALVPGPGWATKAALATAETIVKHEGKAAAIAW,grampa
length_out_of_range,LVNQLGISKSLANTILGAIAVGNLASWLLALVPGPGWATKAALATAETIVKHEGKAAAIAW,grampa
length_out_of_range,LVNQLGISKSLANTILGAIAVGNLASWLLALVPGPGWATKAALATAETIVKHEGKAAAIAW,grampa
length_out_of_range,LVNQLGISKSLANTILGAIAVGNLASWLLALVPGPGWATKAALATAETIVKHEGKAAAIAW,grampa
length_out_of_range,LVNQLGISKSLANTILGAIAVGNLASWLLALVPGPGWATKAALATAETIVKHEGKAAAIAW,grampa
length_out_of_range,LVNQLGISKSLANTILGAIAVGNLASWLLALVPGPGWATKAALATAETIVKHEGKAAAIAW,grampa
length_out_of_range,LVNQLGISKSLANTILGAIAVGNLASWLLALVPGPGWATKAALATAETIVKHEGKAAAIAW,grampa
length_out_of_range,LVNQLGISKSLANTILGAIAVGNLASWLLALVPGPGWATKAALATAETIVKHEGKAAAIAW,grampa
length_out_of_range,LVNQLGISKSLANTILGAIAVGNLASWLLALVPGPGWATKAALATAETIVKHEGKAAAIAW,grampa
length_out_of_range,LVNQLGISKSLANTILGAIAVGNLASWLLALVPGPGWATKAALATAETIVKHEGKAAAIAW,grampa
length_out_of_range,LVNQLGISKSLANTILGAIAVGNLASWLLALVPGPGWATKAALATAETIVKHEGKAAAIAW,grampa
length_out_of_range,LVNQLGISKSLANTILGAIAVGNLASWLLALVPGPGWATKAALATAETIVKHEGKAAAIAW,grampa
length_out_of_range,LVNQLGISKSLANTILGAIAVGNLASWLLALVPGPGWATKAALATAETIVKHEGKAAAIAW,grampa
length_out_of_range,GSSFCDSKCKLRCSKAGLADRCLKYCGICCEECKCVPSGTYGNKHECPCYRDKKNSKGKSKCP,grampa
length_out_of_range,GSSFCDSKCKLRCSKAGLADRCLKYCGICCEECKCVPSGTYGNKHECPCYRDKKNSKGKSKCP,grampa
length_out_of_range,GSSFCDSKCKLRCSKAGLADRCLKYCGICCEECKCVPSGTYGNKHECPCYRDKKNSKGKSKCP,grampa
length_out_of_range,GSSFCDSKCKLRCSKAGLADRCLKYCGICCEECKCVPSGTYGNKHECPCYRDKKNSKGKSKCP,grampa
length_out_of_range,GSSFCDSKCKLRCSKAGLADRCLKYCGICCEECKCVPSGTYGNKHECPCYRDKKNSKGKSKCP,grampa
length_out_of_range,GSSFCDSKCKLRCSKAGLADRCLKYCGICCEECKCVPSGTYGNKHECPCYRDKKNSKGKSKCP,grampa
length_out_of_range,GSSFCDSKCKLRCSKAGLADRCLKYCGICCEECKCVPSGTYGNKHECPCYRDKKNSKGKSKCP,grampa
length_out_of_range,GSSFCDSKCKLRCSKAGLADRCLKYCGICCEECKCVPSGTYGNKHECPCYRDKKNSKGKSKCP,grampa
length_out_of_range,GSSFCDSKCKLRCSKAGLADRCLKYCGICCEECKCVPSGTYGNKHECPCYRDKKNSKGKSKCP,grampa
length_out_of_range,GSSFCDSKCKLRCSKAGLADRCLKYCGICCEECKCVPSGTYGNKHECPCYRDKKNSKGKSKCP,grampa
length_out_of_range,GSSFCDSKCKLRCSKAGLADRCLKYCGICCEECKCVPSGTYGNKHECPCYRDKKNSKGKSKCP,grampa
length_out_of_range,RRIRPRPPRLPRPRPRPLPFPRPGPRPIPRPLPFPRPGPRPIPRPLPFPRPGPRPIPRPL,grampa
length_out_of_range,RRIRPRPPRLPRPRPRPLPFPRPGPRPIPRPLPFPRPGPRPIPRPLPFPRPGPRPIPRPL,grampa
length_out_of_range,RRIRPRPPRLPRPRPRPLPFPRPGPRPIPRPLPFPRPGPRPIPRPLPFPRPGPRPIPRPL,grampa
length_out_of_range,RRIRPRPPRLPRPRPRPLPFPRPGPRPIPRPLPFPRPGPRPIPRPLPFPRPGPRPIPRPL,grampa
length_out_of_range,RRIRPRPPRLPRPRPRPLPFPRPGPRPIPRPLPFPRPGPRPIPRPLPFPRPGPRPIPRPL,grampa
length_out_of_range,RRIRPRPPRLPRPRPRPLPFPRPGPRPIPRPLPFPRPGPRPIPRPLPFPRPGPRPIPRPL,grampa
length_out_of_range,RRIRPRPPRLPRPRPRPLPFPRPGPRPIPRPLPFPRPGPRPIPRPLPFPRPGPRPIPRPL,grampa
length_out_of_range,RRIRPRPPRLPRPRPRPLPFPRPGPRPIPRPLPFPRPGPRPIPRPLPFPRPGPRPIPRPL,grampa
length_out_of_range,RRIRPRPPRLPRPRPRPLPFPRPGPRPIPRPLPFPRPGPRPIPRPLPFPRPGPRPIPRPL,grampa
length_out_of_range,RRIRPRPPRLPRPRPRPLPFPRPGPRPIPRPLPFPRPGPRPIPRPLPFPRPGPRPIPRPL,grampa
length_out_of_range,RRIRPRPPRLPRPRPRPLPFPRPGPRPIPRPLPFPRPGPRPIPRPLPFPRPGPRPIPRPL,grampa
length_out_of_range,RRIRPRPPRLPRPRPRPLPFPRPGPRPIPRPLPFPRPGPRPIPRPLPFPRPGPRPIPRPL,grampa
length_out_of_range,WHWTWL,grampa
length_out_of_range,WHWTWL,grampa
length_out_of_range,KRKIL,grampa
length_out_of_range,KRKIL,grampa
length_out_of_range,KRKIL,grampa
length_out_of_range,GHLGRPYIGGGGGFNRGGGFHRGGGFHRGGGFQSGGGFHRGGGFHSGGSFGYR,grampa
length_out_of_range,GHLGRPYIGGGGGFNRGGGFHRGGGFHRGGGFQSGGGFHRGGGFHSGGSFGYR,grampa
length_out_of_range,GHLGRPYIGGGGGFNRGGGFHRGGGFHRGGGFQSGGGFHRGGGFHSGGSFGYR,grampa
length_out_of_range,GHLGRPYIGGGGGFNRGGGFHRGGGFHRGGGFQSGGGFHRGGGFHSGGSFGYR,grampa
length_out_of_range,GHLGRPYIGGGGGFNRGGGFHRGGGFHRGGGFQSGGGFHRGGGFHSGGSFGYR,grampa
length_out_of_range,GHLGRPYIGGGGGFNRGGGFHRGGGFHRGGGFQSGGGFHRGGGFHSGGSFGYR,grampa
length_out_of_range,GHLGRPYIGGGGGFNRGGGFHRGGGFHRGGGFQSGGGFHRGGGFHSGGSFGYR,grampa
length_out_of_range,GHLGRPYIGGGGGFNRGGGFHRGGGFHRGGGFQSGGGFHRGGGFHSGGSFGYR,grampa
length_out_of_range,GHLGRPYIGGGGGFNRGGGFHRGGGFHRGGGFQSGGGFHRGGGFHSGGSFGYR,grampa
length_out_of_range,GHLGRPYIGGGGGFNRGGGFHRGGGFHRGGGFQSGGGFHRGGGFHSGGSFGYR,grampa
length_out_of_range,GHLGRPYIGGGGGFNRGGGFHRGGGFHRGGGFQSGGGFHRGGGFHSGGSFGYR,grampa
length_out_of_range,GHLGRPYIGGGGGFNRGGGFHRGGGFHRGGGFQSGGGFHRGGGFHSGGSFGYR,grampa
length_out_of_range,GHLGRPYIGGGGGFNRGGGFHRGGGFHRGGGFQSGGGFHRGGGFHSGGSFGYR,grampa
length_out_of_range,GHLGRPYIGGGGGFNRGGGFHRGGGFHRGGGFQSGGGFHRGGGFHSGGSFGYR,grampa
length_out_of_range,GHLGRPYIGGGGGFNRGGGFHRGGGFHRGGGFQSGGGFHRGGGFHSGGSFGYR,grampa
length_out_of_range,GHLGRPYIGGGGGFNRGGGFHRGGGFHRGGGFQSGGGFHRGGGFHSGGSFGYR,grampa
length_out_of_range,GHLGRPYIGGGGGFNRGGGFHRGGGFHRGGGFQSGGGFHRGGGFHSGGSFGYR,grampa
length_out_of_range,GHLGRPYIGGGGGFNRGGGFHRGGGFHRGGGFQSGGGFHRGGGFHSGGSFGYR,grampa
length_out_of_range,GHLGRPYIGGGGGFNRGGGFHRGGGFHRGGGFQSGGGFHRGGGFHSGGSFGYR,grampa
length_out_of_range,GHLGRPYIGGGGGFNRGGGFHRGGGFHRGGGFQSGGGFHRGGGFHSGGSFGYR,grampa
length_out_of_range,GHLGRPYIGGGGGFNRGGGFHRGGGFHRGGGFQSGGGFHRGGGFHSGGSFGYR,grampa
length_out_of_range,GHLGRPYIGGGGGFNRGGGFHRGGGFHRGGGFQSGGGFHRGGGFHSGGSFGYR,grampa
length_out_of_range,GHLGRPYIGGGGGFNRGGGFHRGGGFHRGGGFQSGGGFHRGGGFHSGGSFGYR,grampa
length_out_of_range,GHLGRPYIGGGGGFNRGGGFHRGGGFHRGGGFQSGGGFHRGGGFHSGGSFGYR,grampa
length_out_of_range,GHLGRPYIGGGGGFNRGGGFHRGGGFHRGGGFQSGGGFHRGGGFHSGGSFGYR,grampa
length_out_of_range,RRWWFR,grampa
length_out_of_range,RRWWFR,grampa
length_out_of_range,MLCKLSMFGAVLGVPACAIDCLPMGKTGGSCEGGVCGCRKLTFKILWDKKFG,grampa
length_out_of_range,MLCKLSMFGAVLGVPACAIDCLPMGKTGGSCEGGVCGCRKLTFKILWDKKFG,grampa
length_out_of_range,MLCKLSMFGAVLGVPACAIDCLPMGKTGGSCEGGVCGCRKLTFKILWDKKFG,grampa
length_out_of_range,MLCKLSMFGAVLGVPACAIDCLPMGKTGGSCEGGVCGCRKLTFKILWDKKFG,grampa
length_out_of_range,MLCKLSMFGAVLGVPACAIDCLPMGKTGGSCEGGVCGCRKLTFKILWDKKFG,grampa
length_out_of_range,MLCKLSMFGAVLGVPACAIDCLPMGKTGGSCEGGVCGCRKLTFKILWDKKFG,grampa
length_out_of_range,KFKLKQ,grampa
length_out_of_range,KFKLKQ,grampa
length_out_of_range,FP,grampa
length_out_of_range,FP,grampa
length_out_of_range,FP,grampa
length_out_of_range,FP,grampa
length_out_of_range,FP,grampa
length_out_of_range,FP,grampa
length_out_of_range,FP,grampa
length_out_of_range,FP,grampa
length_out_of_range,FP,grampa
length_out_of_range,FP,grampa
length_out_of_range,FP,grampa
length_out_of_range,FP,grampa
length_out_of_range,FP,grampa
length_out_of_range,FP,grampa
length_out_of_range,FP,grampa
length_out_of_range,YF,grampa
length_out_of_range,YF,grampa
length_out_of_range,YF,grampa
length_out_of_range,YF,grampa
length_out_of_range,YF,grampa
length_out_of_range,YF,grampa
length_out_of_range,ECYRKSDIVTCEPWQKFCYREVTFFPNHPVYLSGCASECTETNSKWCCTTDKCNRARGG,grampa
length_out_of_range,INKHTKRCKDLNTFLHEPFSSVAATCQTPKIACKNGDKNCHQSHGAVSLTMCKLTSGKYPNCRYKEKR,grampa
length_out_of_range,INKHTKRCKDLNTFLHEPFSSVAATCQTPKIACKNGDKNCHQSHGAVSLTMCKLTSGKYPNCRYKEKR,grampa
length_out_of_range,INKHTKRCKDLNTFLHEPFSSVAATCQTPKIACKNGDKNCHQSHGAVSLTMCKLTSGKYPNCRYKEKR,grampa
length_out_of_range,WGNILL,grampa
length_out_of_range,WGNILL,grampa
length_out_of_range,WGNILL,grampa
length_out_of_range,WGNILL,grampa
length_out_of_range,WGNILL,grampa
length_out_of_range,WGNILL,grampa
length_out_of_range,WGNILL,grampa
length_out_of_range,WGNILL,grampa
length_out_of_range,RVMFKWA,grampa
length_out_of_range,RVMFKWA,grampa
length_out_of_range,RVMFKWA,grampa
length_out_of_range,RVMFKWA,grampa
length_out_of_range,RVMFKWA,grampa
length_out_of_range,RVMFKWA,grampa
length_out_of_range,RVMFKWA,grampa
length_out_of_range,RVMFKWA,grampa
length_out_of_range,LRWLRWG,grampa
length_out_of_range,LRWLRWG,grampa
length_out_of_range,LRWLRWG,grampa
length_out_of_range,LRWLRWG,grampa
length_out_of_range,LRWLRWG,grampa
length_out_of_range,LRWLRWG,grampa
length_out_of_range,LRWLRWG,grampa
length_out_of_range,KWKWKW,grampa
length_out_of_range,KWKWKW,grampa
length_out_of_range,KWKWKW,grampa
length_out_of_range,KWKWKW,grampa
length_out_of_range,IEFEKSTESHDIQKRGVTITVKPPFPGCVFYECIANCRSRGYKNGGYCTINGCQCLR,grampa
length_out_of_range,IEFEKSTESHDIQKRGVTITVKPPFPGCVFYECIANCRSRGYKNGGYCTINGCQCLR,grampa
length_out_of_range,KVISMI,grampa
length_out_of_range,KVISMI,grampa
length_out_of_range,KVISMI,grampa
length_out_of_range,KVISMI,grampa
length_out_of_range,KVISMI,grampa
length_out_of_range,KVISMI,grampa
length_out_of_range,KVISMI,grampa
length_out_of_range,KVISMI,grampa
length_out_of_range,KVISMI,grampa
length_out_of_range,KVISMI,grampa
length_out_of_range,MAKEFGIPAAVAKTVLNVVEAGGWVTTIVSILTAVGSGGKSLLAAAGRESIKAYLKKEIKKKGKRAVIAW,grampa
length_out_of_range,MAKEFGIPAAVAKTVLNVVEAGGWVTTIVSILTAVGSGGKSLLAAAGRESIKAYLKKEIKKKGKRAVIAW,grampa
length_out_of_range,MAKEFGIPAAVAKTVLNVVEAGGWVTTIVSILTAVGSGGKSLLAAAGRESIKAYLKKEIKKKGKRAVIAW,grampa
length_out_of_range,MAKEFGIPAAVAKTVLNVVEAGGWVTTIVSILTAVGSGGKSLLAAAGRESIKAYLKKEIKKKGKRAVIAW,grampa
length_out_of_range,MAKEFGIPAAVAKTVLNVVEAGGWVTTIVSILTAVGSGGKSLLAAAGRESIKAYLKKEIKKKGKRAVIAW,grampa
length_out_of_range,AATAKKGAKKADAPAKPKKATKPKSPKKAAKKAGAKKGVKRAGKKGAKKTTKAKK,grampa
length_out_of_range,AATAKKGAKKADAPAKPKKATKPKSPKKAAKKAGAKKGVKRAGKKGAKKTTKAKK,grampa
length_out_of_range,AATAKKGAKKADAPAKPKKATKPKSPKKAAKKAGAKKGVKRAGKKGAKKTTKAKK,grampa
length_out_of_range,AATAKKGAKKADAPAKPKKATKPKSPKKAAKKAGAKKGVKRAGKKGAKKTTKAKK,grampa
length_out_of_range,AATAKKGAKKADAPAKPKKATKPKSPKKAAKKAGAKKGVKRAGKKGAKKTTKAKK,grampa
length_out_of_range,AATAKKGAKKADAPAKPKKATKPKSPKKAAKKAGAKKGVKRAGKKGAKKTTKAKK,grampa
length_out_of_range,AATAKKGAKKADAPAKPKKATKPKSPKKAAKKAGAKKGVKRAGKKGAKKTTKAKK,grampa
length_out_of_range,DDDDK,grampa
length_out_of_range,RIRKKLR,grampa
length_out_of_range,RIRKKLR,grampa
length_out_of_range,RWRWRWK,grampa
length_out_of_range,RWRWRWK,grampa
length_out_of_range,RWRWRWK,grampa
length_out_of_range,RWRWRWK,grampa
length_out_of_range,RWRWRWK,grampa
length_out_of_range,QGWEAVAAAVASKIVGLWRNEKTELLGHECKFTVKPYLKRFQVYYKGRMWCPGWTAIRGEASTRSQSGVAGKTAKDFVRKAFQKGLISQQEANQWLSS,grampa
length_out_of_range,QGWEAVAAAVASKIVGLWRNEKTELLGHECKFTVKPYLKRFQVYYKGRMWCPGWTAIRGEASTRSQSGVAGKTAKDFVRKAFQKGLISQQEANQWLSS,grampa
length_out_of_range,QGWEAVAAAVASKIVGLWRNEKTELLGHECKFTVKPYLKRFQVYYKGRMWCPGWTAIRGEASTRSQSGVAGKTAKDFVRKAFQKGLISQQEANQWLSS,grampa
length_out_of_range,QGWEAVAAAVASKIVGLWRNEKTELLGHECKFTVKPYLKRFQVYYKGRMWCPGWTAIRGEASTRSQSGVAGKTAKDFVRKAFQKGLISQQEANQWLSS,grampa
length_out_of_range,QGWEAVAAAVASKIVGLWRNEKTELLGHECKFTVKPYLKRFQVYYKGRMWCPGWTAIRGEASTRSQSGVAGKTAKDFVRKAFQKGLISQQEANQWLSS,grampa
length_out_of_range,QGWEAVAAAVASKIVGLWRNEKTELLGHECKFTVKPYLKRFQVYYKGRMWCPGWTAIRGEASTRSQSGVAGKTAKDFVRKAFQKGLISQQEANQWLSS,grampa
length_out_of_range,QGWEAVAAAVASKIVGLWRNEKTELLGHECKFTVKPYLKRFQVYYKGRMWCPGWTAIRGEASTRSQSGVAGKTAKDFVRKAFQKGLISQQEANQWLSS,grampa
length_out_of_range,QGWEAVAAAVASKIVGLWRNEKTELLGHECKFTVKPYLKRFQVYYKGRMWCPGWTAIRGEASTRSQSGVAGKTAKDFVRKAFQKGLISQQEANQWLSS,grampa
length_out_of_range,QGWEAVAAAVASKIVGLWRNEKTELLGHECKFTVKPYLKRFQVYYKGRMWCPGWTAIRGEASTRSQSGVAGKTAKDFVRKAFQKGLISQQEANQWLSS,grampa
length_out_of_range,QGWEAVAAAVASKIVGLWRNEKTELLGHECKFTVKPYLKRFQVYYKGRMWCPGWTAIRGEASTRSQSGVAGKTAKDFVRKAFQKGLISQQEANQWLSS,grampa
length_out_of_range,QGWEAVAAAVASKIVGLWRNEKTELLGHECKFTVKPYLKRFQVYYKGRMWCPGWTAIRGEASTRSQSGVAGKTAKDFVRKAFQKGLISQQEANQWLSS,grampa
length_out_of_range,QGWEAVAAAVASKIVGLWRNEKTELLGHECKFTVKPYLKRFQVYYKGRMWCPGWTAIRGEASTRSQSGVAGKTAKDFVRKAFQKGLISQQEANQWLSS,grampa
length_out_of_range,QGWEAVAAAVASKIVGLWRNEKTELLGHECKFTVKPYLKRFQVYYKGRMWCPGWTAIRGEASTRSQSGVAGKTAKDFVRKAFQKGLISQQEANQWLSS,grampa
length_out_of_range,QGWEAVAAAVASKIVGLWRNEKTELLGHECKFTVKPYLKRFQVYYKGRMWCPGWTAIRGEASTRSQSGVAGKTAKDFVRKAFQKGLISQQEANQWLSS,grampa
length_out_of_range,QGWEAVAAAVASKIVGLWRNEKTELLGHECKFTVKPYLKRFQVYYKGRMWCPGWTAIRGEASTRSQSGVAGKTAKDFVRKAFQKGLISQQEANQWLSS,grampa
length_out_of_range,QGWEAVAAAVASKIVGLWRNEKTELLGHECKFTVKPYLKRFQVYYKGRMWCPGWTAIRGEASTRSQSGVAGKTAKDFVRKAFQKGLISQQEANQWLSS,grampa
length_out_of_range,QGWEAVAAAVASKIVGLWRNEKTELLGHECKFTVKPYLKRFQVYYKGRMWCPGWTAIRGEASTRSQSGVAGKTAKDFVRKAFQKGLISQQEANQWLSS,grampa
length_out_of_range,QGWEAVAAAVASKIVGLWRNEKTELLGHECKFTVKPYLKRFQVYYKGRMWCPGWTAIRGEASTRSQSGVAGKTAKDFVRKAFQKGLISQQEANQWLSS,grampa
length_out_of_range,QGWEAVAAAVASKIVGLWRNEKTELLGHECKFTVKPYLKRFQVYYKGRMWCPGWTAIRGEASTRSQSGVAGKTAKDFVRKAFQKGLISQQEANQWLSS,grampa
length_out_of_range,QGWEAVAAAVASKIVGLWRNEKTELLGHECKFTVKPYLKRFQVYYKGRMWCPGWTAIRGEASTRSQSGVAGKTAKDFVRKAFQKGLISQQEANQWLSS,grampa
length_out_of_range,QGWEAVAAAVASKIVGLWRNEKTELLGHECKFTVKPYLKRFQVYYKGRMWCPGWTAIRGEASTRSQSGVAGKTAKDFVRKAFQKGLISQQEANQWLSS,grampa
length_out_of_range,QGWEAVAAAVASKIVGLWRNEKTELLGHECKFTVKPYLKRFQVYYKGRMWCPGWTAIRGEASTRSQSGVAGKTAKDFVRKAFQKGLISQQEANQWLSS,grampa
length_out_of_range,QGWEAVAAAVASKIVGLWRNEKTELLGHECKFTVKPYLKRFQVYYKGRMWCPGWTAIRGEASTRSQSGVAGKTAKDFVRKAFQKGLISQQEANQWLSS,grampa
length_out_of_range,QGWEAVAAAVASKIVGLWRNEKTELLGHECKFTVKPYLKRFQVYYKGRMWCPGWTAIRGEASTRSQSGVAGKTAKDFVRKAFQKGLISQQEANQWLSS,grampa
length_out_of_range,QGWEAVAAAVASKIVGLWRNEKTELLGHECKFTVKPYLKRFQVYYKGRMWCPGWTAIRGEASTRSQSGVAGKTAKDFVRKAFQKGLISQQEANQWLSS,grampa
length_out_of_range,QGWEAVAAAVASKIVGLWRNEKTELLGHECKFTVKPYLKRFQVYYKGRMWCPGWTAIRGEASTRSQSGVAGKTAKDFVRKAFQKGLISQQEANQWLSS,grampa
length_out_of_range,QGWEAVAAAVASKIVGLWRNEKTELLGHECKFTVKPYLKRFQVYYKGRMWCPGWTAIRGEASTRSQSGVAGKTAKDFVRKAFQKGLISQQEANQWLSS,grampa
length_out_of_range,QGWEAVAAAVASKIVGLWRNEKTELLGHECKFTVKPYLKRFQVYYKGRMWCPGWTAIRGEASTRSQSGVAGKTAKDFVRKAFQKGLISQQEANQWLSS,grampa
length_out_of_range,QGWEAVAAAVASKIVGLWRNEKTELLGHECKFTVKPYLKRFQVYYKGRMWCPGWTAIRGEASTRSQSGVAGKTAKDFVRKAFQKGLISQQEANQWLSS,grampa
length_out_of_range,QGWEAVAAAVASKIVGLWRNEKTELLGHECKFTVKPYLKRFQVYYKGRMWCPGWTAIRGEASTRSQSGVAGKTAKDFVRKAFQKGLISQQEANQWLSS,grampa
length_out_of_range,QTPKIACKNGDKNCHQSHGAVSLTMCKLTSGKYPNCRYKEKRQNKSYVVACKPPQKKDSQQFHLVPVHLDRVL,grampa
length_out_of_range,QTPKIACKNGDKNCHQSHGAVSLTMCKLTSGKYPNCRYKEKRQNKSYVVACKPPQKKDSQQFHLVPVHLDRVL,grampa
length_out_of_range,QTPKIACKNGDKNCHQSHGAVSLTMCKLTSGKYPNCRYKEKRQNKSYVVACKPPQKKDSQQFHLVPVHLDRVL,grampa
length_out_of_range,GFPY,grampa
length_out_of_range,GFPY,grampa
length_out_of_range,GFPY,grampa
length_out_of_range,GFPY,grampa
length_out_of_range,GFPY,grampa
length_out_of_range,KKWWKF,grampa
length_out_of_range,KKWWKF,grampa
length_out_of_range,MAKEFGIPAAVAGTVLNVVEAGGWVTTIVSILTAVGSGGLSLLAAAGRESIKSYLKKEIKKKGKRAVIAW,grampa
length_out_of_range,MAKEFGIPAAVAGTVLNVVEAGGWVTTIVSILTAVGSGGLSLLAAAGRESIKSYLKKEIKKKGKRAVIAW,grampa
length_out_of_range,MAKEFGIPAAVAGTVLNVVEAGGWVTTIVSILTAVGSGGLSLLAAAGRESIKSYLKKEIKKKGKRAVIAW,grampa
length_out_of_range,MAKEFGIPAAVAGTVLNVVEAGGWVTTIVSILTAVGSGGLSLLAAAGRESIKSYLKKEIKKKGKRAVIAW,grampa
length_out_of_range,MAKEFGIPAAVAGTVLNVVEAGGWVTTIVSILTAVGSGGLSLLAAAGRESIKSYLKKEIKKKGKRAVIAW,grampa
length_out_of_range,MAKEFGIPAAVAGTVLNVVEAGGWVTTIVSILTAVGSGGLSLLAAAGRESIKSYLKKEIKKKGKRAVIAW,grampa
length_out_of_range,MAKEFGIPAAVAGTVLNVVEAGGWVTTIVSILTAVGSGGLSLLAAAGRESIKSYLKKEIKKKGKRAVIAW,grampa
length_out_of_range,NEYHGFVDKANNENKRKKQQGRDDFVVKPNNFANRRRKDDYNENYYDDVDAADVV,grampa
length_out_of_range,NEYHGFVDKANNENKRKKQQGRDDFVVKPNNFANRRRKDDYNENYYDDVDAADVV,grampa
length_out_of_range,NEYHGFVDKANNENKRKKQQGRDDFVVKPNNFANRRRKDDYNENYYDDVDAADVV,grampa
length_out_of_range,NEYHGFVDKANNENKRKKQQGRDDFVVKPNNFANRRRKDDYNENYYDDVDAADVV,grampa
length_out_of_range,DEDDD,grampa
length_out_of_range,DEDDD,grampa
length_out_of_range,DEDDD,grampa
length_out_of_range,DEDDD,grampa
length_out_of_range,DEDDD,grampa
length_out_of_range,DEDDD,grampa
length_out_of_range,DEDDD,grampa
length_out_of_range,DEDDD,grampa
length_out_of_range,DEDDD,grampa
length_out_of_range,RRFWHR,grampa
length_out_of_range,RRFWHR,grampa
length_out_of_range,RRFWHR,grampa
length_out_of_range,RRFWHR,grampa
length_out_of_range,RRFWHR,grampa
length_out_of_range,RRFWHR,grampa
length_out_of_range,RRFWHR,grampa
length_out_of_range,MTESLVLSPAPAKPKRVKASRRSASHPTYSEMIAAAIRAEKSRGGSSRQSIQKYIKSHYKVGHNADLQIKLSIRRLLAAGVLKQTKGVGASGSFRLAKSDKAKRSPGKKKKAVRRSTSPKKAARPRKARSPAKKPKATARKARKKSRASPKKAKKPKTVKAKSRKASKAKKVKRSKPRAKSGARKSPKKK,grampa
length_out_of_range,MTESLVLSPAPAKPKRVKASRRSASHPTYSEMIAAAIRAEKSRGGSSRQSIQKYIKSHYKVGHNADLQIKLSIRRLLAAGVLKQTKGVGASGSFRLAKSDKAKRSPGKKKKAVRRSTSPKKAARPRKARSPAKKPKATARKARKKSRASPKKAKKPKTVKAKSRKASKAKKVKRSKPRAKSGARKSPKKK,grampa
length_out_of_range,MTESLVLSPAPAKPKRVKASRRSASHPTYSEMIAAAIRAEKSRGGSSRQSIQKYIKSHYKVGHNADLQIKLSIRRLLAAGVLKQTKGVGASGSFRLAKSDKAKRSPGKKKKAVRRSTSPKKAARPRKARSPAKKPKATARKARKKSRASPKKAKKPKTVKAKSRKASKAKKVKRSKPRAKSGARKSPKKK,grampa
length_out_of_range,MTESLVLSPAPAKPKRVKASRRSASHPTYSEMIAAAIRAEKSRGGSSRQSIQKYIKSHYKVGHNADLQIKLSIRRLLAAGVLKQTKGVGASGSFRLAKSDKAKRSPGKKKKAVRRSTSPKKAARPRKARSPAKKPKATARKARKKSRASPKKAKKPKTVKAKSRKASKAKKVKRSKPRAKSGARKSPKKK,grampa
length_out_of_range,MTESLVLSPAPAKPKRVKASRRSASHPTYSEMIAAAIRAEKSRGGSSRQSIQKYIKSHYKVGHNADLQIKLSIRRLLAAGVLKQTKGVGASGSFRLAKSDKAKRSPGKKKKAVRRSTSPKKAARPRKARSPAKKPKATARKARKKSRASPKKAKKPKTVKAKSRKASKAKKVKRSKPRAKSGARKSPKKK,grampa
length_out_of_range,MTESLVLSPAPAKPKRVKASRRSASHPTYSEMIAAAIRAEKSRGGSSRQSIQKYIKSHYKVGHNADLQIKLSIRRLLAAGVLKQTKGVGASGSFRLAKSDKAKRSPGKKKKAVRRSTSPKKAARPRKARSPAKKPKATARKARKKSRASPKKAKKPKTVKAKSRKASKAKKVKRSKPRAKSGARKSPKKK,grampa
length_out_of_range,MTESLVLSPAPAKPKRVKASRRSASHPTYSEMIAAAIRAEKSRGGSSRQSIQKYIKSHYKVGHNADLQIKLSIRRLLAAGVLKQTKGVGASGSFRLAKSDKAKRSPGKKKKAVRRSTSPKKAARPRKARSPAKKPKATARKARKKSRASPKKAKKPKTVKAKSRKASKAKKVKRSKPRAKSGARKSPKKK,grampa
length_out_of_range,MTESLVLSPAPAKPKRVKASRRSASHPTYSEMIAAAIRAEKSRGGSSRQSIQKYIKSHYKVGHNADLQIKLSIRRLLAAGVLKQTKGVGASGSFRLAKSDKAKRSPGKKKKAVRRSTSPKKAARPRKARSPAKKPKATARKARKKSRASPKKAKKPKTVKAKSRKASKAKKVKRSKPRAKSGARKSPKKK,grampa
length_out_of_range,MTESLVLSPAPAKPKRVKASRRSASHPTYSEMIAAAIRAEKSRGGSSRQSIQKYIKSHYKVGHNADLQIKLSIRRLLAAGVLKQTKGVGASGSFRLAKSDKAKRSPGKKKKAVRRSTSPKKAARPRKARSPAKKPKATARKARKKSRASPKKAKKPKTVKAKSRKASKAKKVKRSKPRAKSGARKSPKKK,grampa
length_out_of_range,MTESLVLSPAPAKPKRVKASRRSASHPTYSEMIAAAIRAEKSRGGSSRQSIQKYIKSHYKVGHNADLQIKLSIRRLLAAGVLKQTKGVGASGSFRLAKSDKAKRSPGKKKKAVRRSTSPKKAARPRKARSPAKKPKATARKARKKSRASPKKAKKPKTVKAKSRKASKAKKVKRSKPRAKSGARKSPKKK,grampa
length_out_of_range,MEKKSFAGLCFLFLVLFVAQECVLQTEAKTCENLADTFRGPCFATGNCDDHCKNKEHLLRGRCRDDFRCWCTRNC,grampa
length_out_of_range,MEKKSFAGLCFLFLVLFVAQECVLQTEAKTCENLADTFRGPCFATGNCDDHCKNKEHLLRGRCRDDFRCWCTRNC,grampa
length_out_of_range,MEKKSFAGLCFLFLVLFVAQECVLQTEAKTCENLADTFRGPCFATGNCDDHCKNKEHLLRGRCRDDFRCWCTRNC,grampa
length_out_of_range,MEKKSFAGLCFLFLVLFVAQECVLQTEAKTCENLADTFRGPCFATGNCDDHCKNKEHLLRGRCRDDFRCWCTRNC,grampa
length_out_of_range,MEKKSFAGLCFLFLVLFVAQECVLQTEAKTCENLADTFRGPCFATGNCDDHCKNKEHLLRGRCRDDFRCWCTRNC,grampa
length_out_of_range,MEKKSFAGLCFLFLVLFVAQECVLQTEAKTCENLADTFRGPCFATGNCDDHCKNKEHLLRGRCRDDFRCWCTRNC,grampa
length_out_of_range,MEKKSFAGLCFLFLVLFVAQECVLQTEAKTCENLADTFRGPCFATGNCDDHCKNKEHLLRGRCRDDFRCWCTRNC,grampa
length_out_of_range,MEKKSFAGLCFLFLVLFVAQECVLQTEAKTCENLADTFRGPCFATGNCDDHCKNKEHLLRGRCRDDFRCWCTRNC,grampa
length_out_of_range,MGLPVTGVEELVELVSSDDPVADHQELPVELGERLFNIRKKRAPAKCTPYCYPTRDGVFCGVRCDFQHHHHHH,grampa
length_out_of_range,MGLPVTGVEELVELVSSDDPVADHQELPVELGERLFNIRKKRAPAKCTPYCYPTRDGVFCGVRCDFQHHHHHH,grampa
length_out_of_range,MGLPVTGVEELVELVSSDDPVADHQELPVELGERLFNIRKKRAPAKCTPYCYPTRDGVFCGVRCDFQHHHHHH,grampa
length_out_of_range,MGLPVTGVEELVELVSSDDPVADHQELPVELGERLFNIRKKRAPAKCTPYCYPTRDGVFCGVRCDFQHHHHHH,grampa
length_out_of_range,MGLPVTGVEELVELVSSDDPVADHQELPVELGERLFNIRKKRAPAKCTPYCYPTRDGVFCGVRCDFQHHHHHH,grampa
length_out_of_range,MGLPVTGVEELVELVSSDDPVADHQELPVELGERLFNIRKKRAPAKCTPYCYPTRDGVFCGVRCDFQHHHHHH,grampa
length_out_of_range,MGLPVTGVEELVELVSSDDPVADHQELPVELGERLFNIRKKRAPAKCTPYCYPTRDGVFCGVRCDFQHHHHHH,grampa
length_out_of_range,MGLPVTGVEELVELVSSDDPVADHQELPVELGERLFNIRKKRAPAKCTPYCYPTRDGVFCGVRCDFQHHHHHH,grampa
length_out_of_range,MGLPVTGVEELVELVSSDDPVADHQELPVELGERLFNIRKKRAPAKCTPYCYPTRDGVFCGVRCDFQHHHHHH,grampa
length_out_of_range,MGLPVTGVEELVELVSSDDPVADHQELPVELGERLFNIRKKRAPAKCTPYCYPTRDGVFCGVRCDFQHHHHHH,grampa
length_out_of_range,MGLPVTGVEELVELVSSDDPVADHQELPVELGERLFNIRKKRAPAKCTPYCYPTRDGVFCGVRCDFQHHHHHH,grampa
length_out_of_range,MGLPVTGVEELVELVSSDDPVADHQELPVELGERLFNIRKKRAPAKCTPYCYPTRDGVFCGVRCDFQHHHHHH,grampa
length_out_of_range,MGLPVTGVEELVELVSSDDPVADHQELPVELGERLFNIRKKRAPAKCTPYCYPTRDGVFCGVRCDFQHHHHHH,grampa
length_out_of_range,MGLPVTGVEELVELVSSDDPVADHQELPVELGERLFNIRKKRAPAKCTPYCYPTRDGVFCGVRCDFQHHHHHH,grampa
length_out_of_range,MGLPVTGVEELVELVSSDDPVADHQELPVELGERLFNIRKKRAPAKCTPYCYPTRDGVFCGVRCDFQHHHHHH,grampa
length_out_of_range,MGLPVTGVEELVELVSSDDPVADHQELPVELGERLFNIRKKRAPAKCTPYCYPTRDGVFCGVRCDFQHHHHHH,grampa
length_out_of_range,MGLPVTGVEELVELVSSDDPVADHQELPVELGERLFNIRKKRAPAKCTPYCYPTRDGVFCGVRCDFQHHHHHH,grampa
length_out_of_range,MGLPVTGVEELVELVSSDDPVADHQELPVELGERLFNIRKKRAPAKCTPYCYPTRDGVFCGVRCDFQHHHHHH,grampa
length_out_of_range,MGLPVTGVEELVELVSSDDPVADHQELPVELGERLFNIRKKRAPAKCTPYCYPTRDGVFCGVRCDFQHHHHHH,grampa
length_out_of_range,MGLPVTGVEELVELVSSDDPVADHQELPVELGERLFNIRKKRAPAKCTPYCYPTRDGVFCGVRCDFQHHHHHH,grampa
length_out_of_range,ECIPTKHDCTNDRKNCCPGHECKCYNTQIGGSKKEQCGCKKSLLAKAKNFGGKVITIFKA,grampa
length_out_of_range,ECIPTKHDCTNDRKNCCPGHECKCYNTQIGGSKKEQCGCKKSLLAKAKNFGGKVITIFKA,grampa
length_out_of_range,ECIPTKHDCTNDRKNCCPGHECKCYNTQIGGSKKEQCGCKKSLLAKAKNFGGKVITIFKA,grampa
length_out_of_range,ECIPTKHDCTNDRKNCCPGHECKCYNTQIGGSKKEQCGCKKSLLAKAKNFGGKVITIFKA,grampa
length_out_of_range,LILIKRK,grampa
length_out_of_range,LILIKRK,grampa
length_out_of_range,LILIKRK,grampa
length_out_of_range,YSLQM,grampa
length_out_of_range,YSLQM,grampa
length_out_of_range,LPRDTSRCVGYHGYCIRSKVCPKPFAAFGTCSWRQKTCCVDTTSDFHTCQDKGGHCVSPKIRCLEEQLGLCPLKRWTCCKEI,grampa
length_out_of_range,LPRDTSRCVGYHGYCIRSKVCPKPFAAFGTCSWRQKTCCVDTTSDFHTCQDKGGHCVSPKIRCLEEQLGLCPLKRWTCCKEI,grampa
length_out_of_range,LPRDTSRCVGYHGYCIRSKVCPKPFAAFGTCSWRQKTCCVDTTSDFHTCQDKGGHCVSPKIRCLEEQLGLCPLKRWTCCKEI,grampa
length_out_of_range,LPRDTSRCVGYHGYCIRSKVCPKPFAAFGTCSWRQKTCCVDTTSDFHTCQDKGGHCVSPKIRCLEEQLGLCPLKRWTCCKEI,grampa
length_out_of_range,LPRDTSRCVGYHGYCIRSKVCPKPFAAFGTCSWRQKTCCVDTTSDFHTCQDKGGHCVSPKIRCLEEQLGLCPLKRWTCCKEI,grampa
length_out_of_range,LPRDTSRCVGYHGYCIRSKVCPKPFAAFGTCSWRQKTCCVDTTSDFHTCQDKGGHCVSPKIRCLEEQLGLCPLKRWTCCKEI,grampa
length_out_of_range,TSKYR,grampa
length_out_of_range,TSKYR,grampa
length_out_of_range,TSKYR,grampa
length_out_of_range,TSKYR,grampa
length_out_of_range,TSKYR,grampa
length_out_of_range,TSKYR,grampa
length_out_of_range,EAEEDGDLQCLCVKTTSQVRPRHITSLEVIKAGPHCPTAQLIATLKNGRKICLDLQAPLYKKIIKKLLES,grampa
length_out_of_range,RRRKWWK,grampa
length_out_of_range,KRKKRK,grampa
length_out_of_range,KRKKRK,grampa
length_out_of_range,KRKKRK,grampa
length_out_of_range,EPFSSVAATCQTPKIACKNGDKNCHQSHGAVSLTMCKLTSGKYPNCRYKEKR,grampa
length_out_of_range,EPFSSVAATCQTPKIACKNGDKNCHQSHGAVSLTMCKLTSGKYPNCRYKEKR,grampa
length_out_of_range,EPFSSVAATCQTPKIACKNGDKNCHQSHGAVSLTMCKLTSGKYPNCRYKEKR,grampa
length_out_of_range,MVFAYAPTCARCKSIGARYCGYGYLNRKGVSCDGQTTINSCEDCKRKFGRCSDGFITECFF,grampa
length_out_of_range,MVFAYAPTCARCKSIGARYCGYGYLNRKGVSCDGQTTINSCEDCKRKFGRCSDGFITECFF,grampa
length_out_of_range,CKYKWR,grampa
length_out_of_range,CKYKWR,grampa
length_out_of_range,CKYKWR,grampa
length_out_of_range,CKYKWR,grampa
length_out_of_range,VTCDLLSFKGQVNDSACAANCLSLGKAGGHCEKGVCICRKTSFKDLWDKRF,grampa
length_out_of_range,VTCDLLSFKGQVNDSACAANCLSLGKAGGHCEKGVCICRKTSFKDLWDKRF,grampa
length_out_of_range,VTCDLLSFKGQVNDSACAANCLSLGKAGGHCEKGVCICRKTSFKDLWDKRF,grampa
length_out_of_range,VTCDLLSFKGQVNDSACAANCLSLGKAGGHCEKGVCICRKTSFKDLWDKRF,grampa
length_out_of_range,IQRTPKIQVYSRHPAENGKSNFLNCYVSGFHPSDIEVDLLKNGERIEKVEHSDLSFSKDWSFYLLYYTEFTPTEKDEYACRVNHVTLSQPKIVKWDRDM,grampa
length_out_of_range,IQRTPKIQVYSRHPAENGKSNFLNCYVSGFHPSDIEVDLLKNGERIEKVEHSDLSFSKDWSFYLLYYTEFTPTEKDEYACRVNHVTLSQPKIVKWDRDM,grampa
length_out_of_range,IQRTPKIQVYSRHPAENGKSNFLNCYVSGFHPSDIEVDLLKNGERIEKVEHSDLSFSKDWSFYLLYYTEFTPTEKDEYACRVNHVTLSQPKIVKWDRDM,grampa
length_out_of_range,IQRTPKIQVYSRHPAENGKSNFLNCYVSGFHPSDIEVDLLKNGERIEKVEHSDLSFSKDWSFYLLYYTEFTPTEKDEYACRVNHVTLSQPKIVKWDRDM,grampa
length_out_of_range,IQRTPKIQVYSRHPAENGKSNFLNCYVSGFHPSDIEVDLLKNGERIEKVEHSDLSFSKDWSFYLLYYTEFTPTEKDEYACRVNHVTLSQPKIVKWDRDM,grampa
length_out_of_range,IQRTPKIQVYSRHPAENGKSNFLNCYVSGFHPSDIEVDLLKNGERIEKVEHSDLSFSKDWSFYLLYYTEFTPTEKDEYACRVNHVTLSQPKIVKWDRDM,grampa
length_out_of_range,IQRTPKIQVYSRHPAENGKSNFLNCYVSGFHPSDIEVDLLKNGERIEKVEHSDLSFSKDWSFYLLYYTEFTPTEKDEYACRVNHVTLSQPKIVKWDRDM,grampa
length_out_of_range,IQRTPKIQVYSRHPAENGKSNFLNCYVSGFHPSDIEVDLLKNGERIEKVEHSDLSFSKDWSFYLLYYTEFTPTEKDEYACRVNHVTLSQPKIVKWDRDM,grampa
length_out_of_range,IQRTPKIQVYSRHPAENGKSNFLNCYVSGFHPSDIEVDLLKNGERIEKVEHSDLSFSKDWSFYLLYYTEFTPTEKDEYACRVNHVTLSQPKIVKWDRDM,grampa
length_out_of_range,IQRTPKIQVYSRHPAENGKSNFLNCYVSGFHPSDIEVDLLKNGERIEKVEHSDLSFSKDWSFYLLYYTEFTPTEKDEYACRVNHVTLSQPKIVKWDRDM,grampa
length_out_of_range,QYEALVTSILGKLTGLWHNDSVDFMGHICYFRRRPKIRRFKLYHEGKFWCPGWAPFEGRSRTKSRSGSSREATKDFVRKALQNGLVTQQDASLWLNN,grampa
length_out_of_range,QYEALVTSILGKLTGLWHNDSVDFMGHICYFRRRPKIRRFKLYHEGKFWCPGWAPFEGRSRTKSRSGSSREATKDFVRKALQNGLVTQQDASLWLNN,grampa
length_out_of_range,QYEALVTSILGKLTGLWHNDSVDFMGHICYFRRRPKIRRFKLYHEGKFWCPGWAPFEGRSRTKSRSGSSREATKDFVRKALQNGLVTQQDASLWLNN,grampa
length_out_of_range,QYEALVTSILGKLTGLWHNDSVDFMGHICYFRRRPKIRRFKLYHEGKFWCPGWAPFEGRSRTKSRSGSSREATKDFVRKALQNGLVTQQDASLWLNN,grampa
length_out_of_range,QYEALVTSILGKLTGLWHNDSVDFMGHICYFRRRPKIRRFKLYHEGKFWCPGWAPFEGRSRTKSRSGSSREATKDFVRKALQNGLVTQQDASLWLNN,grampa
length_out_of_range,KRKILIL,grampa
length_out_of_range,KRKILIL,grampa
length_out_of_range,KRKILIL,grampa
length_out_of_range,ATYNGKCYKKDNICKYKAQSGKTAICKCYVKKCPRDGAKCEFDSYKGKCYC,grampa
length_out_of_range,ATYNGKCYKKDNICKYKAQSGKTAICKCYVKKCPRDGAKCEFDSYKGKCYC,grampa
length_out_of_range,ATYNGKCYKKDNICKYKAQSGKTAICKCYVKKCPRDGAKCEFDSYKGKCYC,grampa
length_out_of_range,ATYNGKCYKKDNICKYKAQSGKTAICKCYVKKCPRDGAKCEFDSYKGKCYC,grampa
length_out_of_range,ATYNGKCYKKDNICKYKAQSGKTAICKCYVKKCPRDGAKCEFDSYKGKCYC,grampa
length_out_of_range,ATYNGKCYKKDNICKYKAQSGKTAICKCYVKKCPRDGAKCEFDSYKGKCYC,grampa
length_out_of_range,ATYNGKCYKKDNICKYKAQSGKTAICKCYVKKCPRDGAKCEFDSYKGKCYC,grampa
length_out_of_range,ATYNGKCYKKDNICKYKAQSGKTAICKCYVKKCPRDGAKCEFDSYKGKCYC,grampa
length_out_of_range,ATYNGKCYKKDNICKYKAQSGKTAICKCYVKKCPRDGAKCEFDSYKGKCYC,grampa
length_out_of_range,ATYNGKCYKKDNICKYKAQSGKTAICKCYVKKCPRDGAKCEFDSYKGKCYC,grampa
length_out_of_range,ATYNGKCYKKDNICKYKAQSGKTAICKCYVKKCPRDGAKCEFDSYKGKCYC,grampa
length_out_of_range,ATYNGKCYKKDNICKYKAQSGKTAICKCYVKKCPRDGAKCEFDSYKGKCYC,grampa
length_out_of_range,ATYNGKCYKKDNICKYKAQSGKTAICKCYVKKCPRDGAKCEFDSYKGKCYC,grampa
length_out_of_range,ATYNGKCYKKDNICKYKAQSGKTAICKCYVKKCPRDGAKCEFDSYKGKCYC,grampa
length_out_of_range,ATYNGKCYKKDNICKYKAQSGKTAICKCYVKKCPRDGAKCEFDSYKGKCYC,grampa
length_out_of_range,ATYNGKCYKKDNICKYKAQSGKTAICKCYVKKCPRDGAKCEFDSYKGKCYC,grampa
length_out_of_range,ATYNGKCYKKDNICKYKAQSGKTAICKCYVKKCPRDGAKCEFDSYKGKCYC,grampa
length_out_of_range,ATYNGKCYKKDNICKYKAQSGKTAICKCYVKKCPRDGAKCEFDSYKGKCYC,grampa
length_out_of_range,ATYNGKCYKKDNICKYKAQSGKTAICKCYVKKCPRDGAKCEFDSYKGKCYC,grampa
length_out_of_range,ATYNGKCYKKDNICKYKAQSGKTAICKCYVKKCPRDGAKCEFDSYKGKCYC,grampa
length_out_of_range,SSFSPPRGPPGWGPPCVQQPCPKCPYDDYKCPTCDKFPECEECPHISIGCECGYFSCECPKPVCEPCESPIAELIKKGGYKG,grampa
length_out_of_range,SSFSPPRGPPGWGPPCVQQPCPKCPYDDYKCPTCDKFPECEECPHISIGCECGYFSCECPKPVCEPCESPIAELIKKGGYKG,grampa
length_out_of_range,SSFSPPRGPPGWGPPCVQQPCPKCPYDDYKCPTCDKFPECEECPHISIGCECGYFSCECPKPVCEPCESPIAELIKKGGYKG,grampa
length_out_of_range,SSFSPPRGPPGWGPPCVQQPCPKCPYDDYKCPTCDKFPECEECPHISIGCECGYFSCECPKPVCEPCESPIAELIKKGGYKG,grampa
length_out_of_range,SSFSPPRGPPGWGPPCVQQPCPKCPYDDYKCPTCDKFPECEECPHISIGCECGYFSCECPKPVCEPCESPIAELIKKGGYKG,grampa
length_out_of_range,SSFSPPRGPPGWGPPCVQQPCPKCPYDDYKCPTCDKFPECEECPHISIGCECGYFSCECPKPVCEPCESPIAELIKKGGYKG,grampa
length_out_of_range,SSFSPPRGPPGWGPPCVQQPCPKCPYDDYKCPTCDKFPECEECPHISIGCECGYFSCECPKPVCEPCESPIAELIKKGGYKG,grampa
length_out_of_range,SSFSPPRGPPGWGPPCVQQPCPKCPYDDYKCPTCDKFPECEECPHISIGCECGYFSCECPKPVCEPCESPIAELIKKGGYKG,grampa
length_out_of_range,SSFSPPRGPPGWGPPCVQQPCPKCPYDDYKCPTCDKFPECEECPHISIGCECGYFSCECPKPVCEPCESPIAELIKKGGYKG,grampa
length_out_of_range,SSFSPPRGPPGWGPPCVQQPCPKCPYDDYKCPTCDKFPECEECPHISIGCECGYFSCECPKPVCEPCESPIAELIKKGGYKG,grampa
length_out_of_range,SSFSPPRGPPGWGPPCVQQPCPKCPYDDYKCPTCDKFPECEECPHISIGCECGYFSCECPKPVCEPCESPIAELIKKGGYKG,grampa
length_out_of_range,SSFSPPRGPPGWGPPCVQQPCPKCPYDDYKCPTCDKFPECEECPHISIGCECGYFSCECPKPVCEPCESPIAELIKKGGYKG,grampa
length_out_of_range,SSFSPPRGPPGWGPPCVQQPCPKCPYDDYKCPTCDKFPECEECPHISIGCECGYFSCECPKPVCEPCESPIAELIKKGGYKG,grampa
length_out_of_range,SSFSPPRGPPGWGPPCVQQPCPKCPYDDYKCPTCDKFPECEECPHISIGCECGYFSCECPKPVCEPCESPIAELIKKGGYKG,grampa
length_out_of_range,SSFSPPRGPPGWGPPCVQQPCPKCPYDDYKCPTCDKFPECEECPHISIGCECGYFSCECPKPVCEPCESPIAELIKKGGYKG,grampa
length_out_of_range,SSFSPPRGPPGWGPPCVQQPCPKCPYDDYKCPTCDKFPECEECPHISIGCECGYFSCECPKPVCEPCESPIAELIKKGGYKG,grampa
length_out_of_range,SSFSPPRGPPGWGPPCVQQPCPKCPYDDYKCPTCDKFPECEECPHISIGCECGYFSCECPKPVCEPCESPIAELIKKGGYKG,grampa
length_out_of_range,HHLFGKVGREIERSAHKVGHKLEHVRHEVSKTAKKVDKVVGHIKTAKKVVAAAGAIAGVVAAA,grampa
length_out_of_range,HHLFGKVGREIERSAHKVGHKLEHVRHEVSKTAKKVDKVVGHIKTAKKVVAAAGAIAGVVAAA,grampa
length_out_of_range,EVGGGGGSQQCPQERPKLSSCKDYVMERCFTMKDFPVTWPTKWWKGGCEHEVREKCCKQLSQIAPQCRCDSIRRVIQGRLGGFLGIWRGEVFKQLQRAQSLPSKCNMGADCKFPSGYYW,grampa
length_out_of_range,EVGGGGGSQQCPQERPKLSSCKDYVMERCFTMKDFPVTWPTKWWKGGCEHEVREKCCKQLSQIAPQCRCDSIRRVIQGRLGGFLGIWRGEVFKQLQRAQSLPSKCNMGADCKFPSGYYW,grampa
length_out_of_range,EVGGGGGSQQCPQERPKLSSCKDYVMERCFTMKDFPVTWPTKWWKGGCEHEVREKCCKQLSQIAPQCRCDSIRRVIQGRLGGFLGIWRGEVFKQLQRAQSLPSKCNMGADCKFPSGYYW,grampa
length_out_of_range,EVGGGGGSQQCPQERPKLSSCKDYVMERCFTMKDFPVTWPTKWWKGGCEHEVREKCCKQLSQIAPQCRCDSIRRVIQGRLGGFLGIWRGEVFKQLQRAQSLPSKCNMGADCKFPSGYYW,grampa
length_out_of_range,EVGGGGGSQQCPQERPKLSSCKDYVMERCFTMKDFPVTWPTKWWKGGCEHEVREKCCKQLSQIAPQCRCDSIRRVIQGRLGGFLGIWRGEVFKQLQRAQSLPSKCNMGADCKFPSGYYW,grampa
length_out_of_range,EVGGGGGSQQCPQERPKLSSCKDYVMERCFTMKDFPVTWPTKWWKGGCEHEVREKCCKQLSQIAPQCRCDSIRRVIQGRLGGFLGIWRGEVFKQLQRAQSLPSKCNMGADCKFPSGYYW,grampa
length_out_of_range,MAKEFGIPAAVAGTVLNVVEAGGAVTTIVSILTAVGSGGLSLLAAAGRESIKAYLKKEIKKKGKRAVIAW,grampa
length_out_of_range,MAKEFGIPAAVAGTVLNVVEAGGAVTTIVSILTAVGSGGLSLLAAAGRESIKAYLKKEIKKKGKRAVIAW,grampa
length_out_of_range,MAKEFGIPAAVAGTVLNVVEAGGAVTTIVSILTAVGSGGLSLLAAAGRESIKAYLKKEIKKKGKRAVIAW,grampa
length_out_of_range,MAKEFGIPAAVAGTVLNVVEAGGAVTTIVSILTAVGSGGLSLLAAAGRESIKAYLKKEIKKKGKRAVIAW,grampa
length_out_of_range,MAKEFGIPAAVAGTVLNVVEAGGAVTTIVSILTAVGSGGLSLLAAAGRESIKAYLKKEIKKKGKRAVIAW,grampa
length_out_of_range,MAKEFGIPAAVAGTVLNVVEAGGAVTTIVSILTAVGSGGLSLLAAAGRESIKAYLKKEIKKKGKRAVIAW,grampa
length_out_of_range,MAKEFGIPAAVAGTVLNVVEAGGAVTTIVSILTAVGSGGLSLLAAAGRESIKAYLKKEIKKKGKRAVIAW,grampa
length_out_of_range,FLSFPTTKTYFPHFDLSHGSAQVKGHGAKVAAALTKAVEHLDDLPGALSELSDLHAHKLRVDPVN,grampa
length_out_of_range,FLSFPTTKTYFPHFDLSHGSAQVKGHGAKVAAALTKAVEHLDDLPGALSELSDLHAHKLRVDPVN,grampa
length_out_of_range,FLSFPTTKTYFPHFDLSHGSAQVKGHGAKVAAALTKAVEHLDDLPGALSELSDLHAHKLRVDPVN,grampa
length_out_of_range,FLSFPTTKTYFPHFDLSHGSAQVKGHGAKVAAALTKAVEHLDDLPGALSELSDLHAHKLRVDPVN,grampa
length_out_of_range,GEILCNLCTGLINTLENLLTTKGADKVKDYISSLCNKASGFIATLCTKVLDFGIDKLIQLIEDKVDANAICAKIHAC,grampa
length_out_of_range,GEILCNLCTGLINTLENLLTTKGADKVKDYISSLCNKASGFIATLCTKVLDFGIDKLIQLIEDKVDANAICAKIHAC,grampa
length_out_of_range,GEILCNLCTGLINTLENLLTTKGADKVKDYISSLCNKASGFIATLCTKVLDFGIDKLIQLIEDKVDANAICAKIHAC,grampa
length_out_of_range,GEILCNLCTGLINTLENLLTTKGADKVKDYISSLCNKASGFIATLCTKVLDFGIDKLIQLIEDKVDANAICAKIHAC,grampa
length_out_of_range,GEILCNLCTGLINTLENLLTTKGADKVKDYISSLCNKASGFIATLCTKVLDFGIDKLIQLIEDKVDANAICAKIHAC,grampa
length_out_of_range,GEILCNLCTGLINTLENLLTTKGADKVKDYISSLCNKASGFIATLCTKVLDFGIDKLIQLIEDKVDANAICAKIHAC,grampa
length_out_of_range,KPKGMTSSQWFKIQHMQPSPQACNSAMKNINKHTKRCKDLNTFLHEPFSSVAATCQTPKIACKNGDKNCHQ,grampa
length_out_of_range,KPKGMTSSQWFKIQHMQPSPQACNSAMKNINKHTKRCKDLNTFLHEPFSSVAATCQTPKIACKNGDKNCHQ,grampa
length_out_of_range,KPKGMTSSQWFKIQHMQPSPQACNSAMKNINKHTKRCKDLNTFLHEPFSSVAATCQTPKIACKNGDKNCHQ,grampa
length_out_of_range,DEDLDE,grampa
length_out_of_range,DEDLDE,grampa
length_out_of_range,DEDLDE,grampa
length_out_of_range,DEDLDE,grampa
length_out_of_range,DEDLDE,grampa
length_out_of_range,DEDLDE,grampa
length_out_of_range,DEDLDE,grampa
length_out_of_range,DEDLDE,grampa
length_out_of_range,DEDLDE,grampa
length_out_of_range,SKVWRHW,grampa
length_out_of_range,SKVWRHW,grampa
length_out_of_range,SKVWRHW,grampa
length_out_of_range,SKVWRHW,grampa
length_out_of_range,SKVWRHW,grampa
length_out_of_range,SKVWRHW,grampa
length_out_of_range,SKVWRHW,grampa
length_out_of_range,KAVAAKKSPKKAKKPATPKKAAKSPKKVKKPAAAAKKAAKSPKKATKAAKPKAAKPKAAKAKKAAPKKK,grampa
length_out_of_range,KAVAAKKSPKKAKKPATPKKAAKSPKKVKKPAAAAKKAAKSPKKATKAAKPKAAKPKAAKAKKAAPKKK,grampa
length_out_of_range,KAVAAKKSPKKAKKPATPKKAAKSPKKVKKPAAAAKKAAKSPKKATKAAKPKAAKPKAAKAKKAAPKKK,grampa
length_out_of_range,KAVAAKKSPKKAKKPATPKKAAKSPKKVKKPAAAAKKAAKSPKKATKAAKPKAAKPKAAKAKKAAPKKK,grampa
length_out_of_range,HTPTPTPICKSRSHEYKGRCIQDMDCNAACVKESESYTGGFCNGRPPFKQCFCTKPCKRERAAATLRWPGL,grampa
length_out_of_range,HTPTPTPICKSRSHEYKGRCIQDMDCNAACVKESESYTGGFCNGRPPFKQCFCTKPCKRERAAATLRWPGL,grampa
length_out_of_range,HTPTPTPICKSRSHEYKGRCIQDMDCNAACVKESESYTGGFCNGRPPFKQCFCTKPCKRERAAATLRWPGL,grampa
length_out_of_range,VDDDDK,grampa
length_out_of_range,VDDDDK,grampa
length_out_of_range,VDDDDK,grampa
length_out_of_range,VDDDDK,grampa
length_out_of_range,VDDDDK,grampa
length_out_of_range,VDDDDK,grampa
length_out_of_range,VDDDDK,grampa
length_out_of_range,VDDDDK,grampa
length_out_of_range,VLNNLLR,grampa
length_out_of_range,VLNNLLR,grampa
length_out_of_range,VLNNLLR,grampa
length_out_of_range,VLNNLLR,grampa
length_out_of_range,VLNNLLR,grampa
length_out_of_range,VLNNLLR,grampa
length_out_of_range,VLNNLLR,grampa
length_out_of_range,VLNNLLR,grampa
length_out_of_range,VLNNLLR,grampa
length_out_of_range,VLNNLLR,grampa
length_out_of_range,VLNNLLR,grampa
length_out_of_range,VLNNLLR,grampa
length_out_of_range,KRKIKRK,grampa
length_out_of_range,KRKIKRK,grampa
length_out_of_range,KRKIKRK,grampa
length_out_of_range,FSRYARMRDSRPWSDRKNNYSGPQFTYPPEKAPPEKLIKWNNEGSPIFEMPAEGGHIEP,grampa
length_out_of_range,FSRYARMRDSRPWSDRKNNYSGPQFTYPPEKAPPEKLIKWNNEGSPIFEMPAEGGHIEP,grampa
length_out_of_range,FSRYARMRDSRPWSDRKNNYSGPQFTYPPEKAPPEKLIKWNNEGSPIFEMPAEGGHIEP,grampa
length_out_of_range,FSRYARMRDSRPWSDRKNNYSGPQFTYPPEKAPPEKLIKWNNEGSPIFEMPAEGGHIEP,grampa
length_out_of_range,GLFDVIK,grampa
length_out_of_range,GLFDVIK,grampa
length_out_of_range,GLFDVIK,grampa
length_out_of_range,GLFDVIK,grampa
length_out_of_range,GLFDVIK,grampa
length_out_of_range,EEEEWWW,grampa
length_out_of_range,EEEEWWW,grampa
length_out_of_range,NPLIPAIYIGATVGPSVWAYLVALVGAAAVTAANIRRASSDNHSCAGNRGWCRSKCFRHEYVDTYYSAVCGRYFCCRSR,grampa
length_out_of_range,NPLIPAIYIGATVGPSVWAYLVALVGAAAVTAANIRRASSDNHSCAGNRGWCRSKCFRHEYVDTYYSAVCGRYFCCRSR,grampa
length_out_of_range,NPLIPAIYIGATVGPSVWAYLVALVGAAAVTAANIRRASSDNHSCAGNRGWCRSKCFRHEYVDTYYSAVCGRYFCCRSR,grampa
length_out_of_range,NPLIPAIYIGATVGPSVWAYLVALVGAAAVTAANIRRASSDNHSCAGNRGWCRSKCFRHEYVDTYYSAVCGRYFCCRSR,grampa
length_out_of_range,NPLIPAIYIGATVGPSVWAYLVALVGAAAVTAANIRRASSDNHSCAGNRGWCRSKCFRHEYVDTYYSAVCGRYFCCRSR,grampa
length_out_of_range,NPLIPAIYIGATVGPSVWAYLVALVGAAAVTAANIRRASSDNHSCAGNRGWCRSKCFRHEYVDTYYSAVCGRYFCCRSR,grampa
length_out_of_range,NPLIPAIYIGATVGPSVWAYLVALVGAAAVTAANIRRASSDNHSCAGNRGWCRSKCFRHEYVDTYYSAVCGRYFCCRSR,grampa
length_out_of_range,NPLIPAIYIGATVGPSVWAYLVALVGAAAVTAANIRRASSDNHSCAGNRGWCRSKCFRHEYVDTYYSAVCGRYFCCRSR,grampa
length_out_of_range,GQALNKLMPKIVSAIIYMVGQPNAGVTFLGHQCLVESTRQPDGFYTAKMSCASWTHDNPIVGEGRSRVELEALKGSITNFVQTASNYKKFTIDEVEDWIASY,grampa
length_out_of_range,GQALNKLMPKIVSAIIYMVGQPNAGVTFLGHQCLVESTRQPDGFYTAKMSCASWTHDNPIVGEGRSRVELEALKGSITNFVQTASNYKKFTIDEVEDWIASY,grampa
length_out_of_range,GQALNKLMPKIVSAIIYMVGQPNAGVTFLGHQCLVESTRQPDGFYTAKMSCASWTHDNPIVGEGRSRVELEALKGSITNFVQTASNYKKFTIDEVEDWIASY,grampa
length_out_of_range,GQALNKLMPKIVSAIIYMVGQPNAGVTFLGHQCLVESTRQPDGFYTAKMSCASWTHDNPIVGEGRSRVELEALKGSITNFVQTASNYKKFTIDEVEDWIASY,grampa
length_out_of_range,GQALNKLMPKIVSAIIYMVGQPNAGVTFLGHQCLVESTRQPDGFYTAKMSCASWTHDNPIVGEGRSRVELEALKGSITNFVQTASNYKKFTIDEVEDWIASY,grampa
length_out_of_range,GQALNKLMPKIVSAIIYMVGQPNAGVTFLGHQCLVESTRQPDGFYTAKMSCASWTHDNPIVGEGRSRVELEALKGSITNFVQTASNYKKFTIDEVEDWIASY,grampa
length_out_of_range,GQALNKLMPKIVSAIIYMVGQPNAGVTFLGHQCLVESTRQPDGFYTAKMSCASWTHDNPIVGEGRSRVELEALKGSITNFVQTASNYKKFTIDEVEDWIASY,grampa
length_out_of_range,GQALNKLMPKIVSAIIYMVGQPNAGVTFLGHQCLVESTRQPDGFYTAKMSCASWTHDNPIVGEGRSRVELEALKGSITNFVQTASNYKKFTIDEVEDWIASY,grampa
length_out_of_range,GQALNKLMPKIVSAIIYMVGQPNAGVTFLGHQCLVESTRQPDGFYTAKMSCASWTHDNPIVGEGRSRVELEALKGSITNFVQTASNYKKFTIDEVEDWIASY,grampa
length_out_of_range,GQALNKLMPKIVSAIIYMVGQPNAGVTFLGHQCLVESTRQPDGFYTAKMSCASWTHDNPIVGEGRSRVELEALKGSITNFVQTASNYKKFTIDEVEDWIASY,grampa
length_out_of_range,GQALNKLMPKIVSAIIYMVGQPNAGVTFLGHQCLVESTRQPDGFYTAKMSCASWTHDNPIVGEGRSRVELEALKGSITNFVQTASNYKKFTIDEVEDWIASY,grampa
length_out_of_range,GQALNKLMPKIVSAIIYMVGQPNAGVTFLGHQCLVESTRQPDGFYTAKMSCASWTHDNPIVGEGRSRVELEALKGSITNFVQTASNYKKFTIDEVEDWIASY,grampa
length_out_of_range,GQALNKLMPKIVSAIIYMVGQPNAGVTFLGHQCLVESTRQPDGFYTAKMSCASWTHDNPIVGEGRSRVELEALKGSITNFVQTASNYKKFTIDEVEDWIASY,grampa
length_out_of_range,GQALNKLMPKIVSAIIYMVGQPNAGVTFLGHQCLVESTRQPDGFYTAKMSCASWTHDNPIVGEGRSRVELEALKGSITNFVQTASNYKKFTIDEVEDWIASY,grampa
length_out_of_range,LIKRK,grampa
length_out_of_range,LIKRK,grampa
length_out_of_range,LIKRK,grampa
length_out_of_range,RRWKRRK,grampa
length_out_of_range,GSPE,grampa
length_out_of_range,KFKQ,grampa
length_out_of_range,KFKQ,grampa
length_out_of_range,RSQPGPTCPSSVQAILCDNRCGRSACSYYIERCACCAKCNRIPYYGASNHP,grampa
length_out_of_range,RSQPGPTCPSSVQAILCDNRCGRSACSYYIERCACCAKCNRIPYYGASNHP,grampa
length_out_of_range,RSQPGPTCPSSVQAILCDNRCGRSACSYYIERCACCAKCNRIPYYGASNHP,grampa
length_out_of_range,RSQPGPTCPSSVQAILCDNRCGRSACSYYIERCACCAKCNRIPYYGASNHP,grampa
length_out_of_range,RSQPGPTCPSSVQAILCDNRCGRSACSYYIERCACCAKCNRIPYYGASNHP,grampa
length_out_of_range,RSQPGPTCPSSVQAILCDNRCGRSACSYYIERCACCAKCNRIPYYGASNHP,grampa
length_out_of_range,RSQPGPTCPSSVQAILCDNRCGRSACSYYIERCACCAKCNRIPYYGASNHP,grampa
length_out_of_range,RSQPGPTCPSSVQAILCDNRCGRSACSYYIERCACCAKCNRIPYYGASNHP,grampa
length_out_of_range,RSQPGPTCPSSVQAILCDNRCGRSACSYYIERCACCAKCNRIPYYGASNHP,grampa
length_out_of_range,RSQPGPTCPSSVQAILCDNRCGRSACSYYIERCACCAKCNRIPYYGASNHP,grampa
length_out_of_range,RSQPGPTCPSSVQAILCDNRCGRSACSYYIERCACCAKCNRIPYYGASNHP,grampa
length_out_of_range,ENDHRMPNELNRPNNLSKGGAKCGAAIAGGLFGIPKGPLAWAAGLANVYSKCN,grampa
length_out_of_range,ENDHRMPNELNRPNNLSKGGAKCGAAIAGGLFGIPKGPLAWAAGLANVYSKCN,grampa
length_out_of_range,ENDHRMPNELNRPNNLSKGGAKCGAAIAGGLFGIPKGPLAWAAGLANVYSKCN,grampa
length_out_of_range,ENDHRMPNELNRPNNLSKGGAKCGAAIAGGLFGIPKGPLAWAAGLANVYSKCN,grampa
length_out_of_range,ENDHRMPNELNRPNNLSKGGAKCGAAIAGGLFGIPKGPLAWAAGLANVYSKCN,grampa
length_out_of_range,ENDHRMPNELNRPNNLSKGGAKCGAAIAGGLFGIPKGPLAWAAGLANVYSKCN,grampa
length_out_of_range,ENDHRMPNELNRPNNLSKGGAKCGAAIAGGLFGIPKGPLAWAAGLANVYSKCN,grampa
length_out_of_range,ENDHRMPNELNRPNNLSKGGAKCGAAIAGGLFGIPKGPLAWAAGLANVYSKCN,grampa
length_out_of_range,ENDHRMPNELNRPNNLSKGGAKCGAAIAGGLFGIPKGPLAWAAGLANVYSKCN,grampa
length_out_of_range,ENDHRMPNELNRPNNLSKGGAKCGAAIAGGLFGIPKGPLAWAAGLANVYSKCN,grampa
length_out_of_range,ENDHRMPNELNRPNNLSKGGAKCGAAIAGGLFGIPKGPLAWAAGLANVYSKCN,grampa
length_out_of_range,ENDHRMPNELNRPNNLSKGGAKCGAAIAGGLFGIPKGPLAWAAGLANVYSKCN,grampa
length_out_of_range,ENDHRMPNELNRPNNLSKGGAKCGAAIAGGLFGIPKGPLAWAAGLANVYSKCN,grampa
length_out_of_range,ENDHRMPNELNRPNNLSKGGAKCGAAIAGGLFGIPKGPLAWAAGLANVYSKCN,grampa
length_out_of_range,ENDHRMPNELNRPNNLSKGGAKCGAAIAGGLFGIPKGPLAWAAGLANVYSKCN,grampa
length_out_of_range,ENDHRMPNELNRPNNLSKGGAKCGAAIAGGLFGIPKGPLAWAAGLANVYSKCN,grampa
length_out_of_range,ENDHRMPNELNRPNNLSKGGAKCGAAIAGGLFGIPKGPLAWAAGLANVYSKCN,grampa
length_out_of_range,ENDHRMPNELNRPNNLSKGGAKCGAAIAGGLFGIPKGPLAWAAGLANVYSKCN,grampa
length_out_of_range,ENDHRMPNELNRPNNLSKGGAKCGAAIAGGLFGIPKGPLAWAAGLANVYSKCN,grampa
length_out_of_range,ENDHRMPNELNRPNNLSKGGAKCGAAIAGGLFGIPKGPLAWAAGLANVYSKCN,grampa
length_out_of_range,ENDHRMPNELNRPNNLSKGGAKCGAAIAGGLFGIPKGPLAWAAGLANVYSKCN,grampa
length_out_of_range,ENDHRMPNELNRPNNLSKGGAKCGAAIAGGLFGIPKGPLAWAAGLANVYSKCN,grampa
length_out_of_range,ENDHRMPNELNRPNNLSKGGAKCGAAIAGGLFGIPKGPLAWAAGLANVYSKCN,grampa
length_out_of_range,ENDHRMPNELNRPNNLSKGGAKCGAAIAGGLFGIPKGPLAWAAGLANVYSKCN,grampa
length_out_of_range,ENDHRMPNELNRPNNLSKGGAKCGAAIAGGLFGIPKGPLAWAAGLANVYSKCN,grampa
length_out_of_range,ENDHRMPNELNRPNNLSKGGAKCGAAIAGGLFGIPKGPLAWAAGLANVYSKCN,grampa
length_out_of_range,ENDHRMPNELNRPNNLSKGGAKCGAAIAGGLFGIPKGPLAWAAGLANVYSKCN,grampa
length_out_of_range,ENDHRMPNELNRPNNLSKGGAKCGAAIAGGLFGIPKGPLAWAAGLANVYSKCN,grampa
length_out_of_range,ILIKRK,grampa
length_out_of_range,ILIKRK,grampa
length_out_of_range,ILIKRK,grampa
length_out_of_range,GSKRWRKFEKKVKKALEDAKEKLQVSSSTIFFLFKLTFSGGIILLRKNEYRRSSNILKRLYR,grampa
length_out_of_range,GSKRWRKFEKKVKKALEDAKEKLQVSSSTIFFLFKLTFSGGIILLRKNEYRRSSNILKRLYR,grampa
length_out_of_range,GSKRWRKFEKKVKKALEDAKEKLQVSSSTIFFLFKLTFSGGIILLRKNEYRRSSNILKRLYR,grampa
length_out_of_range,GSKRWRKFEKKVKKALEDAKEKLQVSSSTIFFLFKLTFSGGIILLRKNEYRRSSNILKRLYR,grampa
length_out_of_range,GSKRWRKFEKKVKKALEDAKEKLQVSSSTIFFLFKLTFSGGIILLRKNEYRRSSNILKRLYR,grampa
length_out_of_range,GSKRWRKFEKKVKKALEDAKEKLQVSSSTIFFLFKLTFSGGIILLRKNEYRRSSNILKRLYR,grampa
length_out_of_range,GSKRWRKFEKKVKKALEDAKEKLQVSSSTIFFLFKLTFSGGIILLRKNEYRRSSNILKRLYR,grampa
length_out_of_range,GSKRWRKFEKKVKKALEDAKEKLQVSSSTIFFLFKLTFSGGIILLRKNEYRRSSNILKRLYR,grampa
length_out_of_range,GSKRWRKFEKKVKKALEDAKEKLQVSSSTIFFLFKLTFSGGIILLRKNEYRRSSNILKRLYR,grampa
length_out_of_range,GSKRWRKFEKKVKKALEDAKEKLQVSSSTIFFLFKLTFSGGIILLRKNEYRRSSNILKRLYR,grampa
length_out_of_range,GADDDDD,grampa
length_out_of_range,ICHHCI,grampa
length_out_of_range,ICHHCI,grampa
length_out_of_range,ICHHCI,grampa
length_out_of_range,ICHHCI,grampa
length_out_of_range,ICHHCI,grampa
length_out_of_range,ICHHCI,grampa
length_out_of_range,ICHHCI,grampa
length_out_of_range,ICHHCI,grampa
length_out_of_range,YLEQLLR,grampa
length_out_of_range,YLEQLLR,grampa
length_out_of_range,YLEQLLR,grampa
length_out_of_range,LFGSVKAWFKGAKKGFQDYRYQKDMAKMNKRYGPNWQQRGGQEPPADAQANDQPP,grampa
length_out_of_range,LFGSVKAWFKGAKKGFQDYRYQKDMAKMNKRYGPNWQQRGGQEPPADAQANDQPP,grampa
length_out_of_range,LFGSVKAWFKGAKKGFQDYRYQKDMAKMNKRYGPNWQQRGGQEPPADAQANDQPP,grampa
length_out_of_range,LFGSVKAWFKGAKKGFQDYRYQKDMAKMNKRYGPNWQQRGGQEPPADAQANDQPP,grampa
length_out_of_range,LFGSVKAWFKGAKKGFQDYRYQKDMAKMNKRYGPNWQQRGGQEPPADAQANDQPP,grampa
length_out_of_range,LFGSVKAWFKGAKKGFQDYRYQKDMAKMNKRYGPNWQQRGGQEPPADAQANDQPP,grampa
length_out_of_range,LFGSVKAWFKGAKKGFQDYRYQKDMAKMNKRYGPNWQQRGGQEPPADAQANDQPP,grampa
length_out_of_range,LFGSVKAWFKGAKKGFQDYRYQKDMAKMNKRYGPNWQQRGGQEPPADAQANDQPP,grampa
length_out_of_range,GPE,grampa
length_out_of_range,ACVNQCPDAIDRFIVKDKGCHGVEKKYYKQVYVACMNGQHLYCRTEWGGPCQL,grampa
length_out_of_range,ACVNQCPDAIDRFIVKDKGCHGVEKKYYKQVYVACMNGQHLYCRTEWGGPCQL,grampa
length_out_of_range,ACVNQCPDAIDRFIVKDKGCHGVEKKYYKQVYVACMNGQHLYCRTEWGGPCQL,grampa
length_out_of_range,ACVNQCPDAIDRFIVKDKGCHGVEKKYYKQVYVACMNGQHLYCRTEWGGPCQL,grampa
length_out_of_range,ACVNQCPDAIDRFIVKDKGCHGVEKKYYKQVYVACMNGQHLYCRTEWGGPCQL,grampa
length_out_of_range,KPKGMTSSQWFKIQHMQPSPQACNSAMKNINKHTKRCKDLNTFLHEPFSSVAATCQTPKIACKNGDKNCHQSHGAVSLTMCKLTSGKYPNCRYKEKR,grampa
length_out_of_range,KPKGMTSSQWFKIQHMQPSPQACNSAMKNINKHTKRCKDLNTFLHEPFSSVAATCQTPKIACKNGDKNCHQSHGAVSLTMCKLTSGKYPNCRYKEKR,grampa
length_out_of_range,KPKGMTSSQWFKIQHMQPSPQACNSAMKNINKHTKRCKDLNTFLHEPFSSVAATCQTPKIACKNGDKNCHQSHGAVSLTMCKLTSGKYPNCRYKEKR,grampa
length_out_of_range,SKYR,grampa
length_out_of_range,SKYR,grampa
length_out_of_range,SKYR,grampa
length_out_of_range,SKYR,grampa
length_out_of_range,SKYR,grampa
length_out_of_range,TVSAEESCPPGAVWSTCSNCHAYCKNKDLMCITACQEGCKCTTQGYKIHNNECIPAEKCP,grampa
length_out_of_range,TVSAEESCPPGAVWSTCSNCHAYCKNKDLMCITACQEGCKCTTQGYKIHNNECIPAEKCP,grampa
length_out_of_range,TVSAEESCPPGAVWSTCSNCHAYCKNKDLMCITACQEGCKCTTQGYKIHNNECIPAEKCP,grampa
length_out_of_range,ATYDGKCYKKDNICKYKAQSGKTAICKCYVKVCPRDGAKCEFDSYKGKCYC,grampa
length_out_of_range,ATYDGKCYKKDNICKYKAQSGKTAICKCYVKVCPRDGAKCEFDSYKGKCYC,grampa
length_out_of_range,ATYDGKCYKKDNICKYKAQSGKTAICKCYVKVCPRDGAKCEFDSYKGKCYC,grampa
length_out_of_range,ATYDGKCYKKDNICKYKAQSGKTAICKCYVKVCPRDGAKCEFDSYKGKCYC,grampa
length_out_of_range,ATYDGKCYKKDNICKYKAQSGKTAICKCYVKVCPRDGAKCEFDSYKGKCYC,grampa
length_out_of_range,ATYDGKCYKKDNICKYKAQSGKTAICKCYVKVCPRDGAKCEFDSYKGKCYC,grampa
length_out_of_range,ETESTPDYLKNIQQQLEEYTKNFNTQVQNAFDSDKIKSEVNNFIESLGKILNTEKKEAPK,grampa
length_out_of_range,ETESTPDYLKNIQQQLEEYTKNFNTQVQNAFDSDKIKSEVNNFIESLGKILNTEKKEAPK,grampa
length_out_of_range,MFTMKKPLLLIVLLGIISLSLCEQERAADEEEGEMIEEEVKRSLLGTVKDLLIGAGKSAAQSVLKGLSCKLSKDC,grampa
length_out_of_range,MFTMKKPLLLIVLLGIISLSLCEQERAADEEEGEMIEEEVKRSLLGTVKDLLIGAGKSAAQSVLKGLSCKLSKDC,grampa
length_out_of_range,MFTMKKPLLLIVLLGIISLSLCEQERAADEEEGEMIEEEVKRSLLGTVKDLLIGAGKSAAQSVLKGLSCKLSKDC,grampa
length_out_of_range,MFTMKKPLLLIVLLGIISLSLCEQERAADEEEGEMIEEEVKRSLLGTVKDLLIGAGKSAAQSVLKGLSCKLSKDC,grampa
length_out_of_range,MFTMKKPLLLIVLLGIISLSLCEQERAADEEEGEMIEEEVKRSLLGTVKDLLIGAGKSAAQSVLKGLSCKLSKDC,grampa
length_out_of_range,MFTMKKPLLLIVLLGIISLSLCEQERAADEEEGEMIEEEVKRSLLGTVKDLLIGAGKSAAQSVLKGLSCKLSKDC,grampa
length_out_of_range,MFTMKKPLLLIVLLGIISLSLCEQERAADEEEGEMIEEEVKRSLLGTVKDLLIGAGKSAAQSVLKGLSCKLSKDC,grampa
length_out_of_range,TCRYWCKTPENQTYCCEDEREIPSKVGLKPGKCPPVRPVCPPTRGFFEPPKTCSNDGSCYGADKCCFDRCLGEHVCKPIQTRG,grampa
length_out_of_range,TCRYWCKTPENQTYCCEDEREIPSKVGLKPGKCPPVRPVCPPTRGFFEPPKTCSNDGSCYGADKCCFDRCLGEHVCKPIQTRG,grampa
length_out_of_range,TCRYWCKTPENQTYCCEDEREIPSKVGLKPGKCPPVRPVCPPTRGFFEPPKTCSNDGSCYGADKCCFDRCLGEHVCKPIQTRG,grampa
length_out_of_range,STALPVNSPMNKGDTEVMKCIVEVISDTLSKPSPMPVSQECFETLRGDERILSILRHQNLLKELQDLALQGAKERAHQQKK,grampa
length_out_of_range,STALPVNSPMNKGDTEVMKCIVEVISDTLSKPSPMPVSQECFETLRGDERILSILRHQNLLKELQDLALQGAKERAHQQKK,grampa
length_out_of_range,GWINEEKIQKKIDERMGNTVLGGMAKAIVHKMAKNEFQCMANMDMLGNCEKHCQTSGEKGYCHGTKCKCGTPLSY,grampa
length_out_of_range,GWINEEKIQKKIDERMGNTVLGGMAKAIVHKMAKNEFQCMANMDMLGNCEKHCQTSGEKGYCHGTKCKCGTPLSY,grampa
length_out_of_range,GLGSVFGRLARILGRVIPKVAKKLGPKVAKVLPKVMKEAIPMAVEMAKSQEEQQPQ,grampa
length_out_of_range,GLGSVFGRLARILGRVIPKVAKKLGPKVAKVLPKVMKEAIPMAVEMAKSQEEQQPQ,grampa
length_out_of_range,GLGSVFGRLARILGRVIPKVAKKLGPKVAKVLPKVMKEAIPMAVEMAKSQEEQQPQ,grampa
length_out_of_range,GLGSVFGRLARILGRVIPKVAKKLGPKVAKVLPKVMKEAIPMAVEMAKSQEEQQPQ,grampa
length_out_of_range,GLGSVFGRLARILGRVIPKVAKKLGPKVAKVLPKVMKEAIPMAVEMAKSQEEQQPQ,grampa
length_out_of_range,GLGSVFGRLARILGRVIPKVAKKLGPKVAKVLPKVMKEAIPMAVEMAKSQEEQQPQ,grampa
length_out_of_range,GLGSVFGRLARILGRVIPKVAKKLGPKVAKVLPKVMKEAIPMAVEMAKSQEEQQPQ,grampa
length_out_of_range,GLGSVFGRLARILGRVIPKVAKKLGPKVAKVLPKVMKEAIPMAVEMAKSQEEQQPQ,grampa
length_out_of_range,GLGSVFGRLARILGRVIPKVAKKLGPKVAKVLPKVMKEAIPMAVEMAKSQEEQQPQ,grampa
length_out_of_range,GLGSVFGRLARILGRVIPKVAKKLGPKVAKVLPKVMKEAIPMAVEMAKSQEEQQPQ,grampa
length_out_of_range,GLGSVFGRLARILGRVIPKVAKKLGPKVAKVLPKVMKEAIPMAVEMAKSQEEQQPQ,grampa
length_out_of_range,GLGSVFGRLARILGRVIPKVAKKLGPKVAKVLPKVMKEAIPMAVEMAKSQEEQQPQ,grampa
length_out_of_range,GLGSVFGRLARILGRVIPKVAKKLGPKVAKVLPKVMKEAIPMAVEMAKSQEEQQPQ,grampa
length_out_of_range,GLGSVFGRLARILGRVIPKVAKKLGPKVAKVLPKVMKEAIPMAVEMAKSQEEQQPQ,grampa
length_out_of_range,GLGSVFGRLARILGRVIPKVAKKLGPKVAKVLPKVMKEAIPMAVEMAKSQEEQQPQ,grampa
length_out_of_range,KWLKKWL,grampa
length_out_of_range,KWLKKWL,grampa
length_out_of_range,KWLKKWL,grampa
length_out_of_range,KWLKKWL,grampa
length_out_of_range,KWLKKWL,grampa
length_out_of_range,KWLKKWL,grampa
length_out_of_range,KWLKKWL,grampa
length_out_of_range,KWLKKWL,grampa
length_out_of_range,KWLKKWL,grampa
length_out_of_range,KWLKKWL,grampa
length_out_of_range,VTCELLMFGGVVGDSACAANCLSMGKAGGSCNGGLCDCRKTTFKELWDKRFG,grampa
length_out_of_range,VTCELLMFGGVVGDSACAANCLSMGKAGGSCNGGLCDCRKTTFKELWDKRFG,grampa
length_out_of_range,VTCELLMFGGVVGDSACAANCLSMGKAGGSCNGGLCDCRKTTFKELWDKRFG,grampa
length_out_of_range,VTCELLMFGGVVGDSACAANCLSMGKAGGSCNGGLCDCRKTTFKELWDKRFG,grampa
length_out_of_range,VTCELLMFGGVVGDSACAANCLSMGKAGGSCNGGLCDCRKTTFKELWDKRFG,grampa
length_out_of_range,LVNQLGISKSLANTILGAIAVGNLASWVLALVPGPGWATKAALATAETIVKHEGKAAAIAW,grampa
length_out_of_range,LVNQLGISKSLANTILGAIAVGNLASWVLALVPGPGWATKAALATAETIVKHEGKAAAIAW,grampa
length_out_of_range,LVNQLGISKSLANTILGAIAVGNLASWVLALVPGPGWATKAALATAETIVKHEGKAAAIAW,grampa
length_out_of_range,LVNQLGISKSLANTILGAIAVGNLASWVLALVPGPGWATKAALATAETIVKHEGKAAAIAW,grampa
length_out_of_range,LVNQLGISKSLANTILGAIAVGNLASWVLALVPGPGWATKAALATAETIVKHEGKAAAIAW,grampa
length_out_of_range,LVNQLGISKSLANTILGAIAVGNLASWVLALVPGPGWATKAALATAETIVKHEGKAAAIAW,grampa
length_out_of_range,LVNQLGISKSLANTILGAIAVGNLASWVLALVPGPGWATKAALATAETIVKHEGKAAAIAW,grampa
length_out_of_range,LVNQLGISKSLANTILGAIAVGNLASWVLALVPGPGWATKAALATAETIVKHEGKAAAIAW,grampa
length_out_of_range,LVNQLGISKSLANTILGAIAVGNLASWVLALVPGPGWATKAALATAETIVKHEGKAAAIAW,grampa
length_out_of_range,LVNQLGISKSLANTILGAIAVGNLASWVLALVPGPGWATKAALATAETIVKHEGKAAAIAW,grampa
length_out_of_range,LVNQLGISKSLANTILGAIAVGNLASWVLALVPGPGWATKAALATAETIVKHEGKAAAIAW,grampa
length_out_of_range,LVNQLGISKSLANTILGAIAVGNLASWVLALVPGPGWATKAALATAETIVKHEGKAAAIAW,grampa
length_out_of_range,LVNQLGISKSLANTILGAIAVGNLASWVLALVPGPGWATKAALATAETIVKHEGKAAAIAW,grampa
length_out_of_range,LVNQLGISKSLANTILGAIAVGNLASWVLALVPGPGWATKAALATAETIVKHEGKAAAIAW,grampa
length_out_of_range,LVNQLGISKSLANTILGAIAVGNLASWVLALVPGPGWATKAALATAETIVKHEGKAAAIAW,grampa
length_out_of_range,LVNQLGISKSLANTILGAIAVGNLASWVLALVPGPGWATKAALATAETIVKHEGKAAAIAW,grampa
length_out_of_range,LVNQLGISKSLANTILGAIAVGNLASWVLALVPGPGWATKAALATAETIVKHEGKAAAIAW,grampa
length_out_of_range,LVNQLGISKSLANTILGAIAVGNLASWVLALVPGPGWATKAALATAETIVKHEGKAAAIAW,grampa
length_out_of_range,LVNQLGISKSLANTILGAIAVGNLASWVLALVPGPGWATKAALATAETIVKHEGKAAAIAW,grampa
length_out_of_range,LVNQLGISKSLANTILGAIAVGNLASWVLALVPGPGWATKAALATAETIVKHEGKAAAIAW,grampa
length_out_of_range,LVNQLGISKSLANTILGAIAVGNLASWVLALVPGPGWATKAALATAETIVKHEGKAAAIAW,grampa
length_out_of_range,LVNQLGISKSLANTILGAIAVGNLASWVLALVPGPGWATKAALATAETIVKHEGKAAAIAW,grampa
length_out_of_range,LVNQLGISKSLANTILGAIAVGNLASWVLALVPGPGWATKAALATAETIVKHEGKAAAIAW,grampa
length_out_of_range,LVNQLGISKSLANTILGAIAVGNLASWVLALVPGPGWATKAALATAETIVKHEGKAAAIAW,grampa
length_out_of_range,LVNQLGISKSLANTILGAIAVGNLASWVLALVPGPGWATKAALATAETIVKHEGKAAAIAW,grampa
length_out_of_range,LLKWLKK,grampa
length_out_of_range,VQETQKLAKTVGANLEETNKKLAPQIKSAYDDFVKQAQEVQKKLHEAASKQ,grampa
length_out_of_range,LPVNSPMNKGDTEVMKCIVEVISDTLSKPSPMPVSKECFETLRGDERILSILRHQNLLKELQDLALQGAKERTHQQ,grampa
length_out_of_range,LPVNSPMNKGDTEVMKCIVEVISDTLSKPSPMPVSKECFETLRGDERILSILRHQNLLKELQDLALQGAKERTHQQ,grampa
length_out_of_range,LPVNSPMNKGDTEVMKCIVEVISDTLSKPSPMPVSKECFETLRGDERILSILRHQNLLKELQDLALQGAKERTHQQ,grampa
length_out_of_range,QERGSIVIQGTKEGKSRPSLDIDYKQRVYDKNGMTGDAYGGLNIRPGQPSRQHAGFEFGKEYKNGFIKGQSEVQRGPGGRLSPYFGINGGFRF,grampa
length_out_of_range,GEILCNLCTGLINTLENLLTTKGADKVKDYISSLCNKASGFIATLCTKVLDFGIDKLIQLIEDKVDANAICAKIHAC,grampa
length_out_of_range,GEILCNLCTGLINTLENLLTTKGADKVKDYISSLCNKASGFIATLCTKVLDFGIDKLIQLIEDKVDANAICAKIHAC,grampa
length_out_of_range,GEILCNLCTGLINTLENLLTTKGADKVKDYISSLCNKASGFIATLCTKVLDFGIDKLIQLIEDKVDANAICAKIHAC,grampa
length_out_of_range,GEILCNLCTGLINTLENLLTTKGADKVKDYISSLCNKASGFIATLCTKVLDFGIDKLIQLIEDKVDANAICAKIHAC,grampa
length_out_of_range,PKRKSATKGDEPARRSARLSARPVPKPAAKPKKAAAPKKAVKGKKAAENGDAKAEAKVQAAGDGAG,grampa
length_out_of_range,PKRKSATKGDEPARRSARLSARPVPKPAAKPKKAAAPKKAVKGKKAAENGDAKAEAKVQAAGDGAG,grampa
length_out_of_range,SLQPGAPNFPMPGSQLPTSITSNIEKQGPNTAATINAQHKTDRYDVGATWSKVIRGPGRSKPNWSIGGTYRW,grampa
length_out_of_range,SLQPGAPNFPMPGSQLPTSITSNIEKQGPNTAATINAQHKTDRYDVGATWSKVIRGPGRSKPNWSIGGTYRW,grampa
length_out_of_range,SLQPGAPNFPMPGSQLPTSITSNIEKQGPNTAATINAQHKTDRYDVGATWSKVIRGPGRSKPNWSIGGTYRW,grampa
length_out_of_range,GFFGNTWKKIKGKADKIMLKKAVKIMVKKEGISKEEAQAKVDAMSKKQIRLYLLKYYGKKALQKASEKL,grampa
length_out_of_range,GFFGNTWKKIKGKADKIMLKKAVKIMVKKEGISKEEAQAKVDAMSKKQIRLYLLKYYGKKALQKASEKL,grampa
length_out_of_range,GFFGNTWKKIKGKADKIMLKKAVKIMVKKEGISKEEAQAKVDAMSKKQIRLYLLKYYGKKALQKASEKL,grampa
length_out_of_range,GFFGNTWKKIKGKADKIMLKKAVKIMVKKEGISKEEAQAKVDAMSKKQIRLYLLKYYGKKALQKASEKL,grampa
length_out_of_range,GFFGNTWKKIKGKADKIMLKKAVKIMVKKEGISKEEAQAKVDAMSKKQIRLYLLKYYGKKALQKASEKL,grampa
length_out_of_range,GFFGNTWKKIKGKADKIMLKKAVKIMVKKEGISKEEAQAKVDAMSKKQIRLYLLKYYGKKALQKASEKL,grampa
length_out_of_range,GFFGNTWKKIKGKADKIMLKKAVKIMVKKEGISKEEAQAKVDAMSKKQIRLYLLKYYGKKALQKASEKL,grampa
length_out_of_range,GFFGNTWKKIKGKADKIMLKKAVKIMVKKEGISKEEAQAKVDAMSKKQIRLYLLKYYGKKALQKASEKL,grampa
length_out_of_range,GFFGNTWKKIKGKADKIMLKKAVKIMVKKEGISKEEAQAKVDAMSKKQIRLYLLKYYGKKALQKASEKL,grampa
length_out_of_range,FSRYARMRDSRPWSDRKNNYSGPQFTYPPEKAPPEKLIKWNNEGSPIFEMPAEGGHIEP,grampa
length_out_of_range,FSRYARMRDSRPWSDRKNNYSGPQFTYPPEKAPPEKLIKWNNEGSPIFEMPAEGGHIEP,grampa
length_out_of_range,LLKWLLK,grampa
length_out_of_range,LLKWLLK,grampa
length_out_of_range,KWLLKWL,grampa
length_out_of_range,KWLLKWL,grampa
length_out_of_range,KWLLKWL,grampa
length_out_of_range,KWLLKWL,grampa
length_out_of_range,KWLLKWL,grampa
length_out_of_range,KWLLKWL,grampa
length_out_of_range,KWLLKWL,grampa
length_out_of_range,KWLLKWL,grampa
length_out_of_range,KWLLKWL,grampa
length_out_of_range,KWLLKWL,grampa
length_out_of_range,RLNTTFRPLNFKMLRFWGQNRNIMKHRGQKVHFSLILSDCKTNKDCPKLRRANVRCRKSYCVPI,grampa
length_out_of_range,RLNTTFRPLNFKMLRFWGQNRNIMKHRGQKVHFSLILSDCKTNKDCPKLRRANVRCRKSYCVPI,grampa
length_out_of_range,FSKYERQKDKRPYSERKNQYTGPQFLYPPERIPPQKVIKWNEEGLPIYEIPGEGGHAEPAAA,grampa
length_out_of_range,FSKYERQKDKRPYSERKNQYTGPQFLYPPERIPPQKVIKWNEEGLPIYEIPGEGGHAEPAAA,grampa
length_out_of_range,FSKYERQKDKRPYSERKNQYTGPQFLYPPERIPPQKVIKWNEEGLPIYEIPGEGGHAEPAAA,grampa
length_out_of_range,FSKYERQKDKRPYSERKNQYTGPQFLYPPERIPPQKVIKWNEEGLPIYEIPGEGGHAEPAAA,grampa
length_out_of_range,FSKYERQKDKRPYSERKNQYTGPQFLYPPERIPPQKVIKWNEEGLPIYEIPGEGGHAEPAAA,grampa
length_out_of_range,FSKYERQKDKRPYSERKNQYTGPQFLYPPERIPPQKVIKWNEEGLPIYEIPGEGGHAEPAAA,grampa
length_out_of_range,RRWWWR,grampa
length_out_of_range,RRWWWR,grampa
length_out_of_range,RRWWWR,grampa
length_out_of_range,RRWWWR,grampa
length_out_of_range,MFTLKKPLLLLFFLGTISLSLCQEERDADEEEGEMIEEEVKRSLLGTVKDLLIGAGKSAAQSVLKGLSCKLSKDC,grampa
length_out_of_range,MFTLKKPLLLLFFLGTISLSLCQEERDADEEEGEMIEEEVKRSLLGTVKDLLIGAGKSAAQSVLKGLSCKLSKDC,grampa
length_out_of_range,MQIFVKTLTGKTITLEVEPSDTIENVKAKIQDKEGIPPDQQRLIFAGKQLEDGRTLSDYNIQKESTLHLVLRLR,grampa
length_out_of_range,MQIFVKTLTGKTITLEVEPSDTIENVKAKIQDKEGIPPDQQRLIFAGKQLEDGRTLSDYNIQKESTLHLVLRLR,grampa
length_out_of_range,MQIFVKTLTGKTITLEVEPSDTIENVKAKIQDKEGIPPDQQRLIFAGKQLEDGRTLSDYNIQKESTLHLVLRLR,grampa
length_out_of_range,MQIFVKTLTGKTITLEVEPSDTIENVKAKIQDKEGIPPDQQRLIFAGKQLEDGRTLSDYNIQKESTLHLVLRLR,grampa
length_out_of_range,MQIFVKTLTGKTITLEVEPSDTIENVKAKIQDKEGIPPDQQRLIFAGKQLEDGRTLSDYNIQKESTLHLVLRLR,grampa
length_out_of_range,MQIFVKTLTGKTITLEVEPSDTIENVKAKIQDKEGIPPDQQRLIFAGKQLEDGRTLSDYNIQKESTLHLVLRLR,grampa
length_out_of_range,MQIFVKTLTGKTITLEVEPSDTIENVKAKIQDKEGIPPDQQRLIFAGKQLEDGRTLSDYNIQKESTLHLVLRLR,grampa
length_out_of_range,MQIFVKTLTGKTITLEVEPSDTIENVKAKIQDKEGIPPDQQRLIFAGKQLEDGRTLSDYNIQKESTLHLVLRLR,grampa
length_out_of_range,MQIFVKTLTGKTITLEVEPSDTIENVKAKIQDKEGIPPDQQRLIFAGKQLEDGRTLSDYNIQKESTLHLVLRLR,grampa
length_out_of_range,MQIFVKTLTGKTITLEVEPSDTIENVKAKIQDKEGIPPDQQRLIFAGKQLEDGRTLSDYNIQKESTLHLVLRLR,grampa
length_out_of_range,MQIFVKTLTGKTITLEVEPSDTIENVKAKIQDKEGIPPDQQRLIFAGKQLEDGRTLSDYNIQKESTLHLVLRLR,grampa
length_out_of_range,MQIFVKTLTGKTITLEVEPSDTIENVKAKIQDKEGIPPDQQRLIFAGKQLEDGRTLSDYNIQKESTLHLVLRLR,grampa
length_out_of_range,MQIFVKTLTGKTITLEVEPSDTIENVKAKIQDKEGIPPDQQRLIFAGKQLEDGRTLSDYNIQKESTLHLVLRLR,grampa
length_out_of_range,MQIFVKTLTGKTITLEVEPSDTIENVKAKIQDKEGIPPDQQRLIFAGKQLEDGRTLSDYNIQKESTLHLVLRLR,grampa
length_out_of_range,MQIFVKTLTGKTITLEVEPSDTIENVKAKIQDKEGIPPDQQRLIFAGKQLEDGRTLSDYNIQKESTLHLVLRLR,grampa
length_out_of_range,MQIFVKTLTGKTITLEVEPSDTIENVKAKIQDKEGIPPDQQRLIFAGKQLEDGRTLSDYNIQKESTLHLVLRLR,grampa
length_out_of_range,MQIFVKTLTGKTITLEVEPSDTIENVKAKIQDKEGIPPDQQRLIFAGKQLEDGRTLSDYNIQKESTLHLVLRLR,grampa
length_out_of_range,MQIFVKTLTGKTITLEVEPSDTIENVKAKIQDKEGIPPDQQRLIFAGKQLEDGRTLSDYNIQKESTLHLVLRLR,grampa
length_out_of_range,MQIFVKTLTGKTITLEVEPSDTIENVKAKIQDKEGIPPDQQRLIFAGKQLEDGRTLSDYNIQKESTLHLVLRLR,grampa
length_out_of_range,MLCKLSMFGAVLGVPACAIDCLPMGKTGGSCEGGVCGCRKLTFKILWDKKFG,grampa
length_out_of_range,MLCKLSMFGAVLGVPACAIDCLPMGKTGGSCEGGVCGCRKLTFKILWDKKFG,grampa
length_out_of_range,MLCKLSMFGAVLGVPACAIDCLPMGKTGGSCEGGVCGCRKLTFKILWDKKFG,grampa
length_out_of_range,MLCKLSMFGAVLGVPACAIDCLPMGKTGGSCEGGVCGCRKLTFKILWDKKFG,grampa
length_out_of_range,MLCKLSMFGAVLGVPACAIDCLPMGKTGGSCEGGVCGCRKLTFKILWDKKFG,grampa
length_out_of_range,LIDHLGAPRWAVDTILGAIAVGNLASWVLALVPGPGWAVKAGLATAAAIVKHQGKAAAAAW,grampa
length_out_of_range,LIDHLGAPRWAVDTILGAIAVGNLASWVLALVPGPGWAVKAGLATAAAIVKHQGKAAAAAW,grampa
length_out_of_range,LIDHLGAPRWAVDTILGAIAVGNLASWVLALVPGPGWAVKAGLATAAAIVKHQGKAAAAAW,grampa
length_out_of_range,LIDHLGAPRWAVDTILGAIAVGNLASWVLALVPGPGWAVKAGLATAAAIVKHQGKAAAAAW,grampa
length_out_of_range,LIDHLGAPRWAVDTILGAIAVGNLASWVLALVPGPGWAVKAGLATAAAIVKHQGKAAAAAW,grampa
length_out_of_range,LIDHLGAPRWAVDTILGAIAVGNLASWVLALVPGPGWAVKAGLATAAAIVKHQGKAAAAAW,grampa
length_out_of_range,LIDHLGAPRWAVDTILGAIAVGNLASWVLALVPGPGWAVKAGLATAAAIVKHQGKAAAAAW,grampa
length_out_of_range,LIDHLGAPRWAVDTILGAIAVGNLASWVLALVPGPGWAVKAGLATAAAIVKHQGKAAAAAW,grampa
length_out_of_range,LIDHLGAPRWAVDTILGAIAVGNLASWVLALVPGPGWAVKAGLATAAAIVKHQGKAAAAAW,grampa
length_out_of_range,LIDHLGAPRWAVDTILGAIAVGNLASWVLALVPGPGWAVKAGLATAAAIVKHQGKAAAAAW,grampa
length_out_of_range,LIDHLGAPRWAVDTILGAIAVGNLASWVLALVPGPGWAVKAGLATAAAIVKHQGKAAAAAW,grampa
length_out_of_range,LIDHLGAPRWAVDTILGAIAVGNLASWVLALVPGPGWAVKAGLATAAAIVKHQGKAAAAAW,grampa
length_out_of_range,LIDHLGAPRWAVDTILGAIAVGNLASWVLALVPGPGWAVKAGLATAAAIVKHQGKAAAAAW,grampa
length_out_of_range,LIDHLGAPRWAVDTILGAIAVGNLASWVLALVPGPGWAVKAGLATAAAIVKHQGKAAAAAW,grampa
length_out_of_range,LIDHLGAPRWAVDTILGAIAVGNLASWVLALVPGPGWAVKAGLATAAAIVKHQGKAAAAAW,grampa
length_out_of_range,LIDHLGAPRWAVDTILGAIAVGNLASWVLALVPGPGWAVKAGLATAAAIVKHQGKAAAAAW,grampa
length_out_of_range,LIDHLGAPRWAVDTILGAIAVGNLASWVLALVPGPGWAVKAGLATAAAIVKHQGKAAAAAW,grampa
length_out_of_range,LIDHLGAPRWAVDTILGAIAVGNLASWVLALVPGPGWAVKAGLATAAAIVKHQGKAAAAAW,grampa
length_out_of_range,LIDHLGAPRWAVDTILGAIAVGNLASWVLALVPGPGWAVKAGLATAAAIVKHQGKAAAAAW,grampa
length_out_of_range,LIDHLGAPRWAVDTILGAIAVGNLASWVLALVPGPGWAVKAGLATAAAIVKHQGKAAAAAW,grampa
length_out_of_range,LIDHLGAPRWAVDTILGAIAVGNLASWVLALVPGPGWAVKAGLATAAAIVKHQGKAAAAAW,grampa
length_out_of_range,LIDHLGAPRWAVDTILGAIAVGNLASWVLALVPGPGWAVKAGLATAAAIVKHQGKAAAAAW,grampa
length_out_of_range,LIDHLGAPRWAVDTILGAIAVGNLASWVLALVPGPGWAVKAGLATAAAIVKHQGKAAAAAW,grampa
length_out_of_range,LIDHLGAPRWAVDTILGAIAVGNLASWVLALVPGPGWAVKAGLATAAAIVKHQGKAAAAAW,grampa
length_out_of_range,LIDHLGAPRWAVDTILGAIAVGNLASWVLALVPGPGWAVKAGLATAAAIVKHQGKAAAAAW,grampa
length_out_of_range,LIDHLGAPRWAVDTILGAIAVGNLASWVLALVPGPGWAVKAGLATAAAIVKHQGKAAAAAW,grampa
length_out_of_range,LIDHLGAPRWAVDTILGAIAVGNLASWVLALVPGPGWAVKAGLATAAAIVKHQGKAAAAAW,grampa
length_out_of_range,LIDHLGAPRWAVDTILGAIAVGNLASWVLALVPGPGWAVKAGLATAAAIVKHQGKAAAAAW,grampa
length_out_of_range,LIDHLGAPRWAVDTILGAIAVGNLASWVLALVPGPGWAVKAGLATAAAIVKHQGKAAAAAW,grampa
length_out_of_range,LIDHLGAPRWAVDTILGAIAVGNLASWVLALVPGPGWAVKAGLATAAAIVKHQGKAAAAAW,grampa
length_out_of_range,LIDHLGAPRWAVDTILGAIAVGNLASWVLALVPGPGWAVKAGLATAAAIVKHQGKAAAAAW,grampa
length_out_of_range,LIDHLGAPRWAVDTILGAIAVGNLASWVLALVPGPGWAVKAGLATAAAIVKHQGKAAAAAW,grampa
length_out_of_range,LIDHLGAPRWAVDTILGAIAVGNLASWVLALVPGPGWAVKAGLATAAAIVKHQGKAAAAAW,grampa
length_out_of_range,LIDHLGAPRWAVDTILGAIAVGNLASWVLALVPGPGWAVKAGLATAAAIVKHQGKAAAAAW,grampa
length_out_of_range,LIDHLGAPRWAVDTILGAIAVGNLASWVLALVPGPGWAVKAGLATAAAIVKHQGKAAAAAW,grampa
length_out_of_range,LIDHLGAPRWAVDTILGAIAVGNLASWVLALVPGPGWAVKAGLATAAAIVKHQGKAAAAAW,grampa
length_out_of_range,LIDHLGAPRWAVDTILGAIAVGNLASWVLALVPGPGWAVKAGLATAAAIVKHQGKAAAAAW,grampa
length_out_of_range,WLLKW,grampa
length_out_of_range,WLLKW,grampa
length_out_of_range,WLLKW,grampa
length_out_of_range,WLLKW,grampa
length_out_of_range,WLLKW,grampa
length_out_of_range,WLLKW,grampa
length_out_of_range,WLLKW,grampa
length_out_of_range,WLLKW,grampa
length_out_of_range,WLLKW,grampa
length_out_of_range,WLLKW,grampa
length_out_of_range,LCLDQKPEMEPFRKDAQQALEPSRQRRWLHRRCLSGRGFCRAICSIFEEPVRGNIDCYFGYNCCRRMFSHYRTS,grampa
length_out_of_range,LCLDQKPEMEPFRKDAQQALEPSRQRRWLHRRCLSGRGFCRAICSIFEEPVRGNIDCYFGYNCCRRMFSHYRTS,grampa
length_out_of_range,WLKKW,grampa
length_out_of_range,WLKKW,grampa
length_out_of_range,WLKKW,grampa
length_out_of_range,WLKKW,grampa
length_out_of_range,WLKKW,grampa
length_out_of_range,WLKKW,grampa
length_out_of_range,WLKKW,grampa
length_out_of_range,WLKKW,grampa
length_out_of_range,WLKKW,grampa
length_out_of_range,WLKKW,grampa
length_out_of_range,NRWYCNSAAGGVGGAAVCGLAGYVGEAKENIAGEVRKGWGMAGGFTHNKACKSFPGSGWASG,grampa
length_out_of_range,NRWYCNSAAGGVGGAAVCGLAGYVGEAKENIAGEVRKGWGMAGGFTHNKACKSFPGSGWASG,grampa
length_out_of_range,NRWYCNSAAGGVGGAAVCGLAGYVGEAKENIAGEVRKGWGMAGGFTHNKACKSFPGSGWASG,grampa
length_out_of_range,NRWYCNSAAGGVGGAAVCGLAGYVGEAKENIAGEVRKGWGMAGGFTHNKACKSFPGSGWASG,grampa
length_out_of_range,NRWYCNSAAGGVGGAAVCGLAGYVGEAKENIAGEVRKGWGMAGGFTHNKACKSFPGSGWASG,grampa
length_out_of_range,NRWYCNSAAGGVGGAAVCGLAGYVGEAKENIAGEVRKGWGMAGGFTHNKACKSFPGSGWASG,grampa
length_out_of_range,NRWYCNSAAGGVGGAAVCGLAGYVGEAKENIAGEVRKGWGMAGGFTHNKACKSFPGSGWASG,grampa
length_out_of_range,NRWYCNSAAGGVGGAAVCGLAGYVGEAKENIAGEVRKGWGMAGGFTHNKACKSFPGSGWASG,grampa
length_out_of_range,NRWYCNSAAGGVGGAAVCGLAGYVGEAKENIAGEVRKGWGMAGGFTHNKACKSFPGSGWASG,grampa
length_out_of_range,NRWYCNSAAGGVGGAAVCGLAGYVGEAKENIAGEVRKGWGMAGGFTHNKACKSFPGSGWASG,grampa
length_out_of_range,NRWYCNSAAGGVGGAAVCGLAGYVGEAKENIAGEVRKGWGMAGGFTHNKACKSFPGSGWASG,grampa
length_out_of_range,NRWYCNSAAGGVGGAAVCGLAGYVGEAKENIAGEVRKGWGMAGGFTHNKACKSFPGSGWASG,grampa
length_out_of_range,NRWYCNSAAGGVGGAAVCGLAGYVGEAKENIAGEVRKGWGMAGGFTHNKACKSFPGSGWASG,grampa
length_out_of_range,KQATVGDINTERPGILDLKGKAKWDAWNGLKGTSKEDAMKAYINKVEELKKKYGI,grampa
length_out_of_range,KQATVGDINTERPGILDLKGKAKWDAWNGLKGTSKEDAMKAYINKVEELKKKYGI,grampa
length_out_of_range,SQLGDLGSGAGQGGGGGGSIRAAGGAFGKLEAAREEEFFYKKQKEQLERLKNDQIHQAEFHHQQIKEHEEAIQRHKDFLNNLHK,grampa
length_out_of_range,SQLGDLGSGAGQGGGGGGSIRAAGGAFGKLEAAREEEFFYKKQKEQLERLKNDQIHQAEFHHQQIKEHEEAIQRHKDFLNNLHK,grampa
length_out_of_range,SQLGDLGSGAGQGGGGGGSIRAAGGAFGKLEAAREEEFFYKKQKEQLERLKNDQIHQAEFHHQQIKEHEEAIQRHKDFLNNLHK,grampa
length_out_of_range,AMVGT,grampa
length_out_of_range,AMVGT,grampa
length_out_of_range,AMVGT,grampa
length_out_of_range,AMVGT,grampa
length_out_of_range,NGVQPKY,grampa
length_out_of_range,NGVQPKY,grampa
length_out_of_range,AMVSS,grampa
length_out_of_range,AMVSS,grampa
length_out_of_range,CLAIGRR,grampa
length_out_of_range,RKKWFW,grampa
noncanonical_residue_or_modification,K_[CH2OCONH]KVVFKVKFKk,cleaned_hc50
length_out_of_range,WLLKW,cleaned_hc50
length_out_of_range,KWKWKW,cleaned_hc50
length_out_of_range,GLGSVFGRLARILGRVIPKVAKKLGPKVAKVLPKVMKEAIPMAVEMAKSQEEQQPQ,cleaned_hc50
noncanonical_residue_or_modification,k_[CH2NH]KVVFKVKFKk,cleaned_hc50
length_out_of_range,TSKYR,cleaned_hc50
length_out_of_range,NGVQPKY,cleaned_hc50
length_out_of_range,LLKWLKK,cleaned_hc50
length_out_of_range,RLYRKVYGRLYRKVYGRLYRKVYGRLYRKVYGRLYRKVYGRLYRKVYGRLYRKVYGRLYRKVYGKKKKKKK,cleaned_hc50
noncanonical_residue_or_modification,FVPWFSKFLGOIL,cleaned_hc50
length_out_of_range,RW,cleaned_hc50
length_out_of_range,TDTNVIGECFDEWSRCHRQTRWWTKILFQSCENRCKCKVQLMGNCIKVPFKCFLWKQKRFMCECYGPISGTKPWYCGWEL,cleaned_hc50
noncanonical_residue_or_modification,I/LLGTILGLLKGI/L,cleaned_hc50
noncanonical_residue_or_modification,ZCRRLCYKQRCVTYCRGR,cleaned_hc50
length_out_of_range,LKKWLK,cleaned_hc50
length_out_of_range,MKLSCLLLTLAIIFVLTIVHAPNVKAKALADPESDAVGFADAVGEADPFDIT,cleaned_hc50
length_out_of_range,GWMSEKKVQGILDKKLPEGIIRNAAKAIVHKMAKMQFGCFANVDVKGDCKRHCKAEDKEGICHGTKCKCGVPISYL,cleaned_hc50
length_out_of_range,KWKW,cleaned_hc50
length_out_of_range,RLYR,cleaned_hc50
length_out_of_range,RWRWRW,cleaned_hc50
length_out_of_range,QGWEAVAAAVASKIVGLWRNEKTELLGHECKFTVKPYLKRFQVYYKGRMWCPGWTAIRGEASTRSQSGVAGKTAKDFVRKAFQKGLLSQQEANQWLSS,cleaned_hc50
length_out_of_range,KSTVGQKLKKKLNQAVDKVKEVLNKSEYMCPVVSSFCKQHCARLGKSGQCDLLECIC,cleaned_hc50
length_out_of_range,MAWNSQMMLTLWIVTIVLIFSSSRCERILDLRKTKKSCKNGEVLGCVSGHGPPGCSENECGMGPRPKACFFDCHYGCWCTGKLYRRKRDRKCVPKHECLL,cleaned_hc50
length_out_of_range,LLKWLLK,cleaned_hc50
length_out_of_range,KWLLKWL,cleaned_hc50
length_out_of_range,KVMAHMK,cleaned_hc50
length_out_of_range,FSKYERQKDKRPYSQRKNQYTGPQFLYPPERIPPQKVIKWNEEGLPIYEIPGEGGHAEPAAA,cleaned_hc50
length_out_of_range,GIIKKI,cleaned_hc50
length_out_of_range,MKLSCLLLTLAIIVVLTIVHAPNVEAKALADPESDAVGFADAVGEADPNAIIGL,cleaned_hc50
noncanonical_residue_or_modification,KWCFRVCYRGICYRRCR-X,cleaned_hc50
noncanonical_residue_or_modification,I/LNWLKLGKAIIDAI/L,cleaned_hc50
length_out_of_range,RWRW,cleaned_hc50
length_out_of_range,GFREKHFQRFVKYAVPESTLRTVLQTVVHKVGKTQFGCPAYQGYCDDHCQDIEKKEGFCHGFKCKCGIPMGF,cleaned_hc50
length_out_of_range,WKWKWK,cleaned_hc50
length_out_of_range,WLKKW,cleaned_hc50
length_out_of_range,LKKWLKK,cleaned_hc50
length_out_of_range,IWRIFR,cleaned_hc50
length_out_of_range,KWLKKWL,cleaned_hc50
length_out_of_range,KVLKAAA,hemopi2_cross_val
length_out_of_range,WRRFWHR,hemopi2_cross_val
length_out_of_range,CKINKQC,hemopi2_cross_val
length_out_of_range,RRRRRR,hemopi2_cross_val
length_out_of_range,WWRWRW,hemopi2_cross_val
length_out_of_range,LKWLKWG,hemopi2_cross_val
length_out_of_range,SLWENFK,hemopi2_cross_val
length_out_of_range,LKFLKFG,hemopi2_cross_val
length_out_of_range,RWRWRW,hemopi2_cross_val
length_out_of_range,KVMAHMK,hemopi2_cross_val
length_out_of_range,GVIIKTL,hemopi2_cross_val
length_out_of_range,WRRFWRR,hemopi2_cross_val
length_out_of_range,YWRWRW,hemopi2_cross_val
length_out_of_range,IWRIFR,hemopi2_cross_val
length_out_of_range,WWPWRR,hemopi2_independent
length_out_of_range,RRWQWR,hemopi2_independent
length_out_of_range,LRWLRWG,hemopi2_independent
length_out_of_range,RWWRWWR,hemopi2_independent
length_out_of_range,MAGFLKVVQLLAKYGSKAVQWAWANKGKILDWLNAGQAIDWVVSKIKQILGIK,amplify_amp_positive
length_out_of_range,YGPGDGHGGGHGGGHGGGHGNGQGGGHGHGPGGGFGGGHGGGHGGGGRGGGGSGGGGSPGHGAGGGYPGGHGGGHHGGYQTHGY,amplify_amp_positive
length_out_of_range,SYFSAWAGPGCNNHNARYSKCGCSNIGHNVHGGYEFVYQGQTAAAYNTDNCKGVAQTRFSSSVNQACSNFGWKSVFIQC,amplify_amp_positive
length_out_of_range,GLALNRLMNKAVDAIVYMVGQQDAGVSLLGHPCLVESAKQPEGIYTAVMSCASWTPRFVGEGTSEVELEALKGSIRSFIRKASDYQLLSKEDLEDWLASY,amplify_amp_positive
length_out_of_range,ECIPTKHDCTNDRKNCCPGHECKCYNTQIGGSKKEQCGCKKSLLAKAKNFGGKVITIFKA,amplify_amp_positive
length_out_of_range,SAFTVWSGPGCNNRAERYSKCGCSAIHQKGGYDFSYTGQTAALYNQAGCSGVAHTRFGSSARACNPFGWKSIFIQC,amplify_amp_positive
length_out_of_range,YAFDVVG,amplify_amp_positive
length_out_of_range,SVIGCEICEWLVATAEGFVNKTKPQIEQELLQICAKLGPYEQICDQLVLMELPDIIDQIIAKEPPAIVCSQVKICNGSAMAVAA,amplify_amp_positive
length_out_of_range,PITYLDAILAAVRLLNQRISGPCILRLREAQPRPGWVGTLQRRREVSFLVEDGPCPPGVDCRSCEPGALQHCVGTVSIEQQPTAELRCRPLRPQ,amplify_amp_positive
length_out_of_range,NIFDDIFGKVTETLVDFGTTDIAGNPCNYRLSPRLIKFELYFVGLVWCPGWTTIQGESLTRSRTRVVNKAVEDFAKKAVAAGIMTQEDADPLLNA,amplify_amp_positive
length_out_of_range,FSKYERQKDKRPYSERKNQYTGPQFLYPPERIPPQKVIKWNEEGLPIYEIPGEGGHAEPAAA,amplify_amp_positive
length_out_of_range,WNPFKKIANRNCYPKTTCETAGGKKTCKDFSCCQIVLFGKKTRAKCTVVTS,amplify_amp_positive
length_out_of_range,MSWLNFLKYIAKYGKKAVSAAWKYKGKVLEWLNVGPTLEWVWQKLKKIAGL,amplify_amp_positive
length_out_of_range,GCFEDWSRCSPSTSRGTGVLWRDCDSYCKVCFKADRGECFDSPSLNCPQRLPNNKQCRCINARTAKDNRNPTCWA,amplify_amp_positive
length_out_of_range,QDKCKKVYENYPVSKCQLANQCNYDCKLDKHARSGECFYDEKRNLQCICDYCEY,amplify_amp_positive
length_out_of_range,QGPGRQPDFQRCGQQLRNISPPQRCPSLRQAVQLTHQQQGQVGPQQVRQMYRVASNIPST,amplify_amp_positive
length_out_of_range,GWINEEKIQKKIDEKIGNNILGGMAKAVVHKLAKGEFQCVANIDTMGNCETHCQKTSGEKGFCHGTKCKCGKPLSY,amplify_amp_positive
length_out_of_range,VNPSYRLDPESRPQCEAHCGQLGMRLGAIVIMGTATGCVCEPKEAATPESR,amplify_amp_positive
length_out_of_range,SKCKCSRKGPKIRYSDVKKLEMKPKYPHCEEKMVIITTKSVSRYRGQEHCLHPKLQSTKRFIKWYNAWNEKRRVYEE,amplify_amp_positive
length_out_of_range,GLGSVFGRLARILGRVIPKVAKKLGPKVAKVLPKVMKEAIPMAVEMAKSQEEQQPQ,amplify_amp_positive
length_out_of_range,AGANDLCQECEDIVHLLTKMTKEDAFQDTIRKFLEQECDILPLKLLVPRCRQVLDVYLPLVIDYFQGQIKPKAICSHVGLC,amplify_amp_positive
length_out_of_range,RRSKVRICSRGKNCVSRLGGGSIIGRPGGGSLIGRPGGGSVIGRPGGGSPPGGGSFNDEFIRDHSDGNRFA,amplify_amp_positive
length_out_of_range,GWINEEKIQKKIDERMGNTVLGGMAKAIVHKMAKNEFQCMANMDMLGNCEKHCQTSGEKGYCHGTKCKCGTPLSY,amplify_amp_positive
length_out_of_range,YFPIPI,amplify_amp_positive
length_out_of_range,TLNQARGSFDISCDKDNKRFALLGDFFRKSKEKIGKEFKRIVQRIKDFLRNLVPRTES,amplify_amp_positive
length_out_of_range,GLICESCRKIIQKLEDMVGPQPNEDTVTQAASRVCDKMKILRGVCKKIMRTFLRRISKDILTGKKPQAICVDIKICKE,amplify_amp_positive
length_out_of_range,RRLRPRRPRLPRPRPRPRPRPRSLPLPRPKPRPIPRPLPLPRPRPKPIPRPLPLPRPRPRRIPRPLPLPRPRPRPIPRPLPLPQPQPSPIPRPL,amplify_amp_positive
length_out_of_range,GSNFCDSKCKLRCSKAGLADRCLKYCGICCEECKCVPSGTYGNKHECPCYRDKKNSKGKSKCP,amplify_amp_positive
length_out_of_range,GKCSVLKKVACAAAIAGAVAACGGIDLPCVLAALKAAEGCASCFCEDHCHGVCKDLHLC,amplify_amp_positive
length_out_of_range,ATYNGKCYKKDNICKYKAQSGKTAICKCYVKKCPRDGAKCEFDSYKGKCYC,amplify_amp_positive
length_out_of_range,VQETQKLAKTVGANLEETNKKLAPQIKSAYDDFVKQAQEVQKKLHEAASKQ,amplify_amp_positive
length_out_of_range,FNKLKQGSSKRTCAKCFRKIMPSVHELDERRRGANRWAAGFRKCVSSICRY,amplify_amp_positive
length_out_of_range,QIVDCWETWSRCTKWSQGGTGTLWKSCNDRCKELGRKRGQCEEKPSRCPLSKKAWTCICY,amplify_amp_positive
length_out_of_range,LPRDTSRCVGYHGYCIRSKVCPKPFAAFGTCSWRQKTCCVDTTSDFHTCQDKGGHCVSPKIRCLEEQLGLCPLKRWTCCKEI,amplify_amp_positive
length_out_of_range,SSRASHFQSHSSERQRHGSSQVWKHGSYGPAEYDYGHTGYGPSGGSRKSISNSHLSWSTDSTANKQLSRH,amplify_amp_positive
length_out_of_range,TPVVRKGRCSCISTNQGTIHLQSLKDLKQFAPSPSCEKIEIIATLKNGVQTCLNPDSADVKELIKKWEKQVSQKKKQKNGKKHQKKKVLKVRKSQRSRQKKTT,amplify_amp_positive
length_out_of_range,IEFFT,amplify_amp_positive
length_out_of_range,SLTHRKFGGSGGSPFSGLSSIAVRSGSYLDAIIIDGVHHGGSGGNLSPTFTFGSGEYISNMTIRSGDYIDNISFETNMGRRFGPYGGSGGSANTLSNVKVIQINGSAGDYLDSLDIYYEQY,amplify_amp_positive
length_out_of_range,LASTLGISTAAAKKAIDIIDAASTIASIISLIGIVTGAGAISYAIVATAKTMIKKYGKKYAAAW,amplify_amp_positive
length_out_of_range,QVLEGLAAAVTGKLAGLWRNGEVELLGHYCSYSVTPTIRRWQLYFRGRMWCPGWTSIRGEAMTRSNSGVQGDTTRDFVTKALNAGLISQQEAQAWLDG,amplify_amp_positive
length_out_of_range,DVYKGGGGGRYGGGRYGGGGGYGGGLGGGGLGGGGLGGGKGLGGGGLGGGGLGGGGLGGGGLGGGKGLGGGGLGGGGLGGGGLGGGGLGGGKGLGGGGLGGGGLGGGRGGYGGGGYGGGYGGGYGGGKYKG,amplify_amp_positive
length_out_of_range,DGVKLCDVPSGTWSGHCGSSSKCSQQCKDREHFAYGGACHYQFPSVKCFCKRQC,amplify_amp_positive
length_out_of_range,NANSNFEGGPRNDRSSGARNSLGRNAPTHIYSDPSTVKCANAVFSGMIGGAIKGGPIGMARGTIGGAVVGQCLSDHGSGNGSGNRGSSSSCSGNNVGGTCNR,amplify_amp_positive
length_out_of_range,SGEKKCWNRSGHCRKQCKDGEAVKDTCKNLRACCIPSNEDHRRVPATSPTPLSDSTPGIIDDILTVRFTTDYFEVSSKKDMVEESEAGRGTETSLPNVHHSS,amplify_amp_positive
length_out_of_range,MNSSSVLFVCILGACSVWTVHGRNLKVNDDDQEGAELDISVEARKLPGLCWVCKWSLNKVKKLLGRNTTAESVKEKLMRVCNEIGLLKSLCKKFVKGHLGELIEELTTSDDVRTICVNLKACKPKELSELDFESDEDAHTEMNDLLFE,amplify_amp_positive
length_out_of_range,FPPWE,amplify_amp_positive
length_out_of_range,TDHQMAQSACIGVSQDNAYASAIPRDCHGGKTCEGICADATATMDRYSDTGGPLSIARCVNAFHFYKRRGEENVSYKPFVVSWKYGVAGCFYTHCGPNFCCCIS,amplify_amp_positive
length_out_of_range,IYFIADKMGIQLAPAWYQDIVNWVSAGGTLTTGFAIIVGVTVPAWIAEAAAAFGIASA,amplify_amp_positive
length_out_of_range,KTYYGTNGVHCTKKSLWGKVRLKNVIPGTLCRKQSLPIKQDLKILLGWATGAFGKTFH,amplify_amp_positive
length_out_of_range,IPVLCPVCTSLVGKLIDLVLGGAVDKVTDYLETLCAKADGLVETLCTKIVSYGIDKLIEKILEGGSAKLICGLIHAC,amplify_amp_positive
length_out_of_range,AVDFSSCARMDVPGLSKVAQGLCISSCKFQNCGTGHCEKRGGRPTCVCDRCGRGGGEWPSVPMPKGRSSRGRRHS,amplify_amp_positive
length_out_of_range,SLFELGKMILQETGKNPAKSYGAYGCNCGVLGRGKPKDATDRCCYVHKCCYKAAAAAAAAADRYSYSWKDKTIVCGENNPCLKELCECDKAVAICLRENLGTYNKKYRYHLKPFCKKAAAA,amplify_amp_positive
length_out_of_range,SSFSPAAPLPPGTKHPCLPLSCPPCPDEECPTCEILPPCELCPEIHIGCDCPFHHSCLCDQPACPPCDFPFGSLINKGGYRG,amplify_amp_positive
length_out_of_range,DHHHDHGHDDHEHEELTLEKIKEKIKDYADKTPVDQLTERVQAGRDYLLGKGARPSHLPARVDRHLSKLTAAEKQELADYLLTFLH,amplify_amp_positive
length_out_of_range,GSEIQPR,amplify_amp_positive
length_out_of_range,WNPFKKIAHRHCYPKNECITTNGKKTCKDYSCCQIVLFGKKTRSACTVVAQ,amplify_amp_positive
length_out_of_range,WLLVNK,amplify_amp_positive
length_out_of_range,GGAPATSANAAGAAAIVGALAGIPGGPLGVVVGAVSAGLTTGIGSTVGSGSASSSAGGGS,amplify_amp_positive
length_out_of_range,YVPKIPKPQPNKPNFPSFPGHGPFNPHASRFPRSPKDNGKIVFDAKKEGGKTQWNVETQQKVWGNKHGSIHVSAGAGKQPGGKPQGQVGIGGSFSWGK,amplify_amp_positive
length_out_of_range,HTPTPTPICKSRSHEYKGRCIQDMDCNAACVKESESYTGGFCNGRPPFKQCFCTKPCKRERAAATLRWPGL,amplify_amp_positive
length_out_of_range,LPVNSPMNKGDTEVMKCIVEVISDTLSKPSPMPVSKECFETLRGDERILSILRHQNLLKELQDLALQGAKERTHQQ,amplify_amp_positive
length_out_of_range,VTCDLLSIKGVAEHSACAANCLSMGKAGGRCENGICLCRKTTFKELWDKRF,amplify_amp_positive
length_out_of_range,SPRPDDKKNQGSASVDVQNERGEGTKVDARVRQELWRSDDGRTRAQAYGHWDRTYGGRNHGERSYGGGMRIEHTWGN,amplify_amp_positive
length_out_of_range,YPYNSTSNVKRIPVSVHFTASQCREIASRGASISEWTTWTSLIAGFGKGTAFLGALTALYGYGVSKNLSVFLTAANRGTGLTISYTYVIPPYTNIGSFENTRISYY,amplify_amp_positive
length_out_of_range,RRSKVRICSRGKNCVSRPGGGSVIGRPGGGSPPGGGSFNDEFIRDHSDGNRFA,amplify_amp_positive
length_out_of_range,PKRKAEGDAKGDKAKVKDEPQRRSARLSAKPAPPKPEPKPKKAPAKKGEKVPKGKKGKADAGKEGNNPAENGDAKTDQAQKAEGAGDAK,amplify_amp_positive
length_out_of_range,MPEPAKSAPAPKKGSKKAVTKAQKKDGKKRKRSRKESYSVYVYKVLKQVHPDTGISSKAMGIMNSFVNDIFERIAGEASRLAHYNKRSTITSREIQTAVRLLLPGELAKHAVSEGTKAVTKYTSSK,amplify_amp_positive
length_out_of_range,MRTGNAD,amplify_amp_positive
length_out_of_range,DAECEICKFVIQQVEAFIESNHSQAEIQKELNKLCSSVPSITQTCLSIARMVPYIIKKLEEHNSPGQVCQGLHLCKSS,amplify_amp_positive
length_out_of_range,MAKEFGIPAAVAGTVINVVEAGGWVTTIVSILTAVGSGGLSLLAAAGRESIKAYLKKEIKKKGKRAVIAW,amplify_amp_positive
length_out_of_range,EGTWQHGYGVSSAYSNYHHGSKTHSATVVNNNTGRQGKDTQRAGVWAKATVGRNLTEKASFYYNFW,amplify_amp_positive
length_out_of_range,GEVAKKDAPSSRSSCPKGSRAYGSYCYALFSVSKNWYDADMACQKRPSGHLVSVLSGAEASFLSSMIKSSGNSGQYVWIGLHDPTLGYEPNRGGWEWSNADVMNYINWETNPSSSSGNHCGTLSRASGFLKWRENYCNLELPYVCKFKA,amplify_amp_positive
length_out_of_range,DRGYGGGRRGGGYGGGGYGGGGYGGGGGGYGGGVGGGRGGGGGLGGGRGGGGGVIDGKDDVGLGGGGYGGGLGGGQGGGGGLGGGQGGGGGLGGGRGGGGYGGGGGGYGGGKYGGGKYG,amplify_amp_positive
length_out_of_range,GVNMYIRQIYDTCWKLKGHCRNVCGKKEIFHIFCGTQFLCCIERKEMPVLFVK,amplify_amp_positive
length_out_of_range,LAGYTGIASGTAKKVVDAIDKGAAAFVIISIISTVISAGALGAVSASADFIILTVKNYISRNLKAQAVIW,amplify_amp_positive
length_out_of_range,QGCKGPYTRPILRPYVRPVVSYNACTLSCRGITTTQARSCCTRLGRCCHVAKGYS,amplify_amp_positive
length_out_of_range,MFAMKTKAALAIWCPGYSETQINATQAMKKRRKRKVTTNKCLEQVSQLQGLWRRFNRPLLKQQ,amplify_amp_positive
length_out_of_range,YEALVTSILGKLTGLWHNDSVDFMGHICYFRRRPKIRRFKLYHEGKFWCPGWAPFEGRSRTKSRSGSSREATKDFVRKALQNGLVTQQDASLWLN,amplify_amp_positive
length_out_of_range,SKYGGECSVEHNTCTYLKGGKDHIVSCPSAANLRCKTERHHCEYDEHHKTVDCQTPV,amplify_amp_positive
length_out_of_range,LKCVNLQANGIKMTQECAKEDTKCLTLRSLKKTLKFCASGRTCTTMKIMSLPGEQITCCEGNMCNA,amplify_amp_positive
length_out_of_range,KACPRNCDTDIAYMVCPSSGERIIRKVCTNCCAAQKGCKLFRSNGSIKCTGT,amplify_amp_positive
length_out_of_range,KTFTRCELVQALRRQGFDEAKLRDWVCLVENESRGRTDIVGKPNKNGSRDYGLFQINDKYWCSNTSKAGKDCNITCSQLLTDDITVASKCAKKVYKRHNFMAWYGWRNHCQNKPLPDISKC,amplify_amp_positive
length_out_of_range,IIGGR,amplify_amp_positive
length_out_of_range,MQQRGLAIVALAVCAALHASEAILPIASSCCTEVSHHISRRLLERVNMCRIQRADGDCDLAAVILHVKRRRICVSPHNHTVKQWMKVQAAKKNGKGNVCHRKKHHGKRNSNRAHQGKHETYGHKTPY,amplify_amp_positive
length_out_of_range,FQSHSLPTPADERNLLQQIDCGTSCSARCRLSSRPRLCKRACGTCCARCNCVPSGTAGNLDECPCYANMTTHGNKRKCP,amplify_amp_positive
length_out_of_range,RSQPGPTCPSSVQAILCDNRCGRSACSYYIERCACCAKCNRIPYYGASNHP,amplify_amp_positive
length_out_of_range,VPPIGWF,amplify_amp_positive
length_out_of_range,SQLGDLGSGAGQGGGGGGSIRAAGGAFGKLEAAREEEFFYKKQKEQLERLKNDQIHQAEFHHQQIKEHEEAIQRHKDFLNNLHK,amplify_amp_positive
length_out_of_range,TRGSDISKTCCFQYSHKPLPWTWVRSYEFTSNSCSQRAVIFTTKRGKKVCTHPRKKWVQKYISLLKTPKQL,amplify_amp_positive
length_out_of_range,LGSCVANKIKDEFFAMISISAIVKAAQKKAWKELAVTVLRFAKANGLKTNAIIVAGQLALWAVQCGLS,amplify_amp_positive
length_out_of_range,ELLVDLL,amplify_amp_positive
length_out_of_range,QRLCEKPSGTWSGVCGNNGACRNQCIRLEKARHGSCNYVFPAHKCICYFPC,amplify_amp_positive
length_out_of_range,MLCKLSMFGAVLGVPACAIDCLPMGKTGGSCEGGVCGCRKLTFKILWDKKFG,amplify_amp_positive
length_out_of_range,WAIVLL,amplify_amp_positive
length_out_of_range,ERILDLRKTKKSCKNGEVLGCVSGHGPPGCSENECGMGPRPKACFFDCHYGCWCTGKLYRRKRDRKCVPKHECLL,amplify_amp_positive
length_out_of_range,SLQPGAPNVNNKDQPWQVSPHISRDDSGNTRTDINVQRHGENNDFEAGWSKVVRGPNKAKPTWHIGGTHRW,amplify_amp_positive
length_out_of_range,MKTFSVAVAVAVVLAFICTQESSALPVTGIEELVEPVSSDNNDNHQGLPVELRERLVNIRKKRAPTDCIPYCYPTGDGFHCGVTCRF,amplify_amp_positive
length_out_of_range,MKTFSVAVAVAIVLAFICTQESSALPVTGVEELVELVSSDDPVADHQELPVELGERLFNIRKKRASPKCTPYCYPTRDGVFCGVRCDF,amplify_amp_positive
length_out_of_range,RQRDPQQQYEQCQKHCQRRETEPRHMQTCQQRCERRYEKEKRKQQKRYEEQQREDEEKYEERMKEEDN,amplify_amp_positive
length_out_of_range,KEICCKVPTTPFLCTNDPQCKTLCSKVNYEDGHCFDILSKCVCMNRCVQDAKTLAAELIEEEFLKQ,amplify_amp_positive
length_out_of_range,LGQTPSQWFAIQHINNNANLQCNVEMQRINRFRRTCKGLNTFLHTSFANAVGVCGNPSGLCSDNISRNCHNSSSRVRITVCNITSRRRTPYTQCRYQPRRSLEYYTVACNPRTPQDSPMYPVVPVHLDGTF,amplify_amp_positive
length_out_of_range,QPWIPFV,amplify_amp_positive
length_out_of_range,IYWIADQFGIHLATGTARKLLDAVASGASLGTAFAAILGVTLPAWALAAAGALGATAA,amplify_amp_positive
length_out_of_range,MNLNGLPASTNVIDLRGKDMGTYIDANGACWAPDTPSIIMYPGGSGPSYSMSSSTSSANSGS,amplify_amp_positive
length_out_of_range,GETDPNTQLLNDLGNNMAWGAALGAPGGLGSAALGAAGGALQTVGQGLIDHGPVNVFIPVLIGPSWNGSGSGYNSATSSSGSGS,amplify_amp_positive
length_out_of_range,YPPI,amplify_amp_positive
length_out_of_range,TVKCGMNGKMPCKHGAFYTDTCDKNVFYRCVWGRPVKKHCGRGLVWNPRGFCDYA,amplify_amp_positive
length_out_of_range,QGVFEDCCLAYHYPIGWAVLRRAWTYRIQEVSGSCNLPAAIFYLPKRHRKVCGNPKSREVQRAMKLLDARNKVFAKLHHNTQTFQAGPHAVKKLSSGNSKLSSSKFSNPISSSKRNVSLLISANSGL,amplify_amp_positive
length_out_of_range,GIFSSRKCKTPSKTFKGICTRDSNCDTSCRYEGYPAGDCKGIRRRCMCSKPC,amplify_amp_positive
length_out_of_range,RICSRDKNCVSRPGVGSIIGRPGGGSLIGRPGGGSVIGRPGGGSPPGGGSFNDEFIRDHSDGNRFA,amplify_amp_positive
length_out_of_range,RSALSCQMCELVVKKYEGSADKDANVIKKDFDAECKKLFHTIPFGTRECDHYVNSKVDPIIHELEGGTAPKDVCTKLNECP,amplify_amp_positive
length_out_of_range,RLNTTFRPLNFKMLRFWGQNRNIMKHRGQKVHFSLILSDCKTNKDCPKLRRANVRCRKSYCVPI,amplify_amp_positive
length_out_of_range,AFPPPNVPGPRFPPPNFPGPRFPPPNFPGPRFPPPNFPGPRFPPPNFPGPPFPPPIFPGPWFPPPPPFRPPPFGPPRFP,amplify_amp_positive
length_out_of_range,ASVATELRCQCLQTLQGIHPKNIQSVNVKSPGPHCAQTEVIATLKNGRKACLNPASPIVKKIIEKMLNSDKSN,amplify_amp_positive
length_out_of_range,FPPWF,amplify_amp_positive
length_out_of_range,LFGSVKAWFKGAKKGFQDYRYQKDMAKMNKRYGPNWQQRGGQEPPADAQANDQPP,amplify_amp_positive
length_out_of_range,ENDHRMPNNLNRPNNLSKGGAKCGAAIAGGLFGIPKGPLAWAAGLANVYSKCN,amplify_amp_positive
length_out_of_range,EEPQRELPSARIRCPKGSKAYGSHCYALFLSPKSWTDADLACQKRPSGNLVSVLSGAEGSFVSSLVKSIGNSYSYVWIGLHDPTQGTEPNGEGWEWSSSDVMNYFAWERNPSTISSPGHCASLSRSTAFLRWKDYNCNVRLPYVCKFTD,amplify_amp_positive
length_out_of_range,VTCELLMFGGVVGDSACAANCLSMGKAGGSCNGGLCDCRKTTFKELWDKRFG,amplify_amp_positive
length_out_of_range,ASGRDIAMAIGTLSGQFVAGGIGAAAGGVAGGAIYDYASTHKPNPAMSPSGLGGTIKQKPEGIPSEAWNYAAGRLCNWSPNNLSDVCL,amplify_amp_positive
length_out_of_range,QTWLPFV,amplify_amp_positive
length_out_of_range,ETESTPDYLKNIQQQLEEYTKNFNTQVQNAFDSDKIKSEVNNFIESLGKILNTEKKEAPK,amplify_amp_positive
length_out_of_range,IVWIAKQFGVHLTTSLTQKALDLLSAGSSLGTVAAAVLGVTLPAWAVAAAGALGGTAA,amplify_amp_positive
length_out_of_range,LTANLGISSYAAKKVIDIINTGSAVATIIALVTAVVGGGLITAGIVATAKSLIKKYGAKYAAAW,amplify_amp_positive
length_out_of_range,QKLCQRPSGTWSGVCGNNNACKNQCIRLEKARHGSCNYVFPAHKCICYFPC,amplify_amp_positive
length_out_of_range,DIDFSTCARMDVPILKKAAQGLCITSCSMQNCGTGSCKKRSGRPTCVCYRCANGGGDIPLGAL,amplify_amp_positive
length_out_of_range,QKLCERSSGTWSGVCGNNNACKNQCINLEGARHGSCNYIFPYHRCICYFPC,amplify_amp_positive
length_out_of_range,FQTSEAILPMASSCCTEVSHHVSGRLLERVSSCSIQRADGDCDLAAVILHVKRRRICISPHNRTLKQWMRASEVKKNGRENVCSGKKQPSRKDRKGHTTRKHRTRGTHRHEASR,amplify_amp_positive
length_out_of_range,NGIECEMCKMSVKIVVPMLGEDTESIKKAVDAECKKEFHSIPFGTQECKKFIDTKLDPIIHELENGTAPSDVCTKLGMC,amplify_amp_positive
length_out_of_range,YETLIASVLGKLTGLWHNNSVDFMGHTCHFRRRPKVRKFKLYHEGKFWCPGWAPFEGRSRTKSRSGSSREAIKDFVRKALQNGLITQQDATVWVN,amplify_amp_positive
length_out_of_range,WLLVNG,amplify_amp_positive
length_out_of_range,KGSSSSSSSSRSSSSSYRSSGSSYRSPGSSYRSSGSYGTSGSRLSGIRPSSRSYRTGFRTAGSVGPATRPFTRPTGPLKPISRPPSRAACYSCYSASSATAIQCCTHYSLCCNLVKG,amplify_amp_positive
length_out_of_range,ATYDGKCYKKDNICKYKAQSGKTAICKCYVKVCPRDGAKCEFDSYKGKCYC,amplify_amp_positive
length_out_of_range,VPAESEAAHLRVRRGFGCPLNQGACHNHCRSIRRRGGYCSGIIKQTCTCYRN,amplify_amp_positive
length_out_of_range,FTVATFI,amplify_amp_positive
length_out_of_range,DTFDYKKFGYRYDSLELEGRSISRIDELIQQRQEKDRTFAGFLLKGFGTSAS,amplify_amp_positive
length_out_of_range,WPKRLTKAHWFEIQHIQPSPLQCNRAMSGINNYTQHCKHQNTFLHDSFQNVAAVCDLLSIVCKNRRHNCHQSSKPVNMTDCRLTSGKYPQCRYSAAAQYKFFIVACDPPQKSDPPYKLVPVHLDSIL,amplify_amp_positive
length_out_of_range,RPDFCLEPPYTGPCKARMIRYFYNAKAGLCQPFVYGGCRAKRNNFKSSEDCMRTCGGA,amplify_amp_positive
length_out_of_range,DAPGHPGKHYLQVNVPSDVRTIGVAGGGVQQCFRVTPGAWNDTRALVSNGAQVEVWGYTVADCANRTTANQKYYDKAAAPSDSSTYFWFTLKNLRV,amplify_amp_positive
length_out_of_range,YCERMMKRRSLTSPCKDVNTFIHGNKSNIKAICGANGSPYRENLRMSKSPFQVTTCKHTGGSPRPPCQYRASAGFRHVVIACENGLPVHFDESFFSL,amplify_amp_positive
length_out_of_range,TCRYWCKTPENQTYCCEDEREIPSKVGLKPGKCPPVRPVCPPTRGFFEPPKTCSNDGSCYGADKCCFDRCLGEHVCKPIQTRG,amplify_amp_positive
length_out_of_range,LIDHLGAPRWAVDTILGAIAVGNLASWVLALVPGPGWAVKAGLATAAAIVKHQGKAAAAAW,amplify_amp_positive
length_out_of_range,PTRHSKPRPQPLPRPGTCPDTSGIITTCEVTERNCFSDSQCGPGQKCCPLGCGRECLAVGPPYGKGRW,amplify_amp_positive
length_out_of_range,NLAKGKEESLDSDLYAELRCMCIKTTSGIHPKNIQSLEVIGKGTHCNQVEVIATLKDGRKICLDPDAPRIKKIVQKKLAGDES,amplify_amp_positive
length_out_of_range,LVAYGIAQGTAEKVVSLINAGLTVGSIISILGGVTVGLSGVFTAVKAAIAKQGIKKAIQL,amplify_amp_positive
length_out_of_range,NEMGGPLVVEARTCESQSHKFKGTCLSDTNCANVCHSERFSGGKCRGFRRRCFCTTHC,amplify_amp_positive
length_out_of_range,YSGKDCLKDMGGYALAGAGSGALWGAPAGGVGALPGAFVGAHVGAIAGGFACMGGMIGNKFN,amplify_amp_positive
length_out_of_range,QEFYGNCCLGHVKPMKIKGKRIESYRMQETDGDCHISAVVFLIKKKPSHVKQKTICANPQEAWVQELMAAVDSRNPKN,amplify_amp_positive
length_out_of_range,QPWLPFG,amplify_amp_positive
length_out_of_range,KPPQFTWAQWFETQHINMTSQQCTNAMQVINNYQRRCKNQNTFLLTTFANVVNVCGNPNMTCPSNKTRKNCHHSGSQVPLIHCNLTTPSPQNISNCRYAQTPANMFYIVACDNRDQRRDPPQYPVVPVHLDRII,amplify_amp_positive
length_out_of_range,GEILCNLCTGLINTLENLLTTKGADKVKDYISSLCNKASGFIATLCTKVLDFGIDKLIQLIEDKVDANAICAKIHAC,amplify_amp_positive
length_out_of_range,YAFGYPS,amplify_amp_positive
length_out_of_range,QPKGLSRAHWFEIQHIQTSRQPCNTAMRGVNNYTQHCKQINTFLHESFQNVAATCSLHNITCKNGRKNCHESAEPVKMTDCSHTGGAYPNCRYSSDKQYKFFIVACEHPKKEDPPYQLVPVHLDKIV,amplify_amp_positive
length_out_of_range,EEESEVAHLRVRRGFGCPLNQGACHRHCRSIRRRGGYCSGIIKQTCTCYRN,amplify_amp_positive
length_out_of_range,AACARFIDDFCDTLTPNIYRPRDNGQRCYAVNGHRCDFTVFNTNNGGNPIRASTPNCKTVLRTAANRCPTGGRGKINPNAPFLFAIDPNDGDCSTNF,amplify_amp_positive
length_out_of_range,DGNDGQAELIAIGSLAGTFISPGFGSIAGAYIGDKVHSWATTATVSPSMSPSGIGLSSQFGSGRGTSSASSSAGSGS,amplify_amp_positive
length_out_of_range,ASVVTELRCQCLQTLQGIHLKNIQSVNVRSPGPHCAQTEVIATLKNGKKACLNPASPMVQKIIEKILNKGSTN,amplify_amp_positive
length_out_of_range,MQLSTIFCFAVLIACARAQVFVKPGHKDEDLAWMRSMGKGHVFGTLGSTDGSLIGKLGYKQNIYNDQRGNLGGTAYGSRVINEYGGTSSFGGKLDWKNANDNARASLDVHKQVGGSSGMTLTGDGVWKLDSKTRLVAGGNLDKTFGYSKPELGIQAKIEHDFK,amplify_amp_positive
length_out_of_range,MGYGDIMKVDTSGASMKTAGQDRLTYAGVAASNTMAQTDLGRMNNYKAIIQRVGGKKDVDPAIIAGIISRESRAGNVLVNGWGDNGNAWGLMQVDKRYHTPQGGWNSEEHLSQGTDIISFIKQVQGKFPSWTAEQQLKGGIAAYNIGLGGVQTYERMDVGTTGDDYSSDVVARAQWYKSQGGF,amplify_amp_positive
length_out_of_range,DEDDD,amplify_amp_positive
length_out_of_range,KSTVGQKLKKKLNQAVDKVKEVLNKSEYMCPVVSSFCKQHCARLGKSGQCDLLECICS,amplify_amp_positive
length_out_of_range,NGVQPKY,amplify_amp_positive
length_out_of_range,DIDITGCSACKYAAGQVCTIGCSAAGGFICGLLGITIPVAGLSCLGFVEIVCTVADEYSGCGDAVAKEACNRAGLC,amplify_amp_positive
length_out_of_range,RHRHCFSQSHKFVGACLRESNCENVCKTEGFPSGECKWHGIVSKCHCKRIC,amplify_amp_positive
length_out_of_range,KRDPQQREYEDCRRRCEQQEPRQQHQCQLRCREQQRQHGRGGDMMNPQRGGSGRYEEGEEEQS,amplify_amp_positive
length_out_of_range,MVFAYAPTCARCKSIGARYCGYGYLNRKGVSCDGQTTINSCEDCKRKFGRCSDGFITECFL,amplify_amp_positive
length_out_of_range,GGFGCPFNIDNQGNCHNHCQSIRGRKGGYCHGIPKQTCKCYKPMGYKTRPPFILG,amplify_amp_positive
length_out_of_range,MQSSILLIFAAFVACTYAQVSLPPGYAQKYPQYKYSKVARHPRDTTWEHNVGRGKIFGTLGSNDDSVFGRGGYKQDIFNDHRGRLSGQAYGSRVINDYGGSSILGGKLDWSNDNARAALDVHKEIGRGSGMKLSGDGVWKLDHNTRFSAGGNLQKNFGHNRPEFGIQGKIEHDF,amplify_amp_positive
length_out_of_range,SLFELGKMILQETGKNPAKSYGAYGCNCGVLGRGKPKDATDRCCYVHKCCYKKLTGCDPKKDRYSYSWKDKTIVCGENNPCLKELCECDKAVAICLRENLGTYNKKYRYHLKPFCKKADPC,amplify_amp_positive
length_out_of_range,DSYKKIDCGGACAARCRLSSRPRLCHRACGTCCARCNCVPPGTSGNTETCPCYASLTTHGNKRKCP,amplify_amp_positive
length_out_of_range,FVPIWM,amplify_amp_positive
length_out_of_range,YAFWYPN,amplify_amp_positive
length_out_of_range,EVYRSSDYEKEYPIRGLFSKRHPRDVTWDTRMGGGKVFGTLGQNDDGLFGKAGYNREIFNDDRGQLTGQAYGTRVLGPGGDSTNYGGRLDWANKNAQAAIDINRQIGGRSGMTASGSGVWDLDKNTHISAGGMVSKEFGHRRPDVGLQAEIRHEW,amplify_amp_positive
length_out_of_range,ATTGCSCPQCIIFDPICASSYKNGRRGFSSGCHMRCYNRCHGTDYFQISKGSKCI,amplify_amp_positive
length_out_of_range,ACVNQCPDAIDRFIVKDKGCHGVEKKYYKQVYVACMNGQHLYCRTEWGGPCQL,amplify_amp_positive
length_out_of_range,QKLCERPSGTWSGVCGNNGACRNQCIRLERARHGSCNYVFPAHKCICYFPC,amplify_amp_positive
length_out_of_range,QWGYGGYGRGYGGYGGYGRGYGGYGGYGRGYGGYGRGMYGGYGRPYGGYGWGK,amplify_amp_positive
length_out_of_range,MINRTDCNENSYLEIHNNEGRDTLCFANAGTMPVAIYGVNWVESGNNVVTLQFQRNLSDPRLETITLQKWGSWNPGHIHEILSIRIY,amplify_amp_positive
length_out_of_range,VAGALGVQTAAATTIVNVILNAGTLVTVLGIIASIASGGAGTLMTIGWATFKATVQKLAKQSMARAIAY,amplify_amp_positive
length_out_of_range,LEYWGKCTKAENRCKYKNDKGKDVLQNCPKFDNKKCTKDGNSCKWDSASKALTCY,amplify_amp_positive
length_out_of_range,LCLDQKPEMEPFRKDAQQALEPSRQRRWLHRRCLSGRGFCRAICSIFEEPVRGNIDCYFGYNCCRRMFSHYRTS,amplify_amp_positive
length_out_of_range,KPKDMTSSQWFKTQHVQPSPQACNSAMSIINKYTERCKDLNTFLHEPFSSVAITCQTPNIACKNSCKNCHQSHGPMSLTMGELTSGKYPNCRYKEKHLNTPYIVACDPPQQGDPGYPLVPVHLDKVV,amplify_amp_positive
length_out_of_range,TVKCGMNGKMPCKHGAFYTDTCDKNVFYRCVWGRPVKKACGRGLVWNPRGFCDYA,amplify_amp_positive
length_out_of_range,QDNSRYTHFLTQHYDAKPQGRDDRYCESIMRRRGPTSPCKDINTFIHGNKRSIKAICENKNGNPHRENLRISKSSFQVTTCKLHGGSPWPPCQYRATAGFRNVVVACENGLPVHLDQSIFRRPRP,amplify_amp_positive
length_out_of_range,AIPKCCVGTSRNIPLSILMRVERYDVQHNHGACEIDAVVLHANGRKYCADPRVKKVLGVAMQIRKAQLMREKLNSIMRR,amplify_amp_positive
length_out_of_range,QVSMPPGYAEKYPITSQFSRSVRHPRDIHDFVTWDREMGGGKVFGTLGESDQGLFGKGGYNREFFNDDRGKLTGQAYGTRVLGPGGDSTSYGGRLDWANENAKAAIDLNRQIGGSAGIEASASGVWDLGKNTHLSAGGVVSKEFGHRRPDVGLQAQITHEW,amplify_amp_positive
length_out_of_range,YRQSMNNFQGLRSFGCRFGTCTVQKLAHQIYQFTDKDKDNVAPRSKISPQGY,amplify_amp_positive
length_out_of_range,AMVGT,amplify_amp_positive
length_out_of_range,SGKSFKAGVCPPKKSAQCLRYKKPECQSDWQCPGKKRCCPDTCGIKCLDPVDTPNPTRRKPGKCPVTYGQCLMLNPPNFCEMDGQCKRDLKCCMGMCGKSCVSPVKA,amplify_amp_positive
length_out_of_range,KQTKQMVDCSHYKKLPPGQQRFCHHMYDPICGSDGKTYKNDCFFCSKVKKTDGTLKFVHFGKC,amplify_amp_positive
length_out_of_range,ENDHRMPYELNRPNNLSKGGAKCAAGILGAGLGAVGGGPGGFISAGISAVLGCM,amplify_amp_positive
length_out_of_range,RARAPHKAWYNCMTDAGISGAIAGAVAGCAATIEIGCVEGAIAGIGPSGIASMIAALWTCRSKY,amplify_amp_positive
length_out_of_range,RRSKARGGSRGSKMGRKDSKGGSRGRPGSGSRPGGGSSIAGASRGDRGGTRNA,amplify_amp_positive
length_out_of_range,YSYKKIDCGGACAARCRLSSRPRLCNRACGTCCARCNCVPPGTSGNTETCPCYASLTTHGNKRKCP,amplify_amp_positive
length_out_of_range,QGGIASCCRRHSKTQINREHLTHYYEQHRPPCPIKAVVFYVIGGARICADPNKVWTKTSKAFLDGVHYQRQHTSSKVSF,amplify_amp_positive
length_out_of_range,GKNPTLQCMGNRGFCRPSCKKGEQAYFYCRTYQICCLQSHVRISLTGVEDNTNWSYEKHWPRIP,amplify_amp_positive
length_out_of_range,QWGGG,amplify_amp_positive
length_out_of_range,GHLGRPYIGGGGGFNRGGGFHRGGGFHRGGGFQSGGGFHRGGGFHSGGSFGYR,amplify_amp_positive
length_out_of_range,VGSEVSDKRTCVSLTTQRLPVSRIKTYTITEGSLRAVIFITKRGLKVCADPQATWVRDVVRSMDRKSNTRNNMIQTKPTGTQQSTNTAVTLTG,amplify_amp_positive
length_out_of_range,GGWLDIVKAIVVPAARETIKTQEITLLDHYCTLSRSPYIKSLELHYRAEVTCPGWTIIRGRGSNHRNPTNSGKDALKDFMTQAVAAGLVTKEEAAPWLN,amplify_amp_positive
length_out_of_range,GGFGCPFNIDNQGNCHNHCQSIRGRKGGYCHGIPKQTCKCYKPMGYKARPPFILG,amplify_amp_positive
length_out_of_range,NWYVKKCLNDVGICKKKCKPEEMHVKNGWAMCGKQRDCCVPADRRANYPVFCVQTKTTRISTVTATTATTTLMMTTASMSSMAPTPVSPTG,amplify_amp_positive
length_out_of_range,DMSPPWH,amplify_amp_positive
length_out_of_range,GNANSNYEGGGSRSRNTGARNSLGRNAPTHIYSDPSTVKCANAVFSGMVGGAIKGGPVGMTRGTIGGAVIGQCLSGGGNGNGGGNRAGSSNCSGSNVGGTCSR,amplify_amp_positive
length_out_of_range,IYEPEIA,amplify_amp_positive
length_out_of_range,SNFDCCLGYTDRILHPKFIVGFTRQLANEGCDINAIIFHTKKKLSVCANPKQTWVKYIVRLLSKKVKNM,amplify_amp_positive
length_out_of_range,NPLIPAIYIGATVGPSVWAYLVALVGAAAVTAANIRRASSDNHSCAGNRGWCRSKCFRHEYVDTYYSAVCGRYFCCRSR,amplify_amp_positive
length_out_of_range,VPTRHARPRPQPRPRPGTCPDTSDIVSICVVTERNCFSDGECGAGQKCCPIGCGRECLAVGSPYGK,amplify_amp_positive
length_out_of_range,PPSTACCTQLYRKPLSDKLLRKVIQVELQEADGDCHLQAFVLHLAQRSICIHPQNP,amplify_amp_positive
length_out_of_range,GVIPGQKQCIALKGVCRDKLCSTLDDTIGICNEGKKCCRRWWILEPYPTPVPKGKSP,amplify_amp_positive
length_out_of_range,HHQELCTKGDDALVTELECIRLRISPETNAAFDNAVQQLNCLNRACAYRKMCATNNLEQAMSVYFTNEQIKEIHDAATACDPEAHHEHDH,amplify_amp_positive
length_out_of_range,LEYKGECFTKDNTCKYKIDGKTYLAKCPSAANTKCEKDGNKCTYDSYNRKVKCDFRH,amplify_amp_positive
length_out_of_range,GFFGNTWKKIKGKADKIMLKKAVKIMVKKEGISKEEAQAKVDAMSKKQIRLYLLKYYGKKALQKASEKL,amplify_amp_positive
length_out_of_range,RMRRSKSGKGSGGSKGSGSKGSKGSKGSGSKGSGSKGGSRPGGGSSIAGGGSKGKGGTQTA,amplify_amp_positive
length_out_of_range,VTCDLLSFKGQVNDSACAANCLSLGKAGGHCEKVGCICRKTSFKDLWDKRF,amplify_amp_positive
length_out_of_range,RVPPYLGRDCKHWCRDNNQALYCCGPPGITYPPFIRKHPGKCPSVRSTCTGVRSSRPKFCPHDDACEFRSKCCYDACVKHHVCKTVEFY,amplify_amp_positive
length_out_of_range,YLAFRCGRYSPCLDDGPNVNLYSCCSFYNCHKCLARLENCPKGLHYNAYLKVCDWPSKAGCT,amplify_amp_positive
length_out_of_range,NVTPATKPTPSKPGYCRVMDELILCPDPPLSKDLCKNDSDCPGAQKCCYRTCIMQCLPPIFRE,amplify_amp_positive
length_out_of_range,QPDALNVPSTCCFTFSSKKISLQRLKSYVITTSRCPQKAVIFRTKLGKEICADPKEKWVQNYMKHLGRKAHTLKT,amplify_amp_positive
length_out_of_range,MSGRGKGGKVKGKSKSRSSRAGLQFPVGRIHRLLRKGNYAERVGAGAPVYLAAVMEYLAAEVLELAGNAARDNKKTRIVPRHLQLAIRNDEELNKLLSGVTIAQGGVLPNIQAVLLPKKTEKK,amplify_amp_positive
length_out_of_range,SVRTQDNAVNRQIFGSNGPYRDFQLSDCYLPLETNPYCNEWQFAYHWNNALMDCERAIYHGCNRTRNNFITLTACKNQAGPICNRRRH,amplify_amp_positive
length_out_of_range,GWLDRIIGTAVDSVAEFGTTNIVDQICNTRVMPTIKKFELYFRGRVWCPGWTTIQGESLTRSRTRVVNKAVEDFARKAVAAGLMTQEDANPLLNA,amplify_amp_positive
length_out_of_range,KPPAWVP,amplify_amp_positive
length_out_of_range,AKYTGKCTKSKNECKYKNDAGKDTFIKCPKFDNKKCTKDNNKCTVDTYNNAVDCD,amplify_amp_positive
length_out_of_range,WLLINK,amplify_amp_positive
length_out_of_range,RKKWFW,amplify_amp_positive
length_out_of_range,VVIPSPCCMFFVSKRIPENRVVSYQLSSRSTCLKAGVIFTTKKGQQSCGDPKQEWVQRYMKNLDAKQKKASPRARAVA,amplify_amp_positive
length_out_of_range,DRGYGGGRRGGGYGGGGYGGGGGGYGGGGGGYGGGVGGGRGGGGGLGGGRGGGGGLVDGKDDVGLGGGGYGGGLGGGQGGGGGLGGGQGGGGGLGGGRGGGGYGGGGGGYGGGKYGGGKY,amplify_amp_positive
length_out_of_range,MKFFTLLAALMALFAICNNFSMVSASRDSRPVQPRVQPPPPPPKQKPSIYDTPIRRPGGQKTMYA,amplify_amp_positive
length_out_of_range,LGKFSQTCYNSAIQGSVLTSTCERTNGGYNTSSIDLNSVIENVDGSLKWQPSNFIETCRNTQLAGSSELAAECKTRAQQFVSTKINLDDHIANIDGTLKYE,amplify_amp_positive
length_out_of_range,NPANPLNLKKHHGVFCDVCKALVEGGEKVGDDDLDAWLDVNIGTLCWTMLLPLHHECEEELKKVKKELKKDIENKDSPDKACKDVDLC,amplify_amp_positive
length_out_of_range,GPYGANMEDSVCCRDYVRYRLPLRVVKHFYWTSDSCPRPGVVLLTFRDKEICADPRVPWVKMILNKLSQ,amplify_amp_positive
length_out_of_range,GDVNWVDVGKTVATNGAGVIGGAFGAGLCGPVCAGAFAVGSSAAVAALYDAAGNSNSAKQKPEGLPPEAWNYAEGRMCNWSPNNLSDVCL,amplify_amp_positive
length_out_of_range,MGPVNEANCKAAMEIVCRREFGHKEEEDASEGVTTGDPDCPFTKAIPREEYANKYGPTIGDKIRLGDTDLIAEIEKDFALYGDESVFGGGKVI,amplify_amp_positive
length_out_of_range,VPLSRTVRCTCISISNQPVNPRSLEKLEIIPASQFCPRVEIIATMKKKGEKRCLNPESKAIKNLLKAVSKERSKRSP,amplify_amp_positive
length_out_of_range,EFRGSIVIQGTKEGKSRPSLDIDYKQRVYDKNGMTGDAYGGLNIRPGQPSRQHAGFEFGKEYKNGFIKGQSEVQRGPGGRLSPYFGINGGFRF,amplify_amp_positive
length_out_of_range,GWMSEKKVQGILDKKLPEGIIRNAAKAIVHKMAKNQFGCFANVDVKGDCKRHCKAEDKEGICHGTKCKCGVPISYL,amplify_amp_positive
length_out_of_range,YEALVASILGKLSGLWHSDTVDFMGHTCHIRRRPKFRKFKLYHEGKFWCPGWTHLEGNSRTKSRSGSARDAIKDFVYKALQNKLITENNAAAWLK,amplify_amp_positive
length_out_of_range,GRDYRTCLTIVQKLKKMVDKPTQRSVSNAATRVCRTGRSRWRDVCRNFMRRYQSRVTQGLVAGETAQQICEDLR,amplify_amp_positive
length_out_of_range,DRGYGGGRRGGGYGGGGYGGGGYGGGGGGYGGGVGGGRGGGGGLGGGRGGGGGVIDGKDDVGLGGGGYGGGLGGGQGGGGGLGGGRGGGGYGGGGGGYGGGKYGGGKYG,amplify_amp_positive
length_out_of_range,QKLCERPSGTWSGVCGNNNACRNQCINLEKARHGSCNYVFPAHKCICYFPC,amplify_amp_positive
length_out_of_range,GTDSGRFCSSICGQRCSKAGMKDRCMKFCGICCGKCKCVPSGTYGNKHECPCYRDMKNSKGKPKCP,amplify_amp_positive
length_out_of_range,QWGYGGYGRGYGGYGGYGRGMYGGYGRGMYGGYGRGMYGGYGRGMYGGWGK,amplify_amp_positive
length_out_of_range,ECELAKVDGGYTPKNCAMAVGGGMLSGAIRGGMSGTVFGVGTGNLAGAFAGAHIGLVAGGLACIGGYLGSH,amplify_amp_positive
length_out_of_range,GVVLNVNPGKSLEEPAVKHLKVSPVNANEVPVLKELKSVQKTKSGDTLYGFVCTVGQIKTDSLGCVGSDSVAWPSEQNVELTVSCDKSNVGRIITYVEVHFVVSTQNVGCNVSAGSIGTSSIEVKVYAAGTNYLEYSSLFYIQ,amplify_amp_positive
length_out_of_range,IYWIADQFGIHLATGTARKLLDAMASGASLGTAFAAILGVTLPAWALAAAGALGATAA,amplify_amp_positive
length_out_of_range,MAKEFGIPAAVAGTVLNVVEAGGWVTTIVSILTAVGSGGLSLLAAAGRESIKAYLKKEIKKKGKRAVIAW,amplify_amp_positive
length_out_of_range,FRWWHR,amplify_amp_positive
length_out_of_range,MAKEFGIPAAVAGTVINVVVAGGWVTTIVSILTAVGSGGLSLLAAAGRESIKAYLKKEIKKKGKRAVIAW,amplify_amp_positive
length_out_of_range,YHPF,amplify_amp_positive
length_out_of_range,MASYKVNIPAGPLWSNAEAQQVGPKIAAAHQGNFTGQWTTVVESAMSVVEVELQVENTGIHEFKTDVLAGPLWSNDEAQKLGPQIAASYGAEFTGQWRTIVEGVMSVIQIKYTF,amplify_amp_positive
length_out_of_range,SLFELGKMILQETGKNPAKSYGAYGCNCGVLGRGKPKDATDRCCYVHKCCYKKLTGCNPKKDRYSYSWKDKTIVCGENNSCLKELCECDKAVAICLRENLNTYNKKYRYYLKPLCKKADAC,amplify_amp_positive
length_out_of_range,DVYKGGGGGRYGGGRYGGGGGYGGGLGGGGLGGGGLGGGKGLGGGGLGGGGLGGGGLGGGGLGGGKGLGGGGLGGGGLGGGGLGGGGLGGGKGLGGGGLGGGGLGGGRGGGYGGGGGYGGGYGGGYGGGKYKG,amplify_amp_positive
length_out_of_range,GRPSPSPSCRSWCKRPGHPEKNAFYCCDFGIGTVGKPFATHPGKCPHRPICPEGLYTRGPAPTVCAHDGQCSKHEKCCADACLEHHTCLLADP,amplify_amp_positive
length_out_of_range,RPPQFTRAQWFAIQHISLNPPRCTIAMRAINNYRWRCKNQNTFLRTTFANVVNVCGNQSIRCPHNRTLNNCHRSRFRVPLLHCDLINPGAQNISNCTYADRPGRRFYVVACDNRDPRDSPRYPVVPVHLDTTI,amplify_amp_positive
length_out_of_range,DEDLDE,amplify_amp_positive
length_out_of_range,VIEPKCYKYEGKKCPPDINPVCGTDKRTYYNECALCVFIRQSTKKADKAIKIKKWGKC,amplify_amp_positive
length_out_of_range,FSFKRLKGFAKKLWNSKLARKIRTKGLKYVKNFAKDMLSEGEEAPPAAEPPVEAPQ,amplify_amp_positive
length_out_of_range,QNCPTRRGLCVTSGLTACRNHCRSCHRGDVGCVRCSNAQCTGFLGTTCTCINPCPRC,amplify_amp_positive
length_out_of_range,KPLWRL,amplify_amp_positive
length_out_of_range,FTPSVSFSQNGGVVEAAAQRGYIYKKYPKGAKVPNKVKMLVNIRGKQTMRTCYLMSWTASSRTAKYYYYI,amplify_amp_positive
length_out_of_range,SLQPGAPKLPYAWSRKQEGWKFDPSLTRGEDGNTLGSINIHHTGRNHEVGANWNKVIRGPGKAKPTYSIHGSWRW,amplify_amp_positive
length_out_of_range,TVVTNA,amplify_amp_positive
length_out_of_range,GPASVPTTCCFNLANRKIPLQRLESYRRITSGKCPQKAVIFKTKLAKDICADPKKKWVQDSMKYLDQKSPTPKP,amplify_amp_positive
length_out_of_range,DIDITGCSACKYAAGQVCTIGCSAAGGFICGLLGITIPVAGLSSLGFFVITCTTSADYYSIPDSNAAK,amplify_amp_positive
length_out_of_range,SLQPGAPNFPIPGQEKQEGWKFDPSLTRGEDGNTLGSINIHHTGPNHEVGANWDKVIRGPGKAKPTYSIHGSWRW,amplify_amp_positive
length_out_of_range,KVFERCELARTLKRLGMDGYRGISLANWMCLAKWESGYNTRATNYNAGDRSTDYGIFQINSRYWCNDGKTPGAVNACHLSCSALLQDNIADAVACAKRVVRDPQGIRAWVAWRNRCQNRDVRQYVQGCGV,amplify_amp_positive
length_out_of_range,MAGFLKVVQILAKYGSKAVQWAWANKGKILDWINAGQAIDWVVEKIKQILG,amplify_amp_positive
length_out_of_range,NLPIVERPVCKDSTRIRITDNMFCAGYKPDEGKRGDACEGDSGGPFVMKSPFNNRWYQMGIVSWGEGCDRDGKYGFYTHVFRLKKWIQKVIDQFGE,amplify_amp_positive
length_out_of_range,RRGKDSGGPKMGRKDSKGCWRGRPGSGSRPGFGSGIAGASGVNHVGTLPASNSTTHPLDNCKISPQ,amplify_amp_positive
length_out_of_range,MHFTASLLFIGLACAFSSAWAYPYPDPREIVNLQPEPLAYAPNFDVPLHRVRRQFQLNGGGGGSPKQGFDLSLNGRAPVWQSPNGRHSFDATGSYAQHLGGPYGNSRPQWGAGGVYTFRF,amplify_amp_positive
length_out_of_range,DDMTMKPTPPPQYPLNLQGGGGGGSGDGFGFAVQGHQKVWTSDNGRHEIGLNGGYGQHLGGPYGNSEPSWKVGSTYTYRFPNF,amplify_amp_positive
length_out_of_range,EVYGPSDYAEDYSISGQSSRRHPRDVTWDKQMGGGKVFGTLGQNDDGLFGKAGYNKEIFNDDRGKLTGQAYGTRVLGPGGDSTNYGGRLDWANKNAQATIDLNRQIGGRSGMTASGSGVWDLDKNTHFSAGGMVSKEFGHKRPDVGLQAEIRHDW,amplify_amp_positive
length_out_of_range,YEALVTSILGKLTGLWHNDSVDFMGHICYFRRRPKIRRFKLYHEGKFWCPGWAPFEGRCKYCVVF,amplify_amp_positive
length_out_of_range,GFREKHFQRFVKYAVPESTLRTVLQTVVHKVGKTQFGCPAYQGYCDDHCQDIEKKEGFCHGFKCKCGIPMGF,amplify_amp_positive
length_out_of_range,HRPYCGSKGGIGGGHGGGSGGFGGGGGFGGGGLGGGKPIGIGGGGGFGGGSGFGGGVGLKPNVGGGGGFGGGGGGFGGGIGLKPNVGGGGGFGGGIGLKPNVGGGGGFGGGGGGFGGGGGGFGGGFGGGKLIGGGIGWRRWWLCRKQRLRKVNHL,amplify_amp_positive
length_out_of_range,MRILYLLFSVLFLVLQVSPGLSLPQRDMFLCRIGSCHFGRCPIHLVRVGSCFGFRSCCKSPWDV,amplify_amp_positive
length_out_of_range,FCHLCEDLIKDGKEAGDVALDVWLDEEIGSRCKDFGVLASECFKELKVAEHDIWEAIDQEIPEDKTCKEAKLC,amplify_amp_positive
length_out_of_range,QYGYGPMMGGYGPGMMGGYGPGMMGGYGPGMMGGYGPGMMGGYGMSPMYGGYGMYRPGLLGMLLG,amplify_amp_positive
length_out_of_range,VLLFLFQAAPGSADAPFADTAACRSQGNFCRAGACPPTFAASGSCHGGLLNCCAK,amplify_amp_positive
length_out_of_range,ELTEAQRRGLQVALEEFHKHPPVQWAFQETSVESAVDTPFPAGIFVRLEFKLQQTSCRKRDWKKPECKVRPNGRKRKCLACIKLGSEDKVLGRLVHCPIETQVLREAEEHQETQCLRVQRAGEDPHSFYFPGQFAFS,amplify_amp_positive
length_out_of_range,NRWYCNSAAGGVGGAAGCVLAGYVGEAKENIAGEVRKGWGMAGGFTHNKACKSFPGSGWASG,amplify_amp_positive
length_out_of_range,SDGGAQDCCLKYSQRKIPAKVVRSYRKQEPSLGCSIPAILFLPRKRSQAELCADPKELWVQQLMQHLDKTPSPQKPAQGCRKDRGASKTGKKGKGSKGCKRTERSQTPKGP,amplify_amp_positive
length_out_of_range,ACSAG,amplify_amp_positive
length_out_of_range,FFGRLKSMWRGARGGLKAYKYQKDMAKMNKRYGPNWQQGGGQEPPADAQANDQPP,amplify_amp_positive
length_out_of_range,WNPFRKLYRKECNDVTSCDTVSGVKTCTKKNCCHRKFFGKTILKAPECTVIS,amplify_amp_positive
length_out_of_range,KDGYLVGNDGCKYSCFTRPGTYCANECSRVKGKDGYCYAWMACYCYSMPNWVKTWNRATNRCGR,amplify_amp_positive
length_out_of_range,QRGSRGQRCGPGEVFNQCGSACPRVCGRPPAQACTLQCVSGCFCRRGYIRTQRGGCIPERQCHQR,amplify_amp_positive
length_out_of_range,QGWEAVAAAVASKIVGLWRNEKTELLGHECKFTVKPYLKRFQVYYKGRMWCPGWTAIRGEASTRSQSGVAGKTAKDFVRKAFQKGLISQQEANQWLSS,amplify_amp_positive
length_out_of_range,YVDREINLFDHYCIISRSPHISRWELKWQATVTCPGWTPVKGKVRGYSNPLSAEREATRDFVQRIVQRGLVTRDEASEWL,amplify_amp_positive
length_out_of_range,YAFGYP,amplify_amp_positive
length_out_of_range,QGYKGPYTRPILRPYVRPVVSYNACTLSCRGITTTQARSCSTRLGRCCHVAKGYS,amplify_amp_positive
length_out_of_range,AAEFPDFYDSEEQMGPHQEAEDEKDRADQRVLTEEEKKELENLAAMDLELQKIAEKFSQR,amplify_amp_positive
length_out_of_range,TVVTQA,amplify_amp_positive
length_out_of_range,LSKFGGECSLKHNTCTYLKGGKNHVVNCGSAANKKCKSDRHHCEYDEHHKRVDCQTPV,amplify_amp_positive
length_out_of_range,KAVAAKKSPKKAKKPATPKKAAKSPKKVKKPAAAAKKAAKSPKKATKAAKPKAAKPKAAKAKKAAPKKK,amplify_amp_positive
length_out_of_range,KPVSLSYRCPCRFFESHVARANVKHLKILNTPNCALQIVARLKNNNRQVCIDPKLKWIQEYLEKALNK,amplify_amp_positive
length_out_of_range,KFKWGKLFSTAKKLYKKGKKLSKNKNFKKALKFGKQLAKNLQAGEEHEPGTPVGNNKCWAIGTTCSDDCDCCPEHHCHCPAGKWLPGLFRCTCQVTESDKVNKCPPAE,amplify_amp_positive
length_out_of_range,SRSGRGSGKGGRGGSRGSSGSRGSKGPSGSRGSSGSRGSKGSRGGRSGRGSTIAGNGNRNNGGTRTA,amplify_amp_positive
length_out_of_range,HHHFGRIGHELHKGVKKVEKVTSDVNKVTNGVKQVANGIAKAKTVIEAGSIAGAVAAAAA,amplify_amp_positive
length_out_of_range,PKRKSATKGDEPARRSARLSARPVPKPAAKPKKAAAPKKAVKGKKAAENGDAKAEAKVQAAGDGAGNAK,amplify_amp_positive
length_out_of_range,QKLCERPSGTWSGVCGNNNACKNQCINLEKARHGSCNYVFPAHKCICYFPC,amplify_amp_positive
length_out_of_range,FPPWVL,amplify_amp_positive
length_out_of_range,FPPWL,amplify_amp_positive
length_out_of_range,GSGPTYCWNEANNPGGPNRCSNNKQCDGARTCSSSGFCQGTSRKPDPGPKGPTYCWDEAKNPGGPNRCSNSKQCDGARTCSSSGFCQGTAGHAAA,amplify_amp_positive
length_out_of_range,TDTNVIGECFDEWSRCHRQTRWWTKILFQSCENRCKCKVQLMGNCIKVPFKCFLWKQKRFMCECYGPISGTKPWYCGWEL,amplify_amp_positive
length_out_of_range,YL,amplify_amp_positive
length_out_of_range,EVYSEYEEGYPISGQFSKRHPRDVTWDKQVGGGKVFGTLGQNDDGLFGKAGYNREIFNDDRGKLTGQAYGTRVLGPAGDSTNYGGRLDWANKNAEAAIDINRQIGGRSGMTATGSGVWDLDKNTRLSAGGMISKEFGHRRPDVGVQAEFRHDW,amplify_amp_positive
length_out_of_range,AVTCNTVVSSLAPCVPFFAGSAAQPTAACCNGVRSLNSAARTTPDRRTACNCIKSSASSIGLNYNKAAKLPSRCTVNVTVPISPSVNCAT,amplify_amp_positive
length_out_of_range,LVATGMAAGVAKTIVNAVSAGMDIATALSLFSGAFTAAGGIMALIKKYAQKKLWKQLIAA,amplify_amp_positive
length_out_of_range,KPKGMTSSQWFKIQHMQPSPQACNSAMKNINKHTKRCKDLNTFLHEPFSSVAATCQTPKIACKNGDKNCHQSHGAVSLTMCKLTSGKYPNCRYKEKRQNKSYVVACKPPQKKDSQQFHLVPVHLDRVL,amplify_amp_positive
length_out_of_range,SSFSPPRGPPGWGPPCVQQPCPKCPYDDYKCPTCDKFPECEECPHISIGCECGYFSCECPKPVCEPCESPIAELIKKGGYKG,amplify_amp_positive
length_out_of_range,QVYKGGYTRPIPRPPPFVRPLPGGPIGPYNGCPVSCRGISFSQARSCCSRLGRCCHVGKGYS,amplify_amp_positive
length_out_of_range,MQIFVKTLTGKTITLEVEPSDTIENVKAKIQDKEGIPPDQQRLIFAGKQLEDGRTLSDYNIQKESTLHLVLRLR,amplify_amp_positive
length_out_of_range,ESFLKSKTGYQGVQTLPGFIGGSQPHLGGGIGGGRPFISQPNLGGGIGGGIGGGKPFIPQPNLGGGIGSTRPFPRPQYGDYGSRNSCNRQCPSTYGGRGICCRRWGSCCPTNYK,amplify_amp_positive
length_out_of_range,HHLFGKVGREIERSAHKVGHKLEHVRHEVSKTAKKVDKVVGHIKTAKKVVAAAGAIAGVVAAA,amplify_amp_positive
length_out_of_range,GHLGRPYIGGGGGFNRGGGFHRGGGFHRGGGFHSGGGFHRGGGFHSGGSFGYR,amplify_amp_positive
length_out_of_range,SGRGKTGGKARAKAKTRSSRAGLQFPVGRVHRLLRKGNYAHRVGAGAPVYL,amplify_amp_positive
length_out_of_range,QWGYGGPYGGYGGGYGGGPWGYGGGWRRRHWGGYGGGPWGGYGGGPWGGYYGK,amplify_amp_positive
length_out_of_range,GAILCNLCKDTVKLVENLLTVDGAQAVRQYIDNLCGKASGFLGTLCEKILSFGVDELVKLIENHVDPVVVCEKIHAC,amplify_amp_positive
length_out_of_range,QPWLPFR,amplify_amp_positive
length_out_of_range,VSCGDVTSSIAPCLSYVMGRESSPSSSCCSGVRTLNGKASSSADRRTACSCLKNMASSFRNLNMGNAASIPSKCGVSVAFPISTSVDCSKIN,amplify_amp_positive
length_out_of_range,MAAPRLTLSVFVLMLAFITLSEGLRGTGPKKCCFRFFESPVQKERVLSYIKTSQRCPQPAVLLKTVAGRQLCAKPSASWVKDLISYLDAKPGEVSN,amplify_amp_positive
length_out_of_range,DGIWTQLIFTLVKNLATLWQSGDFQFLDHECHYRIKPTFRRLKWKYKGKFWCPSWTSITGRATKSSRSGAVEHSVRNFVGQAKSSGLITQRQAEQFISQYN,amplify_amp_positive
length_out_of_range,SLQGGAPNFPQPSQQNGGWQVSPDLGRDDKGNTRGQIEIQNKGKDHDFNAGWGKVIRGPNKAKPTWHVGGTYRR,amplify_amp_positive
length_out_of_range,YSSKDCLKDIGKGIGAGTVAGAAGGGLAAGLGAIPGAFVGAHFGVIGGSAACIGGLLGN,amplify_amp_positive
length_out_of_range,AKISGPEETSELPEVVSEERVPATATEPMADLRHGVTREPISPASKDSLRDKFKEKLDKWFHRPNLLSKRD,amplify_amp_positive
length_out_of_range,APLATELRCQCLQTLQGIHLKNIQSVKVKSPGPHCAQTEVIATLKNGQKACLNPASPMVKKIIEKMLKNGKSN,amplify_amp_positive
length_out_of_range,KPWERE,amplify_amp_positive
length_out_of_range,QSWHGGRPGGFPGGGRPGGFPGGGRPGGRPGGFPSVTAPPASCRRWCETPENAFYCCESRYEPEAPVGTKILDCPKVRDTCPPVRFLAVEQPVPCSSDYKCGGLDKCCFDRCLGQHVCKPPSFYEFFA,amplify_amp_positive
length_out_of_range,RRIRPRPPRLPRPRPRPLPFPRPGPRPIPRPLPFPRPGPRPIPRPLPFPRPGPRPIPRPL,amplify_amp_positive
length_out_of_range,QNERYEKFLRQHYDAKPNGRDDRYCESMMKERKLTSPCKDVNTFIHGTKKNIRAICGKKGSPYGENFRISNSPFQITTCTHSGASPRPPCGYRAFKDFRYIVIACEDGWPVHFDESFISP,amplify_amp_positive
length_out_of_range,AELRCMCIKTTSGIHPKNIQSLEVIGKGTHCNQVEVIATLKDGRKICLDPDAPRIKKIVQKKLAGDES,amplify_amp_positive
length_out_of_range,AQEPVKGPVSTKPGSCPIILIRCAMLNPPNRCLKDTDCPGIKKCCEGSCGMACFVPQ,amplify_amp_positive
length_out_of_range,RESPSSRMECYEQAERYGYGGYGGGRYGGGYGSGRGQPVGQGVERSHDDNRNQPR,amplify_amp_positive
length_out_of_range,KVFLGLK,amplify_amp_positive
length_out_of_range,ATTAMSRPGQIMTTRDMNIECRGNGWVGRGARDCCSGRCRVLKSKRCKCIGNKPSF,amplify_amp_positive
length_out_of_range,PNWTKIGKCAGSIAWAIGSGLFGGAKLIKIKKYIAELGGLQKAAKLLVGATTWEEKLHAGGYALINLAAELTGVAGIQANCF,amplify_amp_positive
length_out_of_range,RRLRPRHQHFPSERPWPKPLPLPLPRPGPRPWPKPLPLPLPRPGLRPWPKPL,amplify_amp_positive
length_out_of_range,ARGTNVGRECCLEYFKGAIPLRKLKTWYQTSEDCSRDAIVFVTVQGRAICSDPNNKRVKNAVKYLQSLERS,amplify_amp_positive
length_out_of_range,FPMFKRGRCLCIGPGVKAVKVADIEKASIMYPSNNCDKIEVIITLKENKGQRCLNPKSKQARLIIKKVERKNF,amplify_amp_positive
length_out_of_range,KSMQVPFSRCCFSFAEQEIPLRAILCYRNTSSICSNEGLIFKLKRGKEACALDTVGWVQRHRKMLRHCPSKRK,amplify_amp_positive
length_out_of_range,QYGYGGYPGMMGGYGGYPGMMGGYGMRPYGMGYGMGMGGMGMYRPGLLGMLMGK,amplify_amp_positive
length_out_of_range,RRLRPRRPRLPRPRPRPRPRPRSLPLPRPQPRRIPRPILLPWRPPRPIPRPQIQPIPRWL,amplify_amp_positive
length_out_of_range,AVPLAVPLVYMGASVSPAVWNWLLVTFGAAAVAAAAVTVSDNDSHSCANNRGWCRSRCFSHEYIDSWHSDVCGSYDCCRPRY,amplify_amp_positive
length_out_of_range,FVHPM,amplify_amp_positive
length_out_of_range,RRWWRF,amplify_amp_positive
length_out_of_range,MAAFMKLIQFLATKGQKYVSLAWKHKGTILKWINAGQSFEWIYKQIKKLWA,amplify_amp_positive
length_out_of_range,LVNQLGISKSLANTILGAIAVGNLASWVLALVPGPGWATKAALATAETIVKHEGKAAAIAW,amplify_amp_positive
length_out_of_range,QIPWFHR,amplify_amp_positive
length_out_of_range,MFVELVYDKRNVEGLPGAREIILNELTKRVHQLFPDAQVKVKPMQANALNSDCTKTEKERLHRMLEEMFEEADMWLVAE,amplify_non_amp
length_out_of_range,METKKEEYETKGYDTSIVYEFNEYPDARSGRCDNCDYTLFKSSVKGGKFLRECRRCGMKKNI,amplify_non_amp
length_out_of_range,MARKETNYESMVSELNEIVKQLENGDLTLEESIKSYENGVKIVNKLYKKLSTLEGKIKVVEDEKEEDFGGYSNEY,amplify_non_amp
length_out_of_range,MPKMKTNSGSKKRFTLTGTGKIKRKHAFHSHILTKKSKKRKRNLCYSTTVDTTNVSQVKELLAMK,amplify_non_amp
length_out_of_range,MIVTTTSGIQGKEIIEYIDIVNGEAIMGANIVRDLFASVRDVVGGRAGAYESKLKDARDIAMDEMKELAKQKGANAIIGIDVDYEVVRDGMLMVAVSGTAVRI,amplify_non_amp
length_out_of_range,MANIKSAKKRALQSERRRQHNASRRSMTRTSLKKVLAAIASGDKASAQAAFAAATPLIDRMATKGLIHKNKAARHKSRLSAQIKALA,amplify_non_amp
length_out_of_range,MSYAIIEAGGQQLKVEPGRFYDINYLGVDPDSDYTIDKVLLINHEDDITVGQPYVEGATVEGTIVEHRRGRKIIVYKMRPKKKTRKKRGHRQELSRLMITSIKVNGSVIVDDSAVMTETSEEE,amplify_non_amp
length_out_of_range,FAPCPK,amplify_non_amp
length_out_of_range,MTMSDPIADFLTRIRNANMVRHETVETPASKIKINIAQILKDEGFITDYQVVDTPNKQGLISLSLKYGPNRERIITGLKRISKPGLRSYVQADSVPKVLNGLGIAILSTSEGVMTDKAARAKMIGGEVIAYVW,amplify_non_amp
length_out_of_range,MIEKRKDRIVKRLNISISEETYETLQRLKAKTGKTMGQLIEEAVKLLEAEE,amplify_non_amp
length_out_of_range,MPKKTEQPVSFESSLNELEKIVTRLESGELPLDDALNEFEHGIQLARQGQQKLQQAEQRVQILLSDDPDAPLSPFTPDNDAL,amplify_non_amp
length_out_of_range,MTATLLTAEQLSSVAEKLPGWTLADQRLRRQWRFRNFVEAFGFMTRVALLAEAMNHHPEWSNVYATVTIELTTHDVNGLSDRDLKLAEAINLLEPG,amplify_non_amp
length_out_of_range,MQIFVKTLTGKTITLEVEPSDSIENVKAKIQDKEGIPPDQQRLIFAGKQLEDGRTLSDYNIQKESTLHLVLRLRGGY,amplify_non_amp
length_out_of_range,GDNFMRF,amplify_non_amp
length_out_of_range,SVVKSEDYARPSYVDRRDYPLPDVAHVRHLSASQKALKEKEKASWSSLSMDEKVE,amplify_non_amp
length_out_of_range,MRNLHHLRVGHEAHSTHHLWMWKHLRRRAISELRILRNFIRKCIRGGVFLWII,amplify_non_amp
length_out_of_range,MPKAKTHSGASKRFRTTGSGKVVRQKANRRHLLEHKPTKRTRRLDGRTVVAANDVKRVKKLLNG,amplify_non_amp
length_out_of_range,MLKTISPLISPELLKVLAEMGHGDEIIFSDAHFPAHSMGPQVIRADGLRVSDLLQAIIPLFELDSYAPPVVMMAAVEGDALDPTVEQRYRQALSTQAPCPDIVRIDRFAFYDRAQKAFAIVITGECAKYGNILLKKGVTP,amplify_non_amp
length_out_of_range,MASPASMAARRVLSAASHAGHEGGSARTWKILSFVLALPGVAVCIANAYMKMQQHSHEPPEFVAYSHLRIRTKKWPWGDGNHSLFHNPHENALPEGYEGPRH,amplify_non_amp
length_out_of_range,MARISGVDIPDNKRGEVSLTYIYGIGRNSAQSILTKAGVNWDKKVSEWNDDEANAVRAIIASEHKTEGALKSEVQLSIKRLMDIGCYRGLRHRKGLPVRGQRTKNNCRTRKGKRKTVANKKKATK,amplify_non_amp
length_out_of_range,MTTDTEINPESARPEAHGSLSVTVEFTGGLEMLFSNERKHSVTLPARLSDGGRPSISFLLEYLVKNVMKDERKELFMLEDNVRPGILVLINDADWELEGEEKYELQPADNIVFVSTLHGG,amplify_non_amp
length_out_of_range,SGKGKGDLCTAACKNEPCQCGSKCQCGEGCACASCKTCNCTSDGCKCGKECTGAASCKCNSSCSCK,amplify_non_amp
length_out_of_range,MAKPTTIKIRLNSTADTGHFYVTKKNARTMTEKMVVRKYDPVARKHVEYKEGKIK,amplify_non_amp
length_out_of_range,MAVQKNKPTRSKRGMRRSHDSLTAPHLSIDKFSGETHIRHHITNNGYYKGKKVI,amplify_non_amp
length_out_of_range,MPVDQEKLAKLHKLSAANKVGGTRRKINKKGNLYNNNDKDNTKLQAELHKLHPMTIENVAEANFFKKNGKVLHFNSAVVQIAPQCNLTMIHGQPKENTLNGLYPSVASQLGSQELEYLTGLAHNLENEQTVLDQLSDRCSETKQQVMNS,amplify_non_amp
length_out_of_range,MAVGPVTGMFKRRIVTDFSVTMILGTLGACYWWFGYHKPAARQREEFYVKLAAEKNAE,amplify_non_amp
length_out_of_range,ATYKVKLVTPDGPVEFDCPDDVYILDQAEEEGHELPYSCRAGSCSSCAGKVSAGTVDQSDGNFLDDDQMADGFVLTCVAYPQSDVTIETHKEEELTG,amplify_non_amp
length_out_of_range,MADSTATCIDIILAIILPPLGVFFKFGCGIEFWICLLLTFFGYLPGIIYAVWVITK,amplify_non_amp
length_out_of_range,MLRWLLLKLIRFYQVAISPWTPPSCIYTPTCSHYGYEAIKKYGALRGGWMTVKRIARCHPFARGGYDPVP,amplify_non_amp
length_out_of_range,MLIGVGTDIVQIPRIEKILHLYPELFAKKILASKELKQFALLGKINHAAFLAKRFAAKEAVSKAFGVGIGQGINFKDITILNNDLGKPIVEVSSNYTNTLSPFNIHLSLADDYPVCVAFAVIESSYNVILG,amplify_non_amp
length_out_of_range,MAVPKKRTSISKKRIRKNIWKGKGSWAALKALSLGKSLSTGNSKSFFVRQKKNKS,amplify_non_amp
length_out_of_range,MEVIVVIVVIVVVIAIVIVIDSNSNSNSNNSSDSSNESNNSDSSKNGGSDIYQFSSSNKPFLHNFSNNNPNYNINAYFRI,amplify_non_amp
length_out_of_range,MDKALLSLTHEQQQAAVEQIQQLMKQGISSGEAIQIVANRLRESHQRTNEQK,amplify_non_amp
length_out_of_range,MGRIFLDHIGGTRLFSCANCDTILTNRSELISTRFTGATGRAFLFNKVVNLQYSEVQDRVMLTGRHMVRDVSCKNCNSKLGWIYEFATEDSQRYKEGRVILERALVRESEGFEEHVPSDNS,amplify_non_amp
length_out_of_range,MLKTISPLISPTLLKVLAEMGHGDEIIFSDAHFPAHSLGPQVIRADGLSVSDLLRAIIPLFELDSYAPPLVMMAAVEGDTLDPNVEARYRDALSLEAPCPDIVRIDRYAFYERAQKAFAIVITGECAKYGNILLKKGVTP,amplify_non_amp
length_out_of_range,MPIIKIRENEPFDVALRRFKRSCEKAGILSEVRRREFYEKPTTERKRAKASAIKRHAKKMARENLKKTKFY,amplify_non_amp
length_out_of_range,QDGPIPP,amplify_non_amp
length_out_of_range,MSLDAATKKQIITEFGTKEGDTGSPEVQVAMLSRRISDLTEHLKTHKHDHHSRRGLLILVGQRRRLLQYLAKKDIQRFRALVDRLGIRRGAAGAK,amplify_non_amp
length_out_of_range,VSVDCSGYPKPECTAEETPLCGSDNKTYRNKCNFCNAVVESNGTLTLRHFGKC,amplify_non_amp
length_out_of_range,MLKKKIIKTHANHTNDTGSTQVQVSLLSSRVAQLTKHLNNHKNDYSSQRGLKKLLGQRKRLLKYLFVKDPLGYNNLIIQLGIRPGKSLVN,amplify_non_amp
length_out_of_range,MPKLKTKSGAKKRFKLTATGKLKAGVAGKRHRLIGHNGKYIRQNRGTKVMSEADAKIIRTYLPYGL,amplify_non_amp
length_out_of_range,MRSLLVLLALAACASAQYFFRGGDDDNGFFGGDDDNGYFGYFPRFSYPIYRPIYRPIYYPQIIRPFYGYGYGGFNGGYGGLGLYGGYGGFGGYGYRPFSYGYNPFSYGYYGFGDDDGGFDD,amplify_non_amp
length_out_of_range,MNYKVFCLVAIALIVGSIGSANGQAAFTEEQCSVERLARVNCGYSGITPQECTKQGCCFDSTIQDAPWCFYPRATPEY,amplify_non_amp
length_out_of_range,MTQPDMSQILAQAQQMQAKLQEAQREILATTVTGTAGNGLVSIDMQGNGMVSSVTIDPKVVDADDVETLQDLLVGAFAEAHEKLGTLAEQKMGPLSQGFDGLGGMF,amplify_non_amp
length_out_of_range,MSESVRIVACPTCKAEVRWEPQSRYRPFCSERCRLIDLGQWASESYRVPAEEDHPPGETPPTH,amplify_non_amp
length_out_of_range,MQANHSVSYLYESSTSKRSNGLFSQTQKQGSFQKALSQTQEEIEDEDLMVDLNTGSLTPVKLKYWTQMSAMTEKFGKL,amplify_non_amp
length_out_of_range,MRCPYCGHLEDRVVDSRETQDGQATRRRRACLSCERRFTTYERIEDVLPQVVKKDGRREAFDRAKIVEGVATACQKRPVSTEQVEALVSAVERQVQELGEREIRTTVIGEAVMQRLRTLDEVAYVRFASVYRAFRDVGEFMTELAGLARKDGEER,amplify_non_amp
length_out_of_range,MERQVL,amplify_non_amp
length_out_of_range,DDKRRQI,amplify_non_amp
length_out_of_range,MLWPFRWVWWKRVLTSQTRAPAKPNPLTVPPTCTWWSLRKLPNPTKLDDDLKNLLDPNEVRARMLKSFGTENFTQPQPQPQALKTTTPVFGTSSGNLGSVLSGGGYHAGLKHHQSTVTRSTGEWVDR,amplify_non_amp
length_out_of_range,MLYYVGADLDSTYKFACFIMKQVKFNDLVKNIKVQINASNIVSFSSKRLVSFA,amplify_non_amp
length_out_of_range,MARYRCCLTHSRSRCRRRRRRRCRRRRRRFGRRRRRRVCCRRYTVVRCTRQ,amplify_non_amp
length_out_of_range,WIGRW,amplify_non_amp
length_out_of_range,MKTVLIVLLRFYRYAISPMLGRNCRFHPSCSEYAIEAVQRHGAVRGAWLAARRVARCHPFHPGGYDPVP,amplify_non_amp
length_out_of_range,MSTSRKLKSHGMRRGKNRAPHKGVKRGGSKRKYRKGSLKSRKRCDDANRNYRSHL,amplify_non_amp
length_out_of_range,MPHLSPMSWITSMLMFWISVSILFSTLWWSNNYLFSSKMTNCAPKSLTPWNWL,amplify_non_amp
length_out_of_range,MAFTGKFEMESEKNYDEFMKLLGLPSDVVEKSRNIKIVTEIKQDGQDFTWSHHYSGGQIMTNKFTIGKESEIQTFGGKKFKAVVNMEGGKVVANFPNYQHTSEIKGDKLVEVSSIGGVTYERVSKRLA,amplify_non_amp
length_out_of_range,MAKGIREKIRLVSSAGTGHFYTTDKNKRNMPGKFEIKKFDPVVRQHVMYKEAKIK,amplify_non_amp
length_out_of_range,CKKMVGAYFEGELCADACLKFKGKMCPTARTSPPSRPSSTSLSSRCCSIKSLCKA,amplify_non_amp
length_out_of_range,WKQMSVW,amplify_non_amp
length_out_of_range,MASKMKTRKSAKKRYSFTVNGKVKYKKQNLRHILTKKSSKRKRNLRKSGNLSCFEVKRIKTLLPYG,amplify_non_amp
length_out_of_range,MAAHKSFRIKQKLAKKLKQNRSVPQWVRLRTGNTIRYNAKRRHWRRTKLKL,amplify_non_amp
length_out_of_range,MKALGNISHVSNKGRIIARSDRTQQLGAPVFTSDGKRIGKVHDIFGPTRNPYISIKPSRAINPEKFENRVGETLYVGIKNVKKWGRRKRRRK,amplify_non_amp
length_out_of_range,EDRTY,amplify_non_amp
length_out_of_range,MLVNSKEIVMKELLDRYMDQLHMACTCQVCQNDVLALSLNKVSPSYVTDFKKIAYTKAELVDKQKNTAMLVILAESAAVVSESPSDLCQTKQEEAFIN,amplify_non_amp
length_out_of_range,MSTLRELRLRRALKEQSMKYRLSIKKTLPRWKGALIGLFLICVRTISGSGSESNLPEPPKVSVDSSLMIEPNLTTEMLNVFSQ,amplify_non_amp
length_out_of_range,MTEFLFCFSCCIGEQPQPKRRRRIDRSMIGEPMNFVHTAHVGSGDTNAGFAMGGSFQDQMKSKGGYTPGISEVAL,amplify_non_amp
length_out_of_range,MDISKMDRYAAPVHFSSLPLLATVLCGVGLLLLAAFTMLQVTSTKYNRNVFKELFIAATSSIFLGFGSVFLLLWVGIYV,amplify_non_amp
length_out_of_range,LKCNKLVPLFYKTCPAGKNLCYKMFMVSNKMVPVKRGCIDVCPKSSLLVKYVCCNTDRCN,amplify_non_amp
length_out_of_range,EGEECESGPCCRNCKFLKEGTICKRARGDDMDDYCNGKTCDCPRNPHKGPAT,amplify_non_amp
length_out_of_range,MGMRMRMMFTVFLLVVLANTVVSFPSDRDSDGADAEASDEPVEFERDENGCCWNPSCPRPRCTGRR,amplify_non_amp
length_out_of_range,MSFSRRAKVTKSDIVNQISLNIKNSNEKLEKKYIRLVVDAFFEELKNSLCLNNVIEFRSFGTFELRKRKGRQNARNPQTGEYVNVDDHHVAYFRPGKDLKERVWGIKG,amplify_non_amp
length_out_of_range,MNRTKLVLGAVILASTMLAGCSSNAKIDQLSSDVQTLNAKVDQLSNDVNAVRADVQAAKDDAARANQRLDNQAQAYKK,amplify_non_amp
length_out_of_range,MAASKGNAAAAACALVLVLLAVGAEAQGGGGGECVPQLNRLLACRAYAVPGAGDPSAECCSALSSISQGCACSAISIMNSLPSRCHLSQINCSA,amplify_non_amp
length_out_of_range,MQLKATSFRANEKIIFVLNSNKLFCETYDEFLNRLIDECEGAINYANNDITETLSIYSFKLSSETIGKLSTIAKKYRISRSEAFRKLIIAKAEGLC,amplify_non_amp
length_out_of_range,MDAKLLEILVCPICKGPLHYKKNEQELICKPCRLAYPIQDGIPVMLEDEARKLPAEEEVE,amplify_non_amp
length_out_of_range,MAKEEVIEMEGVVNEVLPQTRFRVTLDNGFEITAYASGKMRKHRIRILAGDKVTVEMSPYDLTKGRINFRHKDAHQAPRPTVARRYN,amplify_non_amp
length_out_of_range,QVHHQK,amplify_non_amp
length_out_of_range,MGMRMMFTMFLLVVLATTVVSINLDHAFDGRNAAANNKATDLMARTVRRFCSDPPCRISNPESCGWEP,amplify_non_amp
length_out_of_range,MQLYTYLYLLVPLVTFHLILGTGTLDHGGALTERRSTDATALKPEPVLQKSAARSTDDNGKDRLTQMKRILKKRGNNPRADEEYLKFIEEQRKQGKLDPTKFP,amplify_non_amp
length_out_of_range,MGRLLVLLVRFYQLFISPVLPPSCRHSPTCSQYAIEALQKHGAIKGSWLAFRRVLRCNPWHPGGYDPVP,amplify_non_amp
length_out_of_range,MRELIRLVSSAGTGHFYTTDKNKRTTPDKIEIKKYDPVVRKHVVYKEAKIK,amplify_non_amp
length_out_of_range,EPNSMWS,amplify_non_amp
length_out_of_range,PAVVL,amplify_non_amp
length_out_of_range,MSMIQSDQDESSDTSDASEVSDTLEDKVIEDEKIETRIPLSTSIVLEKLPDQKQVQLSRITNESGIFKVTIRFQPIGSTPSINPRVFKISSNQSISTISKFLIKRLKIKSNLIYLYIQNSFQPNPDEKLGDLYHLFKTNNELIINYCHSIAFG,amplify_non_amp
length_out_of_range,DVGKFK,amplify_non_amp
length_out_of_range,MINRKPTRIELNMEDIEEYEQLKKEQTNSYKQQQQQQQPTTISTPKQYPLLNTTQPPKKTTAQIIGYDQ,amplify_non_amp
length_out_of_range,MAGSYGVMADDGSIDYTVHEAWNEATNVYLIVILVSFGLFMYAKRNKRKIMRIFSVPPTEGMLSEPSFYDTVSRIRLRQQVEAHPVSRKYEYQQPQSQADSVQLSLE,amplify_non_amp
length_out_of_range,VLFPLATLQLDADQPVERYAENKQDLNPDERMKFILHALGQRRCCISPACNDSCYCCQ,amplify_non_amp
length_out_of_range,YIYTQ,amplify_non_amp
length_out_of_range,IALTV,amplify_non_amp
length_out_of_range,MARIGVENSLTDVQQALKQQGHEVVTLNSEQDAQGCDCCVVTGQDSNMMGIADASIKGSVITAHGLTTDDICQQVESRT,amplify_non_amp
length_out_of_range,GSPMFV,amplify_non_amp
length_out_of_range,MGKAAAPRALPENEAKAVARMLRVSPQKLNLVAQLIRGKKVANALADLQFSRKRIAVEVRKCLESAIANAENNHDLDVDDLVVKEAYVGKALVLKRFHARARGRGARILKPFANLTIVVREVRAEAA,amplify_non_amp
length_out_of_range,MDNRLLEILVCPLCKGTLQHDRANNELICHVDKLAYPIRDGIPVMLADEARQTVEGTPVDPA,amplify_non_amp
length_out_of_range,MYSLEISLRYSPFPLSIQKKEYEDIKRIYDEIKDSMNSDNQNSPLIELSCEKVQDKLITVLAKEVISVQIYEKSAVAGGSKRPGFSLDI,amplify_non_amp
length_out_of_range,MKRLIPVALLTALLAGCAHDSPCVPVYDDQGRLVHTNTCMKGTTQDNWETAGAIAGGAAAVAGLTMGIIALSK,amplify_non_amp
length_out_of_range,MEGAGAGSGFRKELVSRLLHLHFKDDKTKVSGDALQLMVELLKVFVVEAAVRGVRQAQAEDALRVDVDQLEKVLPQLLLDF,amplify_non_amp
length_out_of_range,FLRF,amplify_non_amp
length_out_of_range,MPKAPAREKVLKKKACTFCKESKSGNVSIDYKDTTLLRKYVSDRGKIRARRVTGNCVQHQRDIAVAVKNSREVALLPYVSTAR,amplify_non_amp
length_out_of_range,MAKVVVERVYSIRLRHKMKRYPRWLRAKKAAKYVRKFLSRHMKVEPENVKIDTAVNEKIWERGAEKPPTKIRVRAVKFDDGIVEVELA,amplify_non_amp
length_out_of_range,MLGQSIRRFTTSVVRRSHYEEGPGKNLPFSVENKWSLLAKMCLYFGSAFATPFLIVRHQLLKT,amplify_non_amp
length_out_of_range,FVSTYK,amplify_non_amp
length_out_of_range,MGNIRQTFIKRVARELFDRYPDQFTKDFEHNKKKVGELTNVTSKTIRNRIAGYITRLVRMKEEGKML,amplify_non_amp
length_out_of_range,MFTVFLLVVLATTVVSFTSDRASDGGNAAMSDLIALTIKGCCSHPPCFLNNPDYCG,amplify_non_amp
length_out_of_range,MELDDHNGETDSVTPISQLGYEACRDELIEVVRLLEQGGLDLDTSLKLWERGEVLAKRCEEHLAGARQRVADALAASEAEQD,amplify_non_amp
length_out_of_range,MPSVRSVTCCCLLWMMFSVQLVTPGSPGTAQLSGHRTARFPRPRICNLACRAGIGHKYPFCHCRGKRDAVSSSMAV,amplify_non_amp
length_out_of_range,MSLFPVIVVFGLSFPPIFFELLLSLAIFWLVRRVLVPTGIYDFVWHPALFNTALYCCLFYLISRLFV,amplify_non_amp
length_out_of_range,MARKSLCVKAQRTPKFKVRTYNRCPLCGRPRGYMRKFGICRICFRNMASEGLLPGVIKSSW,amplify_non_amp
length_out_of_range,DTVNAA,amplify_non_amp
length_out_of_range,GQDFMRF,amplify_non_amp
length_out_of_range,MLHTLSVSPWHADIAAMLRLMEHGDDLVLLSDGVTAAIADGRFLEILQSAPITLYVLQDDVDARGLAGQIADSVGRVSYTDFVRLTVKHAGQLAW,amplify_non_amp
length_out_of_range,MGIKVKFPFEYTRFEKARIIGARALQIAMGAPVLIETDKTEPLEIALEEFNRGVIPITVRRRRNEFVWLERYDLF,amplify_non_amp
length_out_of_range,MDSEVLRDGRILDLIDDAWREDKLPYEDVTIPLNELPEPEQDNGGATESVKEQEMKWADLALQYLHENISSSGS,amplify_non_amp
length_out_of_range,MREKIRLVSSAKTGHFYTTTKNKRLHPEKIEIKKFDPVVRKHVVYKEAKIK,amplify_non_amp
length_out_of_range,MPRSLKKGPFVDGHLIKKVDVQNEAGTKNVIKTWSRRSMIVPAMLGHTIAVHNGKIHVPVFVTESMVGHKLGEFSPTRTFRGHVKDDRKSKRR,amplify_non_amp
length_out_of_range,MNAHDIIIRPVITEKNTALMEEGKYTFEVAQEANKPMIKAAVQQIFNVNVKAVNTMNVKGKLKVRRTRNGQQSGYSRSWKKAIVTLAPGERIEIFEDL,amplify_non_amp
length_out_of_range,LGKSVTN,amplify_non_amp
length_out_of_range,MPRSLKKGPFVDVKLMEKVKKALESGDKKPIKTWSRRSTIIPEFIGLTFAVHNGRKFIPVYVTENMIGHKLGEFAPTRTFKGHAGSEEKKKAKGK,amplify_non_amp
length_out_of_range,IFFEV,amplify_non_amp
length_out_of_range,AFVDMFSRPCGGLIANTRLVRPRIQYFFSLAIVFTGVCHLLCPLAESYTALVVYAIFFGYGFGSVSSILFE,amplify_non_amp
length_out_of_range,ADLFLR,amplify_non_amp
length_out_of_range,MGMSLSHLLIVLLIIFVLFGAGKLPQVMSDLAKGLKAFKDGMKDDGSDNDKNK,amplify_non_amp
length_out_of_range,MRHHQNMHYAPQQQPVYVQQPPPRRESGGCCRTCCHFLCCLCLINLCCDVF,amplify_non_amp
length_out_of_range,GFFFP,amplify_non_amp
length_out_of_range,MAANTEQLTEEQIAEFKEAFALFDKDGDGTITTKELGTVMRSLGQNPTEAELQDMISEVDADGNGTIDFPEFLMLMARKMKETDHEDELREAFKVFDKDGNGFISAAELRHVMTNLGEKLSEEEVDEMIREADVDGDGQVNYEEFVRMMTSGATDDKDKKGHK,amplify_non_amp
length_out_of_range,MDSITTAASVVAAGLAVGLGAIGPGIGQGSAAQGAVEGIARQPEAEGKIRGTLLLSFAFMESLTIYGLVVALVLLFANPFAG,amplify_non_amp
length_out_of_range,MRDKIKLESSAGTGHFYTTTKNKRTMPEKMEIKKFDPVARKHVLYKETKLK,amplify_non_amp
length_out_of_range,MPTTISLIIFTFLSLGDSWNDFPSSNVPVYNMVTGIYAKFMKNSPNWPLSRCWLFIPQFAVYPEYFILSIRNTRRRNVL,amplify_non_amp
length_out_of_range,MTTDD,amplify_non_amp
length_out_of_range,ATYKVTLVTPSGTQTIDCPDDTYVLDAAEEAGLDLPYSCRAGSCSSCAGKVTAGTVDQEDQSFLDDDQIEAGFVLTCVAYPKGDVTIETHKEEDIA,amplify_non_amp
length_out_of_range,MAKKGNRIQVILECTEHKATGLAGTSRHITTKNRKNTPERIELKKYNSVLKKYTIHKEIK,amplify_non_amp
length_out_of_range,MAHSS,amplify_non_amp
length_out_of_range,MIFMVDVSEILAKMKPLLGMSADEEFANPEQAEASANLAIKTSQVEDVDIIAILACYYYTESRDMKTDENVSVMANHFYRMYQIAIEEAKQKELNEEEGAVFFD,amplify_non_amp
length_out_of_range,MKTNALRDMTNDELLQKLAEIRQALFNLNFQHVTGQLENTAQINKNRKDIARILTILHEREQKTAA,amplify_non_amp
length_out_of_range,MIVNNTHILTLPPHAVSTLTCILIWHRHTDATVYIISSYPTLTFHSMAHLSLHQY,amplify_non_amp
length_out_of_range,MTVLIKLGLRILHVYKGFFRKVILKYFFFSSEHTKVNKKSSMHAFLCKIYKR,amplify_non_amp
length_out_of_range,MLKCDICGKGPLAGYQYSHSHRKSIRKWKPNIKKVRAIVDDTPVRLHVCTKCLKAGKVQRAL,amplify_non_amp
length_out_of_range,PDNFMRF,amplify_non_amp
length_out_of_range,AMPMLRL,amplify_non_amp
length_out_of_range,MSGLEIMVLTLLLLVSMATSHQDGGEKQATQRDAINVRRRSITRTEACYEYCKEQNKTCCGISNGRPICVGGCIR,amplify_non_amp
length_out_of_range,GW,amplify_non_amp
length_out_of_range,MNVYLLLASGILCALMTVFWKYRRFQRNTGEMSSNSTALALVRPSSTGLINSNTDNNLSVYDLSRDILNNFPHSIAMQKRILVNLTTVENKLVELEHILVSKGFRSASAHRKST,amplify_non_amp
length_out_of_range,MSRILILLIRFYQLAISPWLAPRCRFQPTCSGYAIEAVSKHGALKGGCLAARRICRCHPWGGSGYDPVP,amplify_non_amp
length_out_of_range,MSLEDRAKATGKNIEGKAQEALGNVTGDPEDKAEGKAKQAESEVRHGVEDVKDNVKKKID,amplify_non_amp
length_out_of_range,MAEEDIETKIKNYKTAPFDSRFPNQNQTRNCWQNYLDFHRCQKAMTTKGGNVSVCEWYQRVYQSLCPTSWVTDWDEQRAEGTFPGKI,amplify_non_amp
length_out_of_range,SPEFTV,amplify_non_amp
length_out_of_range,MIILSNKPNIRGIKRVVEDIKYRNQLIGRDGRLFAGLIATRISGIAIGFLLAVLLVGVPAMMSILGVI,amplify_non_amp
length_out_of_range,MNFYINQTIQINYLRLESISNSSILQIGSAGSIKSLSNLYNTGSYVEPAPEVSGSGQPLQLQEPDTGSLVPLQPPGR,amplify_non_amp
length_out_of_range,VTLDVED,amplify_non_amp
length_out_of_range,NPTNLH,amplify_non_amp
length_out_of_range,MATPIRPLSYSLRRQSNGESRRLSTRVTSVTVCSVRYSVLSFLNTTTVRWKRFVPVV,amplify_non_amp
length_out_of_range,MRFAIVVTGPAYGTQQASSAFQFAQALIAEGHKLSSVFFYREGVYNANHLTSPASDEFDLVRGWQQLNAQHGVALNICVAAALRRGVVDEMEAGRLGLASSNLQQGFTLSGLGALAEASLTCDRVVQF,amplify_non_amp
length_out_of_range,MLAAAKYIGSGVAALGLIGAGIGVGIVFAALIQGVSRNPSLRGQLFTYAILGFALSEATGLFALMVSFLLLYS,amplify_non_amp
length_out_of_range,SQEDTPL,amplify_non_amp
length_out_of_range,MPFVKIDLFEGRSEEQKIELAREVTEVVSRVAKAPKEAIHVFINDMPEGTYYPHGEMKKKN,amplify_non_amp
length_out_of_range,FSYLPPLTDEQISKQVDYILANSWTPCLEFAASDQAYAGNDNCIRMGPVASTYQDNRYWTMWKLPMFGCTDGSQVLSEIQACTKAFPDAYIRLVCFDANRQVQISGFLVHRPPSATDYRLPADRQV,amplify_non_amp
length_out_of_range,MIYITIFMILPCPVPCSHVFLYVFYIFLFLVLFIMTIYQSSQKLHFSNCYHNNQHHNSLHN,amplify_non_amp
length_out_of_range,MAKQSAIEQDGSIIEALSNAMFRVELENGHIVIAHISGKMRMHYIKLLPGDKVKLEMSPYDLSKARITYRY,amplify_non_amp
length_out_of_range,RYLPT,amplify_non_amp
length_out_of_range,MEVVPVQIAAATTTTLILPVVIAFAVCILSIVLIILISDFLVYTSVLVLTLLLYLLLWLLLTTPLQFFLLTLCVCYFPAFYIHIYIVQTQQ,amplify_non_amp
length_out_of_range,MEGISIAKLLVIGALIVLLFGTNKLRSLGGDLGAAIKGFKKAMNDDQPAAKSSAQDEHPAAISETRPKE,amplify_non_amp
length_out_of_range,AAHGGPPFEPHATVVGAVAAAAAADVAPYTATTPYMPHVSLLYGDLTDEEK,amplify_non_amp
length_out_of_range,MAVPFRRQSKGRKRRRRSHYKLKTPTIVVDPQTGEFTLPHRVTPNSGYYKGQLVLAKKVKKED,amplify_non_amp
length_out_of_range,CPPLC,amplify_non_amp
length_out_of_range,MLTLSLSHFLILGAILFAISVVGIFLNRKNLLVLLMAIELMLLAVNMNFVAFSHYLQDLSGQIFVFFILTVAAAESAIGLAILIVLFRNLKSIHVDDLGSLKG,amplify_non_amp
length_out_of_range,MFTKALSVVLLTCALFSGQLMAGHKGHEFVWVKNVDHQLRHEADSDELRAVAEESAEGLREHFYWQKSRKPEAGQR,amplify_non_amp
length_out_of_range,DNPNHSR,amplify_non_amp
length_out_of_range,ACLARGETCKDDCECCDCDNQCYCPFDWFGGKWHPVGCSCAYTNKYVCDHKKEKCKKA,amplify_non_amp
length_out_of_range,VDCSEYPQPACTTERRPVCGSNNKTYSNKCNFCNAVVKSNGTLTVSHFGKC,amplify_non_amp
length_out_of_range,MAHKKGGGSTKNGRDSNPKYLGVKAAGVSTVNAGTIILRQRGTAIKPGDNAGLGKDHTIFALVDGTVHFRNGRNNKKQVDIIPS,amplify_non_amp
length_out_of_range,MGKKVKKAVKKVTKSVKKVVKEGARPVKQVAGGLAGLAGGTGEAQMVEVPQAAAQIVDVPEKEVSTEDEAQTESGRKKARAGGKKSLSVARSSGGGINI,amplify_non_amp
length_out_of_range,MTKITSDDVRKVATLARLNLPEDLIDTYTSQLEKILGYVAQLEEVDTEDIPPTSRAVEVTNVLREDIIQETDIREDLINLAPNREGDFFRVPKILSE,amplify_non_amp
length_out_of_range,LKCNKLVPLFYKTCPAGKDLCYKMYMVATPKVPVKRGCIDVCPKSSLLVKYVCCNTDRCN,amplify_non_amp
length_out_of_range,MCYGYGCGCGSFCRLGYGCGYEGCRYGCGHRGCGDGCCCPSCYRRYRFTGFY,amplify_non_amp
length_out_of_range,VTVGHVF,amplify_non_amp
length_out_of_range,LVTLVFV,amplify_non_amp
length_out_of_range,MAITRGAKVRIKRPESYWFNEVGTVASIDTSGIRYPVVVRFEKVNYSGLQGVDGGINTNNFAEAELEPA,amplify_non_amp
length_out_of_range,MGAIAAGIAAGLAAVGAGVGNGLVIGHTLDGMARQPEMSGQLRGTMFLGVGLIEALPILSIVIAFLVMNK,amplify_non_amp
length_out_of_range,MKAGIHPEYVAITAKCSCGNVINTFSTMGKDLNLDVCSACHPFYTGKQKEVSSGGRVDKFNKRFGGLTAKK,amplify_non_amp
length_out_of_range,AAAPF,amplify_non_amp
length_out_of_range,MKNMGDGRRIARVEREIQATIAQFLIRGFKTPLPGLVTVASVKMPADLRAAKVYVSILGDEKQQDEALDLLQERAFEIQNYIGKELKMRYCPKLTFYLDHATEQVLKVEKILHELELERKANNPGEGSDESDDE,amplify_non_amp
length_out_of_range,MTQVTVGENEGIESALRRFKRQVSKSGIFADLKRLRHHETPVEKYKRKLQQRRKARRR,amplify_non_amp
length_out_of_range,MAKLAITLTRSTIGRPEGQRVTVRTLGLRKMHQTVVVPDNVAMRGMINKVSHLVTVKEINE,amplify_non_amp
length_out_of_range,MDKYCELIRQRYSQIASGELGYIPDALGCVLRALNEVASDEALSESVREQAAYAAANLLVSDYVNE,amplify_non_amp
length_out_of_range,GSWD,amplify_non_amp
length_out_of_range,MAVPKRKTSPSKRGMRRSADALKAPTYIEDKNSGELRRPHHIDLKTGMYRGRSVLPAKD,amplify_non_amp
length_out_of_range,MLNTQRAQEIAASPIMANVTYQEVPIYIQHVDEQNETARIYPLDNPELEQDVPLSQLMEH,amplify_non_amp
length_out_of_range,MKAKEIREMGADEIRRKIDDSTQEMFNLRFQHATGQLENTARLNKTKKEVARLKTILKEVEQ,amplify_non_amp
length_out_of_range,MAETSLRIEVVYATPERQWLLACEVPAGTSVSEALRLSGLAEQVPGLDLPGSPVGIFGKVVSEPAVRLVEEGDRLEVYRPLLADPKETRRQRAAKAKAARER,amplify_non_amp
length_out_of_range,ADLTR,amplify_non_amp
length_out_of_range,MPQLNLAWWLLNFFLGWTSLLVIFIILLNTSITNNTANTSTTTNTTPNLNWTWN,amplify_non_amp
length_out_of_range,MPHVKVKENEPFDVALRRFKRSIEKVGLLTELRAREFYEKPTAERKRKLAAAVKRQSKRLRSQQLPPKMY,amplify_non_amp
length_out_of_range,MRFQQFLFAFFIFIMSLLLISGQRPVNLTMRRKLRKHNCLQRRCMPLHSRVPFP,amplify_non_amp
length_out_of_range,MLRYAVIFFIIALIAALFGFGGIAAGAAGIAKILFMIFVVLFVVSLFWGLVAGRG,amplify_non_amp
length_out_of_range,MSKEKKFEENLADLEVIVQKLENGDVALEEAIAEFQKGMKLSKELQASLDKAEKTLVKVMQEDGTETEME,amplify_non_amp
length_out_of_range,MPTVLSRMAMQLKKTAWIIPVFMVSGCSLSPAIPVIGAYYPSWFFCAIASLILMLITRRVIQRANINLAFVGIIYTALFALYAMLFWLAFF,amplify_non_amp
length_out_of_range,HPVEI,amplify_non_amp
length_out_of_range,RYIRF,amplify_non_amp
length_out_of_range,MEQSFIMIKPDGVQRGLIGDIISRFEKKGFFLRGMKFMNVERSFAQQHYADLSDKPFFPGLVEYIISGPVVAMVWEGKDVVATGRRIIGATRPWEAAPGTIRADYAVEVGRNVIHGSDSVDNGKKEIALWFPEGLAEWRSNLHPWIYES,amplify_non_amp
length_out_of_range,MSGSTGERSFADIITSIRYWVIHSITIPSLFIAGWLFVSTGLAYDVFGSPRPNEYFTESRQGIPLITGRFDPLDQLDEFSRSF,amplify_non_amp
length_out_of_range,MMVPVRCFTCGTVVGEHWGEFKERAREGDEDPAEVLDELGVERACCRRMLVSHKDLVDIVSPYQ,amplify_non_amp
length_out_of_range,MRTISYSEARQNLSATMMKAVEDHAPILITRQNGEACVLMSLEEYNSLEETAYLLRSPANARRLMDSIDSLKSGKGTEKDIIEWVMLPTY,amplify_non_amp
length_out_of_range,KDDKNCIPKHHECTNDKKNCCKKGLTKMKCKCFTVADAKGATSERCACDSSLLQKFGFTGLHIIKGLF,amplify_non_amp
length_out_of_range,MGEDAVRLGELALKLERYRYNVALATTWAIFGMVFGSMITLASSLMLLGLGYEVHWHY,amplify_non_amp
length_out_of_range,MATVVRLTRMGRNKRPFYRIVVTDSRKRRDSGWIESIGYYNPMVEPEVVKVDADRLAYWKSVGAKLSDRVARITK,amplify_non_amp
length_out_of_range,MKEGIHPMYNEVTVKCACGNSFLTRSTRKEIFTEICSACHPFFTGKQKLVDTAGRVERFKKRYGQA,amplify_non_amp
length_out_of_range,MFSPQ,amplify_non_amp
length_out_of_range,DGYTPRL,amplify_non_amp
length_out_of_range,SEAVAEKEDDPNFFKMVEGFFDKGAAIVENKLVEDLKTRGSPEVEGNLTFT,amplify_non_amp
length_out_of_range,MGISVWQLLIILLIVVMLFGTKRLRGLGSDLGSAINGFRKSVSDGETTTQAEASSRS,amplify_non_amp
length_out_of_range,MSGNQNGENVQQKKEKMCSIGETIYTWTQNKHATTYVGTYTKAFFSGEVCREIREHDEFLGMSFSSFF,amplify_non_amp
length_out_of_range,AQSFLRL,amplify_non_amp
length_out_of_range,MRFYIGLMAALMLTSILRTDSASVDQTGAEGGLALIERVIRQRDAADVKPVARTNEGPGRDPAPCCQHPIETCCRR,amplify_non_amp
length_out_of_range,MGFAEAFLEHLWKNLQDPSNPAIIRQAAGNYIGSFLARAKFISLITVKPCLDLLVNWLHIYLNNQDSGTKAFCDVALHGPFYSACQAVFYTFVFRHKQLLSGNLKEGLQYPQSLNFERIVMSQLNPLKICLPSVVNFFAAITKMKTCGYGWW,amplify_non_amp
length_out_of_range,MVFSLYKNIYKFVNLLKIWIINLKVIIKIIISEIIVLIGNTIHDNQKIDGITFVKNEFIISSIFYFFFLFKIIYTERKP,amplify_non_amp
length_out_of_range,MAKVCYSCGKGPSFGNARSHSLRATRRRWNPNLQKVRIREGGATKRVWVCASCLKGFKVQKAVRPVPAAEA,amplify_non_amp
length_out_of_range,MRHRHGLRKLNRTSSHRLAMLRNMSNSLFQHELIKTTLPKAKELRKVVEPLITLAKKDTVANRRLAFARLRDRDMVTKLFTELGPRYNARPGGYTRILKFGFRQGDNAPMALVELVDRPEITEAPAEEAAE,amplify_non_amp
length_out_of_range,MKRTYQPSRVKRNRKFGFRARMKTKGGRLILARRRAKGRMKLTVSDEKKKY,amplify_non_amp
length_out_of_range,FIYHSYK,amplify_non_amp
length_out_of_range,MKRQKRNKDDRAYNRGYNAGLDGKSREDCPFGTLQARTNWMGGWREGRTDFAHGMLGVASIQNLKNIG,amplify_non_amp
length_out_of_range,MSRRTEKVASLLQQELGAILEKEYPRGGPLLTVVDVKVTADLGLARAYVSIIGSEEQRTAAMEFLRDETKNIRHILSTRIRHQFRRIPELEFFEDRLFEQANRIEELLRSVRKDDGDNA,amplify_non_amp
length_out_of_range,MALTQQRKQEIINNYQVHGTDTGSTDVQIAMLTERINRLSEHLQANKKDHSSRRGLLKLIGHRKRLLAYLQQESREKYQALISRLGIRG,amplify_non_amp
length_out_of_range,KIKETNA,amplify_non_amp
length_out_of_range,MTRKSRRLILIGAGLGVLALAAGLILTALNDTIVFFRTPTEVAQQQIAPGARLRLGGLVEPGSVAKSGASVRFAVTDGNSKVTVAYTGLLPDLFREGQGVVAEGVLQSDGTVKADSVLAKHDERYMPREVADALKKSGHWKEGEEGGPVPPAAKTPGPQSSAAPPAVSPARSTP,amplify_non_amp
length_out_of_range,MNTLIYLIPVALSLGGLGLVAFLWALKSGQYEDLDGASWRILDDGDGEGESSQTL,amplify_non_amp
length_out_of_range,MAVPKRKKSKSRRNMHRSHHAIEPKNVVVCSTTGEFMLPHNVAVDGSYKGKRVFIKQQAE,amplify_non_amp
length_out_of_range,MDLSKKSAENVAYMVEKIKEKLKVLNFDAIKPSHFSEEWYDELKDIYEMVMRKNTFSPSEMQAIAEELGNLRKK,amplify_non_amp
length_out_of_range,MSCYSPCQTAACGPAPLANSCNEPCVLRCADSSVAIQPPPVVVTLPGPILSSFPQSTAVGSTASAAVGSSLSAGSVPIGAGGSLGLGGFGWSGLGRGLCGTLGRGNLLC,amplify_non_amp
length_out_of_range,MATGTPAHELRELNNEELTTRLREAKEELFNLRFQAATGQLTNNRRLGVVKRDIARIYTVLRERELGLSTNPGGDAA,amplify_non_amp
length_out_of_range,MKIFFAVLVILVLFSMLIWTAYGTPYPVNCKTDRDCVMCGLGISCKNGYCQGCTR,amplify_non_amp
length_out_of_range,MESVAKPATTKEGSAKQAAIVVGVLALGWFAIQVAFIPLFNKVRGGGSDKKDDDVNAFTPDT,amplify_non_amp
length_out_of_range,MTAPALSARGAYRQILRATRIAFHEDTRVLLAARQEARRQFDEHKRVGIDTPMQINHAIEVASILKHNIVQGVKLEGDEAAKWELRIHDDIERGDNDSIKHAGKDIKIHKACSA,amplify_non_amp
length_out_of_range,MLKPRITARQLIWISAFLLMLTILMMTWSTLRQQESTLAIRAVNLGASMPDGFSVLHHLDANGIHFKSITPKNDMLLITFDSPAQSAAAKTVLDQTLPHGYVVAQQDDDNETVQWLSRLRESSHRFG,amplify_non_amp
length_out_of_range,DSTNY,amplify_non_amp
length_out_of_range,MARNKPLAKKLRLAKALKQNRRVPVWVIVKTNRRVLTHPKRRYWRRTKLKE,amplify_non_amp
length_out_of_range,MKVFSFTVVVVMILSLSAFVLAGDEGDVMKKIVAMEEAVEERACLAEYQKCEGSTVPCCPGLSCSAGRFRKTKLCTK,amplify_non_amp
length_out_of_range,MIKPSLDQLMHLVDSKYTLVILAARRARDLQDGKHQMVESKSNKPVTIALEELAAGKLFFERGKPTPLG,amplify_non_amp
length_out_of_range,MAIVPKRKTSKQRKRLRRSHHALDIQNLVKCSNCSQKIQQHRTCMFCGFYKNKKVEGFQARNDR,amplify_non_amp
length_out_of_range,MPEQVNCQYDCHCSNCACENTCNCCAKPACACTNSASNECSCQTCKCQTCKC,amplify_non_amp
length_out_of_range,QSAREQG,amplify_non_amp
length_out_of_range,MLKIKRDDEIIVIAGKDKGKRGSVQQVLDNGRLIVAGVNMVKKHVKANPNRGTQGGIVEQEASLNASNVAIWNPKTQKADRVGFRFEDGKKVRFFKSNGEAL,amplify_non_amp
length_out_of_range,MNTQL,amplify_non_amp
length_out_of_range,MTLFSSISSISNPMTSSKSSISSFGSGTSMGSNTVACGGGCGGSGGILGLGLGLGLGLDLTGGSRSRGACGGNGGNRGNGNGGMGGGNGPCCGGCCCGI,amplify_non_amp
length_out_of_range,MSWQTYVDDHLMCDIDGQGQHLAAASIVGHDGSIWAQSASFPQLKPEEITGIMKDFDEPGHLAPTGLYIAGTKYMVIQGESGAVIRGKKGSGGITIKKTGQALVFGIYEEPVTPGQCNMVVERLGDYLIEQGM,amplify_non_amp
length_out_of_range,MLKWILILLIVAAVAGLLGMHSLAGAAMTGAKILIAIVLILFLLAVLGIIAIA,amplify_non_amp
length_out_of_range,MIQAAKIIGTGLATTGLIGAGVGIGVVFGALILGVARNPSLRGLLFSYAILGFAFSEATGLFALMMAFLLLYVA,amplify_non_amp
length_out_of_range,RARPRF,amplify_non_amp
length_out_of_range,MAKEELIEFGGVVSEALPDNRYRVLLENGVEIWAYASGKMQKHRIRILAGDRVTLEMSPYDLTKGRINFRHKS,amplify_non_amp
length_out_of_range,MKANELREKSAQQLNEQLLGLLRDQFNLRMQKATGQLGQSHLLSQVKRDIARVKTVLNQQAGK,amplify_non_amp
length_out_of_range,MGKPKGIRAARKLKTHRQAQRWNDKGYKKAHLGTRWKANPFGTASHAKGIVLEKVGVEAKQPNSAIRKCVRVQLIKNGKKITAFVPNDGCLNFIEENDEVLVAGFGRKGHAVGDIPGVRFKIVKVANTSLIALFKGKKERPRS,amplify_non_amp
length_out_of_range,MATYCLSPLMHLDHFFNKILLMTTTTTTHRKKYINFQEQKLKKQESIGQSQPDVQEQLQHQQLQHHQKLYKIN,amplify_non_amp
length_out_of_range,MEKKKILDAALAPRIISGVPTDGQPLSGGPLSWAWCHTTLKRWALMKTRPYKYPLSTEPPTPPSVPNSASVNHNTTTNTTLSYTRCHSTTYTKPLRERSSRPWTRSATISRLPPRSWTN,amplify_non_amp
length_out_of_range,MAVPFRRTSKMKKRLRRTHFKLQVPGMVACPECGEMKISHRVCKSCGTYKGKDVKSN,amplify_non_amp
length_out_of_range,MFLEELKPVTRELCQQPIAFAGGFVSGVLRLKLTDDPLKKWLQKQGVTDFSGADINQTAQDNRPQSIDID,amplify_non_amp
length_out_of_range,MSRVCQVTGKGPVTGNNISHANNKTRRRFLPNLQHHRFWVESENRFVRLRVSAKGMRVIDKRGIDVVLAELRARGEKF,amplify_non_amp
length_out_of_range,AFHYAQLADVDSNAQAFLKSNMQAKYVKDCGIMCRHYKRAQQQQMNMKQWIK,amplify_non_amp
length_out_of_range,WKEMSVW,amplify_non_amp
length_out_of_range,MDYRFGRQYRLLKTDDFSSVFAFRNRRSRDLLQVSRSNGNGLDHPRIGLVVGKKTAKRANERNYMKRVIRDWFRLNKNRLPPQDFVVRVRRKFDRATAKQARAELAQLMFGNPATGCGKQV,amplify_non_amp
length_out_of_range,MAVPKKKKSKSKRNQRHAVWKGKAAIAAQKAISLGKSVLTGKAQGFVYPIEEEEEE,amplify_non_amp
length_out_of_range,MMKASELRAKQVEELKSTLMDLHREAFSLRMQKATGQLSHFHRIRAVRRDIARVNMVLAEKGGKV,amplify_non_amp
length_out_of_range,MSSIKPAAKKLRLAKAGKQNRRVPMFVIAKTGGKVRTHTKMRNWRRNTLKK,amplify_non_amp
length_out_of_range,MRNKEHNFPNQNNNKFEGEPRAKSEYASKRADGTTNTHPQERMRASGERSDFF,amplify_non_amp
length_out_of_range,SLILLVAVQALTEEDLQLLRQTSAECKTESGASEAVIKKARKGDLEDDPKLKMQLLCIFKALEIVAESGEIEADTFKEKLTRVTNDDEESEKIVEKCTVTEDTPEDTAFEVTKCVLKDKPNFFGDLFV,amplify_non_amp
length_out_of_range,TQGNTCGGETCSAAQVCLKGKCVCNEVHCRIRCKYGLKKDENGCEYPCSCAKASQ,amplify_non_amp
length_out_of_range,MAIVGLGTDIVEIERITAHVARSGDKLAKRVLTDAEFDIYQQHSQPSRYLAKRFAAKEAAAKALGTGIGRGVSFQHIHIGNTPDGAPTIDFTEGAQQRLALLNGVVGHISIADEKSYAIATVILESR,amplify_non_amp
length_out_of_range,EAYAFGL,amplify_non_amp
length_out_of_range,PKPPDRG,amplify_non_amp
length_out_of_range,YTSIKPLGDRVAEAEEKTAGGLLLTETTKEKPSIGTVIAVGPGSLDEEGKITP,amplify_non_amp
length_out_of_range,MAKKTTKRMPKRREEYTYHGYNIEQLKAMSMDELLAIMPSGARRKVLRGFTRDEEDVRAKIAEGDGVRTHSRSMIILPEMVGKNVAIYSGKEFINVEIPVEGVFHYFGEFALTRKKVTHGSAGIGATKSSKYVPLK,amplify_non_amp
length_out_of_range,MGLLFALGSVVLVSAAQLLLKWAMIQLPDISQLPQFLSSLSQFPLPTAALFLGLLAYALSMLCWLLALKRLPLSRAYPLLSLSYLLVWLAALWLPGLNEVFRWGKLAGAGLIVSGLLLICWPAAKTR,amplify_non_amp
length_out_of_range,MKDTE,amplify_non_amp
length_out_of_range,MRHGNGLRKLNRTSSHRLAMFRNMAVSLITHEAIKTTLPKAKELRRVIEPLITLGKEPTLANKRLAFARLRDRDAVVKLFAEIGPRFANRNGGYTRVLKMGFRQGDNAPMAYMELVDRPEVDASEADGAAE,amplify_non_amp
length_out_of_range,MQIFIKTLTGKTITAETEPAETVADLKQKIADKEGVPVDQQRLIFAGKQLEDSKTMADYNIQKESTLHMVLRLRGGY,amplify_non_amp
length_out_of_range,GAPMFV,amplify_non_amp
length_out_of_range,MVDDSKKVWPTGLTIAESEEIHKHVIDGARIFVAIAIVAHFLAYVYSPWLH,amplify_non_amp
length_out_of_range,MANNPSQLLPSELIDRCIGSKIWVIMKGDKELVGILKGFDVYVNMVLEDVTEYEITAEGRRVTKLDQILLNGNNIAILVPGGSPEDGE,amplify_non_amp
length_out_of_range,MKLTCMKIVAVLFLTAWTFVTADDSRNGLEYLFPKAHYEMNPEASKLNKKQDCAAGGQFCGFPKIGGPCCSGWCLGVCA,amplify_non_amp
length_out_of_range,LPLRF,amplify_non_amp
length_out_of_range,MIFPIRCFSCGNVISEVYEEYRTRLKNGENPEEILNDLEIKKYCCRRMFASHRLDNDRELFDDIVEYK,amplify_non_amp
length_out_of_range,MPKRIMQGVVVSDKMDKTIVVQVERRFKHAVYKKFIKRTKKFAAHDELNQFKIGDLVRIRECAPISRRKTWEVVLDNAE,amplify_non_amp
length_out_of_range,MKKLFLAMAVVLLSACSTFGPKDIKCEAYYMQDHVKYKANVFDRKGDMFLVSPIMAYGSFWAPVSYFTEGNTCEGVF,amplify_non_amp
length_out_of_range,AFSSWG,amplify_non_amp
length_out_of_range,MKITYPSIDKLLSRVNSRYSLSVLAAKRAHEIQAGAPLALKHYKSDKAVGEALEEIAAGKVTIDPEHREDIG,amplify_non_amp
length_out_of_range,MARRRKYEGLNPFVAAGLIKFSEEGELEKIKLSPKAAIAISLAIIAAILALNLLLPPP,amplify_non_amp
length_out_of_range,MGAYRYMQELWRKKKSETMRYLLRIRCWQYRQLTAIHRVSRPTRPEKARRLGYLSNEGYIIYRVRVLRGGR,amplify_non_amp
length_out_of_range,MAQSVNIQDQYLNQLRKNHISVTVFLTNGFQLRGLVKAFDNFTVLLETDGKQQLIFKHAISTFSPVKNVSLDKE,amplify_non_amp
length_out_of_range,ATCAGQDKPCKETCDCCGERGECVCGLSYEGKYRCICRQGTFLIAWYKLASCKK,amplify_non_amp
length_out_of_range,MAHKKGVGSSKNGRESESKRLGVKIFGGQAAIAGNIIVRQRGTAHRPGDNVYAGKDHTLHARVDGLVKFTKKKDDKSYVSIEPFEA,amplify_non_amp
length_out_of_range,GTTGT,amplify_non_amp
length_out_of_range,MKTAELRDLDIEALGKKLGESREELFKLRFQHATAQLEKTHRLREVRKDIARIMTVQTEKKRQG,amplify_non_amp
length_out_of_range,MAKAKGARIIITLECTECRTNVNKRSPGVNRYTTTKNRRNTTARLELKKFCPKCNRHTVHKEIK,amplify_non_amp
length_out_of_range,DINGGA,amplify_non_amp
length_out_of_range,MSRKCDICGKGLVAGVQYSHSHRQSKRTWLPNIRKIKAVVDGTPKTIHVCTRCLRSGKVQRAV,amplify_non_amp
length_out_of_range,AANQHLCGSHLVEALYLVCGERGFFYSPKTGIVEQCCENPCSLYQLENYCN,amplify_non_amp
length_out_of_range,MKLSVLLALGASSLAAAAPAATACDCGAAVTDRLLFSSSISTFQAARNALNPPCCDWSSDNCSSSPDKPRGYDFIPSCQRHDYGYRNGKRLNRFTEDYRKKVDDNFKADLYNYCSQFSGLESWKGVECRRYADIYYFFVRECGDGDCP,amplify_non_amp
length_out_of_range,MDPCECAKTGACNCGATCKCTNCQCTTCKKSCCSCCPSGCSKCASGCVCKGNSCGTSCCQ,amplify_non_amp
length_out_of_range,YMRF,amplify_non_amp
length_out_of_range,MAGNRSIITLECKTCKERNYTTTKNKKKTQDKLALSKFCPRCRKHVDHKETK,amplify_non_amp
length_out_of_range,MLQPKRTKYRKVHKGRNEGLSWSANAVSFGEYGLKATAHGQLTARQIEAARRSISRYVKRGGKMWIRVFPDKPITKKPIEVRMGSGKGNVEYWVAQIQPGRMIYEIEGVTEDVAREAFRLAAAKLSVTTTFVTRTVR,amplify_non_amp
length_out_of_range,MTSTTLVKCACEPCLCNVDPSKAIDRNGLYYCSEACADGHTGGSKGCGHTGCNCHG,amplify_non_amp
length_out_of_range,MSQKVQNLYEGMYVISATLSDDARHKALDRIQTGITGHGGEIKKLHEQGRRRLAYEIDGHREGYYYLVYFTAPSSAISDLWQEYHLNEDLIRFITLRTDEVMEKIEFKTLDEQQ,amplify_non_amp
length_out_of_range,MNRLTTIILMLIVINVIMDDISESKVAAGIVCKVCKIICGMQGKKVNICKAPIKCKCKKG,amplify_non_amp
length_out_of_range,MFRWAIIFAVIALLASFLGFGGVAGLSANFAYILLALAVILFIVAFVSRRM,amplify_non_amp
length_out_of_range,IAYKPE,amplify_non_amp
length_out_of_range,MPKMKTNRAAAKRFRKTASGKYKAGHANRSHILTKKATKRKRNLRQQNHVRAEDAGRLDRMLPYL,amplify_non_amp
length_out_of_range,VVPYGLGSPRSKRALENLLPTKATDRENRCQCASQKDKKCWNFCQAGKELRAKDLMEKGWNNHKKGKDCSKLGKKC,amplify_non_amp
length_out_of_range,LVNQHLCGSHLVEALYLVCGERGFFYTPKAGIVEQCCNSICSLYQLETYCN,amplify_non_amp
length_out_of_range,MNQEIFERVKKVVIDQLEVPEDSVVPEASFANDLNADSLDTVELVMALEEEFDIEIPDEEAEKIDTVGKAVEHISEKVEATA,amplify_non_amp
length_out_of_range,MSLLTEVETPTRNGWECKCSDSSDPLVIAASIIGILHLILCILDRLFFKCIYRRLKYGLKRGPSTEGVPESMREEYRQEQQSAVDVDDGHFVNIELE,amplify_non_amp
length_out_of_range,MLVISNVYPSNLFTLINPFFAKLPEAYAIFDPIVDVMPIIPVFFFLLAFVWQAAVSFR,amplify_non_amp
length_out_of_range,MNLETPSQENLNFMLTEITTKLKMVNVGVFENLELDSVDYNALVDIYQLIKRKSTFSPREMQLFAEELRRVRK,amplify_non_amp
length_out_of_range,MDNTLLSLTHEQQQQAVQQIQQLVQQGISSGEAIAIVAQQLRDTHQKSEEK,amplify_non_amp
length_out_of_range,MYIGICICVLLAALSASSTGQQTVGSMNEDPGAREIEQQNILQHPRHIRASSSAQLKPFQRIDGTSDQKAVIGAMLAKYLQTRKAGSSTGRYAVLPNRPVIDPTHRINDRDYMGWMDFGRRSAEEYEYSS,amplify_non_amp
length_out_of_range,LWSG,amplify_non_amp
length_out_of_range,MNEVISQPPCNIFRPLILSMHLSPVSILSPVLLIYLVIHSQNELVSMSWLFRSTICFGVSLFLSFFLVRILWGIAYSYNSNSMSIYFSYI,amplify_non_amp
length_out_of_range,MASGQQERSQLDRKAREGETVVPGGTGGKSLEAQENLAEGRSRGGQTRREQMGEEGYSQMGRKGGLSTNDESGGDRAAREGIDIDESKFKTKS,amplify_non_amp
length_out_of_range,MKTNPL,amplify_non_amp
length_out_of_range,MSKGKIEIIETCCRRCGKSIRTLSHTIIGADDAREKFGSICGGCITPEEDNELTEMLLAAAVRRMSGATLQ,amplify_non_amp
length_out_of_range,MPRTRKKVEVKVAPKGAKLQLKWIRSAIQAPVKHKLVIKGLGFTRLNQVIVREDSPSIRGMVAKVPHLVEIVQQ,amplify_non_amp
length_out_of_range,MEQWKCNICGYIYNPETGDPEGDIPAGTSFESLPDSWMCPVCGAGKEEFTKI,amplify_non_amp
length_out_of_range,MRVGMGYDVHKLVKDRKLIMGGVEIPYELGLLGHSDADVLLHAIMDALLGAAALGDIGKHFPDTDDRYKGISSIKLLEEVGKKIDEANYIIENIDATIIAQKPKMRPYIDDMRKNIADALKIDVDRVNVKATTEEGLGFTGSGEGISSQAICSLNSVSNYIYGAADMTNCRSDCGGCMGCQNK,amplify_non_amp
length_out_of_range,MENFILLIVGFIYGAGGVLLYSVYKEVREMKQIFEQILSQMQTKDYEETNDFM,amplify_non_amp
length_out_of_range,MALWYQAMIAKFGEQVVDAKVWAPAKRVGVHEAKTRLSELLRLVYGGQRLRLPAAASR,amplify_non_amp
length_out_of_range,MLSNPSRHISRQSATDKRRLKSIKVYLGHAEVVVFNVSRRGQRISNRLSLNIAQFGQSLYLVG,amplify_non_amp
length_out_of_range,INKDCLLPMDVGRCRARHPRYYYNSSSRRCEKFIYGGCRGNANNFITKKECEKVCGVR,amplify_non_amp
